Date,Close
2010-01-04,6.400961399078369
2010-01-05,6.412026882171631
2010-01-06,6.31003475189209
2010-01-07,6.298369407653809
2010-01-08,6.340245246887207
2010-01-11,6.284313201904297
2010-01-12,6.212827682495117
2010-01-13,6.300464630126953
2010-01-14,6.263973712921143
2010-01-15,6.1592912673950195
2010-01-19,6.431766986846924
2010-01-20,6.332765102386475
2010-01-21,6.22329568862915
2010-01-22,5.9146294593811035
2010-01-25,6.07374906539917
2010-01-26,6.159588813781738
2010-01-27,6.21761417388916
2010-01-28,5.960689544677734
2010-01-29,5.744442939758301
2010-02-01,5.824300765991211
2010-02-02,5.858100414276123
2010-02-03,5.958895683288574
2010-02-04,5.744143962860107
2010-02-05,5.84613561630249
2010-02-08,5.806057929992676
2010-02-09,5.867971897125244
2010-02-10,5.83596658706665
2010-02-11,5.942147254943848
2010-02-12,5.993290424346924
2010-02-16,6.083620548248291
2010-02-17,6.058197498321533
2010-02-18,6.06956148147583
2010-02-19,6.031874179840088
2010-02-22,5.9944891929626465
2010-02-23,5.893990516662598
2010-02-24,6.001667022705078
2010-02-25,6.041745185852051
2010-02-26,6.120105743408203
2010-03-01,6.2508158683776855
2010-03-02,6.2466278076171875
2010-03-03,6.260982036590576
2010-03-04,6.302258491516113
2010-03-05,6.548712730407715
2010-03-08,6.552602767944336
2010-03-09,6.670446395874023
2010-03-10,6.724881172180176
2010-03-11,6.744621276855469
2010-03-12,6.777523517608643
2010-03-15,6.694972515106201
2010-03-16,6.713217735290527
2010-03-17,6.703345775604248
2010-03-18,6.719198226928711
2010-03-19,6.647415637969971
2010-03-22,6.722188949584961
2010-03-23,6.830163955688477
2010-03-24,6.8603715896606445
2010-03-25,6.779017448425293
2010-03-26,6.9061360359191895
2010-03-29,6.950699806213379
2010-03-30,7.054186820983887
2010-03-31,7.028762340545654
2010-04-01,7.057775020599365
2010-04-05,7.133146286010742
2010-04-06,7.164550304412842
2010-04-07,7.196254730224609
2010-04-08,7.176816940307617
2010-04-09,7.231848239898682
2010-04-12,7.246804714202881
2010-04-13,7.250993251800537
2010-04-14,7.3484954833984375
2010-04-15,7.445105075836182
2010-04-16,7.3996453285217285
2010-04-19,7.389774799346924
2010-04-20,7.315598964691162
2010-04-21,7.753172874450684
2010-04-22,7.970017910003662
2010-04-23,8.100422859191895
2010-04-26,8.060646057128906
2010-04-27,7.837522506713867
2010-04-28,7.824360370635986
2010-04-29,8.034923553466797
2010-04-30,7.809109210968018
2010-05-03,7.966427803039551
2010-05-04,7.7370219230651855
2010-05-05,7.6565656661987305
2010-05-06,7.365246772766113
2010-05-07,7.054484844207764
2010-05-10,7.596746444702148
2010-05-11,7.672420501708984
2010-05-12,7.839015960693359
2010-05-13,7.72745418548584
2010-05-14,7.591663837432861
2010-05-17,7.603626251220703
2010-05-18,7.547995090484619
2010-05-19,7.427757740020752
2010-05-20,7.111313819885254
2010-05-21,7.2477006912231445
2010-05-24,7.380499839782715
2010-05-25,7.334440231323242
2010-05-26,7.301237106323242
2010-05-27,7.577603816986084
2010-05-28,7.683187484741211
2010-06-01,7.801327228546143
2010-06-02,7.894647121429443
2010-06-03,7.869824409484863
2010-06-04,7.655666351318359
2010-06-07,7.505519390106201
2010-06-08,7.457367897033691
2010-06-09,7.274021148681641
2010-06-10,7.49266242980957
2010-06-11,7.582391738891602
2010-06-14,7.605419158935547
2010-06-15,7.7672295570373535
2010-06-16,7.993350028991699
2010-06-17,8.131529808044434
2010-06-18,8.197334289550781
2010-06-21,8.08068561553955
2010-06-22,8.190751075744629
2010-06-23,8.10461139678955
2010-06-24,8.045689582824707
2010-06-25,7.976897239685059
2010-06-28,8.024751663208008
2010-06-29,7.661951065063477
2010-06-30,7.523169040679932
2010-07-01,7.431948661804199
2010-07-02,7.385883331298828
2010-07-06,7.436432361602783
2010-07-07,7.736728668212891
2010-07-08,7.719374656677246
2010-07-09,7.76513671875
2010-07-12,7.6954498291015625
2010-07-13,7.531243324279785
2010-07-14,7.55905818939209
2010-07-15,7.5207743644714355
2010-07-16,7.474415302276611
2010-07-19,7.3452067375183105
2010-07-20,7.533937931060791
2010-07-21,7.604223251342773
2010-07-22,7.747189998626709
2010-07-23,7.774708271026611
2010-07-26,7.754969596862793
2010-07-27,7.898537635803223
2010-07-28,7.805217266082764
2010-07-29,7.719974040985107
2010-07-30,7.694254398345947
2010-08-02,7.8318352699279785
2010-08-03,7.834232330322266
2010-08-04,7.865634918212891
2010-08-05,7.82735013961792
2010-08-06,7.779193878173828
2010-08-09,7.82884407043457
2010-08-10,7.758859634399414
2010-08-11,7.483088493347168
2010-08-12,7.530946731567383
2010-08-13,7.4504923820495605
2010-08-16,7.406821250915527
2010-08-17,7.536330699920654
2010-08-18,7.569226264953613
2010-08-19,7.473818778991699
2010-08-20,7.466641426086426
2010-08-23,7.351788520812988
2010-08-24,7.176217555999756
2010-08-25,7.264751434326172
2010-08-26,7.186685562133789
2010-08-27,7.226762771606445
2010-08-30,7.253084659576416
2010-08-31,7.271032810211182
2010-09-01,7.487281322479248
2010-09-02,7.542309284210205
2010-09-03,7.7397141456604
2010-09-07,7.710999965667725
2010-09-08,7.863840103149414
2010-09-09,7.868325710296631
2010-09-10,7.878497123718262
2010-09-13,7.987067222595215
2010-09-14,8.017578125
2010-09-15,8.082180976867676
2010-09-16,8.272107124328613
2010-09-17,8.23621654510498
2010-09-20,8.471302032470703
2010-09-21,8.487456321716309
2010-09-22,8.60649299621582
2010-09-23,8.641489028930664
2010-09-24,8.743182182312012
2010-09-27,8.708491325378418
2010-09-28,8.579874038696289
2010-09-29,8.595128059387207
2010-09-30,8.486856460571289
2010-10-01,8.450069427490234
2010-10-04,8.33401870727539
2010-10-05,8.64208984375
2010-10-06,8.649565696716309
2010-10-07,8.650465965270996
2010-10-08,8.795528411865234
2010-10-11,8.834105491638184
2010-10-12,8.929221153259277
2010-10-13,8.97707462310791
2010-10-14,9.041982650756836
2010-10-15,9.413758277893066
2010-10-18,9.511262893676758
2010-10-19,9.256733894348145
2010-10-20,9.287837982177734
2010-10-21,9.257628440856934
2010-10-22,9.196310997009277
2010-10-25,9.237292289733887
2010-10-26,9.213661193847656
2010-10-27,9.207080841064453
2010-10-28,9.129613876342773
2010-10-29,9.00220012664795
2010-11-01,9.097907066345215
2010-11-02,9.252840995788574
2010-11-03,9.35573673248291
2010-11-04,9.519342422485352
2010-11-05,9.485241889953613
2010-11-08,9.529805183410645
2010-11-09,9.453838348388672
2010-11-10,9.512160301208496
2010-11-11,9.47088623046875
2010-11-12,9.213064193725586
2010-11-15,9.183451652526855
2010-11-16,9.0204496383667
2010-11-17,8.987845420837402
2010-11-18,9.225027084350586
2010-11-19,9.17418098449707
2010-11-22,9.372482299804688
2010-11-23,9.234001159667969
2010-11-24,9.415553092956543
2010-11-26,9.421536445617676
2010-11-29,9.477461814880371
2010-11-30,9.306379318237305
2010-12-01,9.463407516479492
2010-12-02,9.5157470703125
2010-12-03,9.494515419006348
2010-12-06,9.575570106506348
2010-12-07,9.517544746398926
2010-12-08,9.601287841796875
2010-12-09,9.56390380859375
2010-12-10,9.58782958984375
2010-12-13,9.621028900146484
2010-12-14,9.579753875732422
2010-12-15,9.581849098205566
2010-12-16,9.608467102050781
2010-12-17,9.589325904846191
2010-12-20,9.637182235717773
2010-12-21,9.69670581817627
2010-12-22,9.725414276123047
2010-12-23,9.678760528564453
2010-12-27,9.711055755615234
2010-12-28,9.734686851501465
2010-12-29,9.729304313659668
2010-12-30,9.680554389953613
2010-12-31,9.647648811340332
2011-01-03,9.857315063476562
2011-01-04,9.908761024475098
2011-01-05,9.989813804626465
2011-01-06,9.98173999786377
2011-01-07,10.053224563598633
2011-01-10,10.242551803588867
2011-01-11,10.218324661254883
2011-01-12,10.301469802856445
2011-01-13,10.339160919189453
2011-01-14,10.422907829284668
2011-01-18,10.188716888427734
2011-01-19,10.134581565856934
2011-01-20,9.950337409973145
2011-01-21,9.772074699401855
2011-01-24,10.093006134033203
2011-01-25,10.21114730834961
2011-01-26,10.28442668914795
2011-01-27,10.26528263092041
2011-01-28,10.052626609802246
2011-01-31,10.148940086364746
2011-02-01,10.319718360900879
2011-02-02,10.298481941223145
2011-02-03,10.272162437438965
2011-02-04,10.363687515258789
2011-02-07,10.524601936340332
2011-02-08,10.623897552490234
2011-02-09,10.712434768676758
2011-02-10,10.60416316986084
2011-02-11,10.673251152038574
2011-02-14,10.742940902709961
2011-02-15,10.764474868774414
2011-02-16,10.861084938049316
2011-02-17,10.716623306274414
2011-02-18,10.48512077331543
2011-02-22,10.12769603729248
2011-02-23,10.247639656066895
2011-02-24,10.255414009094238
2011-02-25,10.413335800170898
2011-02-28,10.564380645751953
2011-03-01,10.447732925415039
2011-03-02,10.531777381896973
2011-03-03,10.754305839538574
2011-03-04,10.767467498779297
2011-03-07,10.628686904907227
2011-03-08,10.64064884185791
2011-03-09,10.54224681854248
2011-03-10,10.368770599365234
2011-03-11,10.5278902053833
2011-03-14,10.574846267700195
2011-03-15,10.331686019897461
2011-03-16,9.870477676391602
2011-03-17,10.008955955505371
2011-03-18,9.890215873718262
2011-03-21,10.148337364196777
2011-03-22,10.205162048339844
2011-03-23,10.145045280456543
2011-03-24,10.317927360534668
2011-03-25,10.514433860778809
2011-03-28,10.481528282165527
2011-03-29,10.497085571289062
2011-03-30,10.42739200592041
2011-03-31,10.423808097839355
2011-04-01,10.3056640625
2011-04-04,10.204867362976074
2011-04-05,10.13607406616211
2011-04-06,10.110651016235352
2011-04-07,10.111847877502441
2011-04-08,10.021519660949707
2011-04-11,9.894108772277832
2011-04-12,9.941965103149414
2011-04-13,10.0535249710083
2011-04-14,9.942560195922852
2011-04-15,9.794207572937012
2011-04-18,9.92551326751709
2011-04-19,10.105265617370605
2011-04-20,10.241353988647461
2011-04-21,10.48930835723877
2011-04-25,10.55840015411377
2011-04-26,10.480932235717773
2011-04-27,10.472858428955078
2011-04-28,10.371167182922363
2011-04-29,10.47225570678711
2011-05-02,10.35710620880127
2011-05-03,10.414533615112305
2011-05-04,10.455510139465332
2011-05-05,10.371167182922363
2011-05-06,10.368473052978516
2011-05-09,10.396588325500488
2011-05-10,10.451919555664062
2011-05-11,10.38552188873291
2011-05-12,10.365776062011719
2011-05-13,10.184226989746094
2011-05-16,9.968880653381348
2011-05-17,10.053824424743652
2011-05-18,10.16538143157959
2011-05-19,10.185129165649414
2011-05-20,10.0263090133667
2011-05-23,10.00178050994873
2011-05-24,9.93568229675293
2011-05-25,10.072965621948242
2011-05-26,10.019725799560547
2011-05-27,10.09181022644043
2011-05-31,10.403465270996094
2011-06-01,10.334077835083008
2011-06-02,10.351719856262207
2011-06-03,10.272162437438965
2011-06-06,10.110651016235352
2011-06-07,9.931196212768555
2011-06-08,9.937175750732422
2011-06-09,9.914746284484863
2011-06-10,9.747549057006836
2011-06-13,9.768482208251953
2011-06-14,9.943158149719238
2011-06-15,9.772972106933594
2011-06-16,9.725414276123047
2011-06-17,9.578859329223633
2011-06-20,9.431109428405762
2011-06-21,9.729602813720703
2011-06-22,9.64914608001709
2011-06-23,9.906966209411621
2011-06-24,9.761009216308594
2011-06-27,9.931196212768555
2011-06-28,10.02750015258789
2011-06-29,9.991011619567871
2011-06-30,10.039767265319824
2011-07-01,10.266779899597168
2011-07-05,10.451322555541992
2011-07-06,10.521011352539062
2011-07-07,10.68371868133545
2011-07-08,10.758790016174316
2011-07-11,10.588008880615234
2011-07-12,10.580533027648926
2011-07-13,10.708248138427734
2011-07-14,10.700767517089844
2011-07-15,10.914623260498047
2011-07-18,11.180217742919922
2011-07-19,11.271446228027344
2011-07-20,11.572036743164062
2011-07-21,11.58370304107666
2011-07-22,11.763457298278809
2011-07-25,11.918990135192871
2011-07-26,12.06584644317627
2011-07-27,11.742223739624023
2011-07-28,11.719191551208496
2011-07-29,11.67911148071289
2011-08-01,11.866644859313965
2011-08-02,11.632153511047363
2011-08-03,11.741622924804688
2011-08-04,11.286999702453613
2011-08-05,11.174837112426758
2011-08-08,10.564380645751953
2011-08-09,11.18649959564209
2011-08-10,10.877835273742676
2011-08-11,11.177228927612305
2011-08-12,11.275630950927734
2011-08-15,11.467650413513184
2011-08-16,11.380009651184082
2011-08-17,11.37882137298584
2011-08-18,10.948419570922852
2011-08-19,10.648726463317871
2011-08-22,10.660984992980957
2011-08-23,11.174237251281738
2011-08-24,11.251402854919434
2011-08-25,11.177824020385742
2011-08-26,11.472738265991211
2011-08-29,11.663859367370605
2011-08-30,11.664456367492676
2011-08-31,11.510126113891602
2011-09-01,11.396467208862305
2011-09-02,11.18769645690918
2011-09-06,11.357884407043457
2011-09-07,11.483206748962402
2011-09-08,11.489482879638672
2011-09-09,11.290287971496582
2011-09-12,11.363865852355957
2011-09-13,11.503841400146484
2011-09-14,11.64382266998291
2011-09-15,11.753290176391602
2011-09-16,11.978808403015137
2011-09-19,12.311700820922852
2011-09-20,12.366135597229004
2011-09-21,12.326959609985352
2011-09-22,12.018290519714355
2011-09-23,12.092463493347168
2011-09-26,12.058666229248047
2011-09-27,11.941720008850098
2011-09-28,11.874425888061523
2011-09-29,11.681807518005371
2011-09-30,11.405137062072754
2011-10-03,11.204145431518555
2011-10-04,11.141335487365723
2011-10-05,11.313315391540527
2011-10-06,11.286999702453613
2011-10-07,11.060580253601074
2011-10-10,11.629165649414062
2011-10-11,11.972526550292969
2011-10-12,12.029356002807617
2011-10-13,12.21599292755127
2011-10-14,12.621862411499023
2011-10-17,12.56174373626709
2011-10-18,12.629044532775879
2011-10-19,11.922581672668457
2011-10-20,11.823576927185059
2011-10-21,11.750596046447754
2011-10-24,12.136429786682129
2011-10-25,11.89715576171875
2011-10-26,11.98180103302002
2011-10-27,12.10412883758545
2011-10-28,12.111903190612793
2011-10-31,12.106821060180664
2011-11-01,11.859467506408691
2011-11-02,11.886384963989258
2011-11-03,12.055673599243164
2011-11-04,11.971033096313477
2011-11-07,11.955779075622559
2011-11-08,12.150190353393555
2011-11-09,11.82267951965332
2011-11-10,11.521787643432617
2011-11-11,11.503841400146484
2011-11-14,11.343525886535645
2011-11-15,11.62976360321045
2011-11-16,11.508325576782227
2011-11-17,11.28819751739502
2011-11-18,11.214315414428711
2011-11-21,11.036952018737793
2011-11-22,11.261277198791504
2011-11-23,10.97653865814209
2011-11-25,10.874241828918457
2011-11-28,11.24960708618164
2011-11-29,11.162276268005371
2011-11-30,11.4314603805542
2011-12-01,11.602843284606934
2011-12-02,11.655783653259277
2011-12-05,11.754788398742676
2011-12-06,11.693169593811035
2011-12-07,11.637541770935059
2011-12-08,11.684492111206055
2011-12-09,11.773028373718262
2011-12-12,11.719788551330566
2011-12-13,11.629165649414062
2011-12-14,11.371339797973633
2011-12-15,11.333956718444824
2011-12-16,11.396166801452637
2011-12-19,11.431760787963867
2011-12-20,11.842717170715332
2011-12-21,11.857675552368164
2011-12-22,11.920482635498047
2011-12-23,12.063448905944824
2011-12-27,12.159162521362305
2011-12-28,12.042811393737793
2011-12-29,12.116988182067871
2011-12-30,12.113399505615234
2012-01-03,12.299738883972168
2012-01-04,12.365839958190918
2012-01-05,12.503122329711914
2012-01-06,12.633827209472656
2012-01-09,12.613788604736328
2012-01-10,12.658952713012695
2012-01-11,12.638314247131348
2012-01-12,12.603620529174805
2012-01-13,12.556363105773926
2012-01-17,12.702617645263672
2012-01-18,12.834521293640137
2012-01-19,12.793841361999512
2012-01-20,12.57102108001709
2012-01-23,12.783679008483887
2012-01-24,12.574305534362793
2012-01-25,13.359436988830566
2012-01-26,13.298720359802246
2012-01-27,13.377981185913086
2012-01-30,13.549360275268555
2012-01-31,13.653145790100098
2012-02-01,13.644476890563965
2012-02-02,13.612472534179688
2012-02-03,13.748860359191895
2012-02-06,13.877168655395508
2012-02-07,14.022531509399414
2012-02-08,14.25732135772705
2012-02-09,14.75053596496582
2012-02-10,14.758011817932129
2012-02-13,15.032581329345703
2012-02-14,15.23775577545166
2012-02-15,14.885128021240234
2012-02-16,15.020913124084473
2012-02-17,15.018219947814941
2012-02-21,15.398974418640137
2012-02-22,15.344839096069336
2012-02-23,15.445034980773926
2012-02-24,15.625086784362793
2012-02-27,15.72529125213623
2012-02-28,16.0139102935791
2012-02-29,16.224184036254883
2012-03-01,16.284894943237305
2012-03-02,16.306137084960938
2012-03-05,15.946619987487793
2012-03-06,15.859879493713379
2012-03-07,15.872739791870117
2012-03-08,16.210725784301758
2012-03-09,16.30583381652832
2012-03-12,16.510114669799805
2012-03-13,16.991666793823242
2012-03-14,17.634119033813477
2012-03-15,17.513885498046875
2012-03-16,17.514183044433594
2012-03-19,17.978681564331055
2012-03-20,18.12404441833496
2012-03-21,18.020544052124023
2012-03-22,17.926040649414062
2012-03-23,17.827638626098633
2012-03-26,18.1545467376709
2012-03-27,18.37887191772461
2012-03-28,18.4727840423584
2012-03-29,18.24069595336914
2012-03-30,17.932313919067383
2012-04-02,18.50299644470215
2012-04-03,18.822721481323242
2012-04-04,18.672880172729492
2012-04-05,18.95313835144043
2012-04-09,19.029407501220703
2012-04-10,18.796411514282227
2012-04-11,18.72941017150879
2012-04-12,18.62682342529297
2012-04-13,18.10219955444336
2012-04-16,17.351478576660156
2012-04-17,18.235902786254883
2012-04-18,18.19522476196289
2012-04-19,17.570117950439453
2012-04-20,17.137622833251953
2012-04-23,17.09933853149414
2012-04-24,16.757768630981445
2012-04-25,18.2448787689209
2012-04-26,18.17608070373535
2012-04-27,18.035511016845703
2012-04-30,17.466623306274414
2012-05-01,17.411293029785156
2012-05-02,17.526443481445312
2012-05-03,17.402023315429688
2012-05-04,16.90641975402832
2012-05-07,17.03293800354004
2012-05-08,16.994056701660156
2012-05-09,17.02396011352539
2012-05-10,17.064044952392578
2012-05-11,16.95008659362793
2012-05-14,16.69615936279297
2012-05-15,16.545114517211914
2012-05-16,16.33304786682129
2012-05-17,15.85569953918457
2012-05-18,15.863468170166016
2012-05-21,16.787673950195312
2012-05-22,16.658769607543945
2012-05-23,17.06523895263672
2012-05-24,16.908512115478516
2012-05-25,16.817880630493164
2012-05-29,17.116384506225586
2012-05-30,17.32276153564453
2012-05-31,17.279695510864258
2012-06-01,16.77900505065918
2012-06-04,16.877704620361328
2012-06-05,16.83403968811035
2012-06-06,17.092164993286133
2012-06-07,17.09993553161621
2012-06-08,17.357160568237305
2012-06-11,17.083480834960938
2012-06-12,17.23273277282715
2012-06-13,17.11309242248535
2012-06-14,17.094255447387695
2012-06-15,17.172016143798828
2012-06-18,17.520463943481445
2012-06-19,17.569211959838867
2012-06-20,17.519268035888672
2012-06-21,17.27789878845215
2012-06-22,17.410390853881836
2012-06-25,17.071516036987305
2012-06-26,17.109201431274414
2012-06-27,17.183080673217773
2012-06-28,17.020078659057617
2012-06-29,17.46722412109375
2012-07-02,17.722055435180664
2012-07-03,17.928129196166992
2012-07-05,18.243074417114258
2012-07-06,18.12165069580078
2012-07-09,18.361221313476562
2012-07-10,18.19133949279785
2012-07-11,18.078277587890625
2012-07-12,17.912864685058594
2012-07-13,18.094430923461914
2012-07-16,18.152450561523438
2012-07-17,18.15334701538086
2012-07-18,18.133007049560547
2012-07-19,18.374086380004883
2012-07-20,18.07438850402832
2012-07-23,18.060327529907227
2012-07-24,17.97330093383789
2012-07-25,17.1971435546875
2012-07-26,17.19445037841797
2012-07-27,17.50191879272461
2012-07-30,17.7971248626709
2012-07-31,18.267602920532227
2012-08-01,18.149465560913086
2012-08-02,18.178773880004883
2012-08-03,18.41534996032715
2012-08-06,18.620241165161133
2012-08-07,18.571191787719727
2012-08-08,18.539777755737305
2012-08-09,18.64551544189453
2012-08-10,18.674657821655273
2012-08-13,18.92397117614746
2012-08-14,18.9747314453125
2012-08-15,18.948896408081055
2012-08-16,19.114410400390625
2012-08-17,19.467945098876953
2012-08-20,19.979808807373047
2012-08-21,19.706768035888672
2012-08-22,20.09154510498047
2012-08-23,19.904111862182617
2012-08-24,19.92184066772461
2012-08-27,20.29610824584961
2012-08-28,20.269676208496094
2012-08-29,20.229721069335938
2012-08-30,19.941356658935547
2012-08-31,19.982505798339844
2012-09-04,20.274776458740234
2012-09-05,20.132396697998047
2012-09-06,20.31382942199707
2012-09-07,20.439090728759766
2012-09-10,19.907421112060547
2012-09-11,19.84283447265625
2012-09-12,20.119184494018555
2012-09-13,20.515382766723633
2012-09-14,20.76470375061035
2012-09-17,21.02003288269043
2012-09-18,21.08399772644043
2012-09-19,21.089710235595703
2012-09-20,20.987581253051758
2012-09-21,21.029335021972656
2012-09-24,20.74998664855957
2012-09-25,20.231834411621094
2012-09-26,19.980710983276367
2012-09-27,20.46551513671875
2012-09-28,20.03838348388672
2012-10-01,19.806791305541992
2012-10-02,19.864463806152344
2012-10-03,20.169042587280273
2012-10-04,20.029369354248047
2012-10-05,19.602527618408203
2012-10-08,19.16938591003418
2012-10-09,19.099695205688477
2012-10-10,19.251689910888672
2012-10-11,18.86689567565918
2012-10-12,18.915258407592773
2012-10-15,19.06694793701172
2012-10-16,19.518430709838867
2012-10-17,19.362825393676758
2012-10-18,19.003267288208008
2012-10-19,18.318401336669922
2012-10-22,19.04502296447754
2012-10-23,18.424135208129883
2012-10-24,18.528366088867188
2012-10-25,18.30939483642578
2012-10-26,18.142980575561523
2012-10-31,17.88224983215332
2012-11-01,17.91889762878418
2012-11-02,17.325946807861328
2012-11-05,17.56084632873535
2012-11-06,17.50768280029297
2012-11-07,16.837785720825195
2012-11-08,16.226736068725586
2012-11-09,16.507671356201172
2012-11-12,16.380029678344727
2012-11-13,16.382137298583984
2012-11-14,16.20047950744629
2012-11-15,15.86070728302002
2012-11-16,15.922877311706543
2012-11-19,17.071041107177734
2012-11-20,16.92559051513672
2012-11-21,16.949434280395508
2012-11-23,17.24515151977539
2012-11-26,17.789209365844727
2012-11-27,17.64588737487793
2012-11-28,17.590360641479492
2012-11-29,17.784088134765625
2012-11-30,17.660966873168945
2012-12-03,17.688425064086914
2012-12-04,17.376413345336914
2012-12-05,16.258119583129883
2012-12-06,16.513099670410156
2012-12-07,16.09095001220703
2012-12-10,15.987454414367676
2012-12-11,16.336576461791992
2012-12-12,16.264453887939453
2012-12-13,15.983529090881348
2012-12-14,15.383035659790039
2012-12-17,15.655823707580566
2012-12-18,16.11056137084961
2012-12-19,15.881525039672852
2012-12-20,15.743334770202637
2012-12-21,15.670912742614746
2012-12-24,15.69625186920166
2012-12-26,15.479902267456055
2012-12-27,15.54206371307373
2012-12-28,15.3770112991333
2012-12-31,16.0583553314209
2013-01-02,16.56711769104004
2013-01-03,16.357999801635742
2013-01-04,15.902361869812012
2013-01-07,15.808812141418457
2013-01-08,15.851357460021973
2013-01-09,15.603618621826172
2013-01-10,15.797039985656738
2013-01-11,15.700178146362305
2013-01-14,15.14043140411377
2013-01-15,14.662750244140625
2013-01-16,15.271382331848145
2013-01-17,15.16849136352539
2013-01-18,15.087623596191406
2013-01-22,15.231557846069336
2013-01-23,15.510379791259766
2013-01-24,13.593945503234863
2013-01-25,13.273488998413086
2013-01-28,13.573732376098633
2013-01-29,13.828407287597656
2013-01-30,13.784953117370605
2013-01-31,13.744522094726562
2013-02-01,13.688095092773438
2013-02-04,13.34711742401123
2013-02-05,13.815433502197266
2013-02-06,13.800649642944336
2013-02-07,14.210993766784668
2013-02-08,14.416165351867676
2013-02-11,14.56640625
2013-02-12,14.201284408569336
2013-02-13,14.17426872253418
2013-02-14,14.161520957946777
2013-02-15,13.966365814208984
2013-02-19,13.961203575134277
2013-02-20,13.62309455871582
2013-02-21,13.538415908813477
2013-02-22,13.682581901550293
2013-02-25,13.439470291137695
2013-02-26,13.626740455627441
2013-02-27,13.493189811706543
2013-02-28,13.396981239318848
2013-03-01,13.065237998962402
2013-03-04,12.748981475830078
2013-03-05,13.085575103759766
2013-03-06,12.919252395629883
2013-03-07,13.06857967376709
2013-03-08,13.103178024291992
2013-03-11,13.289836883544922
2013-03-12,13.003327369689941
2013-03-13,13.000899314880371
2013-03-14,13.126856803894043
2013-03-15,13.46557331085205
2013-03-18,13.831605911254883
2013-03-19,13.794272422790527
2013-03-20,13.721124649047852
2013-03-21,13.74085521697998
2013-03-22,14.019476890563965
2013-03-25,14.070165634155273
2013-03-26,13.996109962463379
2013-03-27,13.721124649047852
2013-03-28,13.435221672058105
2013-04-01,13.01789379119873
2013-04-02,13.044600486755371
2013-04-03,13.11137580871582
2013-04-04,12.981772422790527
2013-04-05,12.844589233398438
2013-04-08,12.935946464538574
2013-04-09,12.959319114685059
2013-04-10,13.223673820495605
2013-04-11,13.182398796081543
2013-04-12,13.044904708862305
2013-04-15,12.742911338806152
2013-04-16,12.936859130859375
2013-04-17,12.225425720214844
2013-04-18,11.899150848388672
2013-04-19,11.853015899658203
2013-04-22,12.10007381439209
2013-04-23,12.326494216918945
2013-04-24,12.306159973144531
2013-04-25,12.394784927368164
2013-04-26,12.662483215332031
2013-04-29,13.054620742797852
2013-04-30,13.438862800598145
2013-05-01,13.332940101623535
2013-05-02,13.522027015686035
2013-05-03,13.657391548156738
2013-05-06,13.983061790466309
2013-05-07,13.920836448669434
2013-05-08,14.0780611038208
2013-05-09,13.955238342285156
2013-05-10,13.839141845703125
2013-05-13,13.893217086791992
2013-05-14,13.560812950134277
2013-05-15,13.102226257324219
2013-05-16,13.277292251586914
2013-05-17,13.236964225769043
2013-05-20,13.532398223876953
2013-05-21,13.4324951171875
2013-05-22,13.484128952026367
2013-05-23,13.508260726928711
2013-05-24,13.600225448608398
2013-05-28,13.486873626708984
2013-05-29,13.594115257263184
2013-05-30,13.796672821044922
2013-05-31,13.740156173706055
2013-06-03,13.770403861999512
2013-06-04,13.72732162475586
2013-06-05,13.599004745483398
2013-06-06,13.395833015441895
2013-06-07,13.49818229675293
2013-06-10,13.408970832824707
2013-06-11,13.36955451965332
2013-06-12,13.204269409179688
2013-06-13,13.319453239440918
2013-06-14,13.13888931274414
2013-06-17,13.198467254638672
2013-06-18,13.19144058227539
2013-06-19,12.923495292663574
2013-06-20,12.735299110412598
2013-06-21,12.633251190185547
2013-06-24,12.298402786254883
2013-06-25,12.301152229309082
2013-06-26,12.161833763122559
2013-06-27,12.030767440795898
2013-06-28,12.11478328704834
2013-07-01,12.502490043640137
2013-07-02,12.785709381103516
2013-07-03,12.856283187866211
2013-07-05,12.753016471862793
2013-07-08,12.680607795715332
2013-07-09,12.903640747070312
2013-07-10,12.854144096374512
2013-07-11,13.0545654296875
2013-07-12,13.030735969543457
2013-07-15,13.059148788452148
2013-07-16,13.143472671508789
2013-07-17,13.146835327148438
2013-07-18,13.19112777709961
2013-07-19,12.983073234558105
2013-07-22,13.024621963500977
2013-07-23,12.800986289978027
2013-07-24,13.45846176147461
2013-07-25,13.397052764892578
2013-07-26,13.473129272460938
2013-07-29,13.680886268615723
2013-07-30,13.849833488464355
2013-07-31,13.82569694519043
2013-08-01,13.95248794555664
2013-08-02,14.131525039672852
2013-08-05,14.34263801574707
2013-08-06,14.21431827545166
2013-08-07,14.206069946289062
2013-08-08,14.177780151367188
2013-08-09,13.976031303405762
2013-08-12,14.373059272766113
2013-08-13,15.056105613708496
2013-08-14,15.330735206604004
2013-08-15,15.312583923339844
2013-08-16,15.44852352142334
2013-08-19,15.614899635314941
2013-08-20,15.409771919250488
2013-08-21,15.449440956115723
2013-08-22,15.46789836883545
2013-08-23,15.408235549926758
2013-08-26,15.468204498291016
2013-08-27,15.02596664428711
2013-08-28,15.097009658813477
2013-08-29,15.12160873413086
2013-08-30,14.983835220336914
2013-09-03,15.025650024414062
2013-09-04,15.336579322814941
2013-09-05,15.231398582458496
2013-09-06,15.322123527526855
2013-09-09,15.566617965698242
2013-09-10,15.212023735046387
2013-09-11,14.38382625579834
2013-09-12,14.53697681427002
2013-09-13,14.297408103942871
2013-09-16,13.84286880493164
2013-09-17,14.002792358398438
2013-09-18,14.29064655303955
2013-09-19,14.524986267089844
2013-09-20,14.374601364135742
2013-09-23,15.089009284973145
2013-09-24,15.041654586791992
2013-09-25,14.808850288391113
2013-09-26,14.95307731628418
2013-09-27,14.846366882324219
2013-09-30,14.661843299865723
2013-10-01,15.006590843200684
2013-10-02,15.055797576904297
2013-10-03,14.86666202545166
2013-10-04,14.854979515075684
2013-10-07,15.000139236450195
2013-10-08,14.790702819824219
2013-10-09,14.964457511901855
2013-10-10,15.058258056640625
2013-10-11,15.155745506286621
2013-10-14,15.255080223083496
2013-10-15,15.336268424987793
2013-10-16,15.411001205444336
2013-10-17,15.5152587890625
2013-10-18,15.650264739990234
2013-10-21,16.033761978149414
2013-10-22,15.987943649291992
2013-10-23,16.144472122192383
2013-10-24,16.358213424682617
2013-10-25,16.17523765563965
2013-10-28,16.29578971862793
2013-10-29,15.889836311340332
2013-10-30,16.14263153076172
2013-10-31,16.074974060058594
2013-11-01,15.992863655090332
2013-11-04,16.199522018432617
2013-11-05,16.1595516204834
2013-11-06,16.113767623901367
2013-11-07,15.852999687194824
2013-11-08,16.102630615234375
2013-11-11,16.05592155456543
2013-11-12,16.085617065429688
2013-11-13,16.104806900024414
2013-11-14,16.33772850036621
2013-11-15,16.239667892456055
2013-11-18,16.042930603027344
2013-11-19,16.071386337280273
2013-11-20,15.930643081665039
2013-11-21,16.120574951171875
2013-11-22,16.079120635986328
2013-11-25,16.20099639892578
2013-11-26,16.499813079833984
2013-11-27,16.888336181640625
2013-11-29,17.201078414916992
2013-12-02,17.051359176635742
2013-12-03,17.518144607543945
2013-12-04,17.477306365966797
2013-12-05,17.5670108795166
2013-12-06,17.323259353637695
2013-12-09,17.521541595458984
2013-12-10,17.494321823120117
2013-12-11,17.364707946777344
2013-12-12,17.339344024658203
2013-12-13,17.15033531188965
2013-12-16,17.24530792236328
2013-12-17,17.167661666870117
2013-12-18,17.037126541137695
2013-12-19,16.841934204101562
2013-12-20,16.98299217224121
2013-12-23,17.63475227355957
2013-12-24,17.559894561767578
2013-12-26,17.44327735900879
2013-12-27,17.32541847229004
2013-12-30,17.153125762939453
2013-12-31,17.354188919067383
2014-01-02,17.110126495361328
2014-01-03,16.73428726196289
2014-01-06,16.825542449951172
2014-01-07,16.705217361450195
2014-01-08,16.811006546020508
2014-01-09,16.59632682800293
2014-01-10,16.485584259033203
2014-01-13,16.571887969970703
2014-01-14,16.901636123657227
2014-01-15,17.240982055664062
2014-01-16,17.144775390625
2014-01-17,16.724700927734375
2014-01-21,16.984539031982422
2014-01-22,17.06001091003418
2014-01-23,17.204477310180664
2014-01-24,16.891738891601562
2014-01-27,17.02877426147461
2014-01-28,15.667706489562988
2014-01-29,15.489843368530273
2014-01-30,15.45983600616455
2014-01-31,15.485204696655273
2014-02-03,15.513968467712402
2014-02-04,15.738542556762695
2014-02-05,15.85608959197998
2014-02-06,15.94851303100586
2014-02-07,16.171634674072266
2014-02-10,16.46135139465332
2014-02-11,16.67824935913086
2014-02-12,16.676998138427734
2014-02-13,16.941822052001953
2014-02-14,16.928129196166992
2014-02-18,16.9903621673584
2014-02-19,16.722126007080078
2014-02-20,16.528564453125
2014-02-21,16.34496307373047
2014-02-24,16.416540145874023
2014-02-25,16.245698928833008
2014-02-26,16.0991268157959
2014-02-27,16.42027473449707
2014-02-28,16.375778198242188
2014-03-03,16.42306900024414
2014-03-04,16.53136444091797
2014-03-05,16.566213607788086
2014-03-06,16.516111373901367
2014-03-07,16.506467819213867
2014-03-10,16.521400451660156
2014-03-11,16.682292938232422
2014-03-12,16.69847297668457
2014-03-13,16.51300048828125
2014-03-14,16.327543258666992
2014-03-17,16.391326904296875
2014-03-18,16.536346435546875
2014-03-19,16.531986236572266
2014-03-20,16.452322006225586
2014-03-21,16.58208465576172
2014-03-24,16.778757095336914
2014-03-25,16.95924186706543
2014-03-26,16.7971134185791
2014-03-27,16.724918365478516
2014-03-28,16.706249237060547
2014-03-31,16.702512741088867
2014-04-01,16.855300903320312
2014-04-02,16.8833065032959
2014-04-03,16.766305923461914
2014-04-04,16.549407958984375
2014-04-07,16.28957748413086
2014-04-08,16.28864097595215
2014-04-09,16.502735137939453
2014-04-10,16.289884567260742
2014-04-11,16.169452667236328
2014-04-14,16.233863830566406
2014-04-15,16.11811065673828
2014-04-16,16.150781631469727
2014-04-17,16.33531951904297
2014-04-21,16.52918815612793
2014-04-22,16.54568099975586
2014-04-23,16.329404830932617
2014-04-24,17.66812515258789
2014-04-25,17.797887802124023
2014-04-28,18.487163543701172
2014-04-29,18.432392120361328
2014-04-30,18.362680435180664
2014-05-01,18.40593910217285
2014-05-02,18.440168380737305
2014-05-05,18.700939178466797
2014-05-06,18.497112274169922
2014-05-07,18.432392120361328
2014-05-08,18.39952850341797
2014-05-09,18.32286834716797
2014-05-12,18.550981521606445
2014-05-13,18.580087661743164
2014-05-14,18.583528518676758
2014-05-15,18.425504684448242
2014-05-16,18.697429656982422
2014-05-19,18.918983459472656
2014-05-20,18.922740936279297
2014-05-21,18.972808837890625
2014-05-22,19.002849578857422
2014-05-23,19.21750831604004
2014-05-27,19.577377319335938
2014-05-28,19.526670455932617
2014-05-29,19.882474899291992
2014-05-30,19.807998657226562
2014-06-02,19.671876907348633
2014-06-03,19.950061798095703
2014-06-04,20.177873611450195
2014-06-05,20.257036209106445
2014-06-06,20.201343536376953
2014-06-09,20.52458953857422
2014-06-10,20.64506721496582
2014-06-11,20.559642791748047
2014-06-12,20.215730667114258
2014-06-13,19.994495391845703
2014-06-16,20.19602394104004
2014-06-17,20.169736862182617
2014-06-18,20.191646575927734
2014-06-19,20.121545791625977
2014-06-20,19.913450241088867
2014-06-23,19.89593505859375
2014-06-24,19.775455474853516
2014-06-25,19.792980194091797
2014-06-26,19.911256790161133
2014-06-27,20.147830963134766
2014-06-30,20.355924606323242
2014-07-01,20.48516082763672
2014-07-02,20.47640037536621
2014-07-03,20.59687614440918
2014-07-07,21.021825790405273
2014-07-08,20.88602066040039
2014-07-09,20.894771575927734
2014-07-10,20.8181095123291
2014-07-11,20.857534408569336
2014-07-14,21.126964569091797
2014-07-15,20.87944221496582
2014-07-16,20.761159896850586
2014-07-17,20.39096450805664
2014-07-18,20.684492111206055
2014-07-21,20.5771541595459
2014-07-22,20.74801254272461
2014-07-23,21.289064407348633
2014-07-24,21.254013061523438
2014-07-25,21.394203186035156
2014-07-28,21.689916610717773
2014-07-29,21.549728393554688
2014-07-30,21.49934196472168
2014-07-31,20.940778732299805
2014-08-01,21.056869506835938
2014-08-04,20.938583374023438
2014-08-05,20.83563232421875
2014-08-06,20.800582885742188
2014-08-07,20.798389434814453
2014-08-08,20.855627059936523
2014-08-11,21.130788803100586
2014-08-12,21.126392364501953
2014-08-13,21.405963897705078
2014-08-14,21.463197708129883
2014-08-15,21.568862915039062
2014-08-18,21.828628540039062
2014-08-19,22.130205154418945
2014-08-20,22.13900375366211
2014-08-21,22.141206741333008
2014-08-22,22.30411720275879
2014-08-25,22.352540969848633
2014-08-26,22.209455490112305
2014-08-27,22.482419967651367
2014-08-28,22.50883674621582
2014-08-29,22.56386947631836
2014-09-02,22.739980697631836
2014-09-03,21.780187606811523
2014-09-04,21.599681854248047
2014-09-05,21.78679656982422
2014-09-08,21.652517318725586
2014-09-09,21.571063995361328
2014-09-10,22.233665466308594
2014-09-11,22.328325271606445
2014-09-12,22.37896156311035
2014-09-15,22.372346878051758
2014-09-16,22.20285415649414
2014-09-17,22.361345291137695
2014-09-18,22.407573699951172
2014-09-19,22.22486114501953
2014-09-22,22.246883392333984
2014-09-23,22.59468650817871
2014-09-24,22.398767471313477
2014-09-25,21.54465103149414
2014-09-26,22.178634643554688
2014-09-29,22.037750244140625
2014-09-30,22.178634643554688
2014-10-01,21.833019256591797
2014-10-02,21.991518020629883
2014-10-03,21.92987823486328
2014-10-06,21.92987823486328
2014-10-07,21.738370895385742
2014-10-08,22.189645767211914
2014-10-09,22.238073348999023
2014-10-10,22.174232482910156
2014-10-13,21.971710205078125
2014-10-14,21.738370895385742
2014-10-15,21.472003936767578
2014-10-16,21.190221786499023
2014-10-17,21.500619888305664
2014-10-20,21.960697174072266
2014-10-21,22.55726432800293
2014-10-22,22.67173957824707
2014-10-23,23.0767879486084
2014-10-24,23.162639617919922
2014-10-27,23.138418197631836
2014-10-28,23.49724578857422
2014-10-29,23.629331588745117
2014-10-30,23.55008316040039
2014-10-31,23.774620056152344
2014-11-03,24.082799911499023
2014-11-04,23.906694412231445
2014-11-05,23.963926315307617
2014-11-06,24.0324649810791
2014-11-07,24.101003646850586
2014-11-10,24.06121253967285
2014-11-11,24.253557205200195
2014-11-12,24.596248626708984
2014-11-13,24.943363189697266
2014-11-14,25.244041442871094
2014-11-17,25.202030181884766
2014-11-18,25.52925682067871
2014-11-19,25.35238265991211
2014-11-20,25.714963912963867
2014-11-21,25.750341415405273
2014-11-24,26.227888107299805
2014-11-25,26.000164031982422
2014-11-26,26.309694290161133
2014-11-28,26.294219970703125
2014-12-01,25.440811157226562
2014-12-02,25.343530654907227
2014-12-03,25.630952835083008
2014-12-04,25.533662796020508
2014-12-05,25.425331115722656
2014-12-08,24.850502014160156
2014-12-09,25.230783462524414
2014-12-10,24.75101089477539
2014-12-11,24.678056716918945
2014-12-12,24.260190963745117
2014-12-15,23.928560256958008
2014-12-16,23.60133934020996
2014-12-17,24.189443588256836
2014-12-18,24.905776977539062
2014-12-19,24.71342658996582
2014-12-22,24.969890594482422
2014-12-23,24.88145637512207
2014-12-24,24.7642822265625
2014-12-26,25.202030181884766
2014-12-29,25.184349060058594
2014-12-30,24.877033233642578
2014-12-31,24.40389633178711
2015-01-02,24.171756744384766
2015-01-05,23.49079704284668
2015-01-06,23.493009567260742
2015-01-07,23.82243537902832
2015-01-08,24.73774528503418
2015-01-09,24.7642822265625
2015-01-12,24.154067993164062
2015-01-13,24.368528366088867
2015-01-14,24.275671005249023
2015-01-15,23.6168212890625
2015-01-16,23.433317184448242
2015-01-20,24.03689193725586
2015-01-21,24.220401763916016
2015-01-22,24.850502014160156
2015-01-23,24.978736877441406
2015-01-26,25.005268096923828
2015-01-27,24.12974739074707
2015-01-28,25.493877410888672
2015-01-29,26.28758430480957
2015-01-30,25.902889251708984
2015-02-02,26.227888107299805
2015-02-03,26.232318878173828
2015-02-04,26.43350601196289
2015-02-05,26.62216567993164
2015-02-06,26.39798927307129
2015-02-09,26.573345184326172
2015-02-10,27.0838565826416
2015-02-11,27.718671798706055
2015-02-12,28.06937599182129
2015-02-13,28.206985473632812
2015-02-17,28.373456954956055
2015-02-18,28.57101058959961
2015-02-19,28.511072158813477
2015-02-20,28.7441349029541
2015-02-23,29.5210018157959
2015-02-24,29.336776733398438
2015-02-25,28.58653450012207
2015-02-26,28.94835090637207
2015-02-27,28.513301849365234
2015-03-02,28.653127670288086
2015-03-03,28.713064193725586
2015-03-04,28.531049728393555
2015-03-05,28.05826759338379
2015-03-06,28.10044288635254
2015-03-09,28.220308303833008
2015-03-10,27.636547088623047
2015-03-11,27.1326904296875
2015-03-12,27.623220443725586
2015-03-13,27.432336807250977
2015-03-16,27.734209060668945
2015-03-17,28.198110580444336
2015-03-18,28.515518188476562
2015-03-19,28.300214767456055
2015-03-20,27.945070266723633
2015-03-23,28.235837936401367
2015-03-24,28.120420455932617
2015-03-25,27.385717391967773
2015-03-26,27.576616287231445
2015-03-27,27.356874465942383
2015-03-30,28.04939842224121
2015-03-31,27.618789672851562
2015-04-01,27.578834533691406
2015-04-02,27.81633186340332
2015-04-06,28.26691436767578
2015-04-07,27.969482421875
2015-04-08,27.87848472595215
2015-04-09,28.091564178466797
2015-04-10,28.211423873901367
2015-04-13,28.155933380126953
2015-04-14,28.033864974975586
2015-04-15,28.140398025512695
2015-04-16,28.005002975463867
2015-04-17,27.6898136138916
2015-04-20,28.322404861450195
2015-04-21,28.169248580932617
2015-04-22,28.548810958862305
2015-04-23,28.781869888305664
2015-04-24,28.91727066040039
2015-04-27,29.44331932067871
2015-04-28,28.97940444946289
2015-04-29,28.55324935913086
2015-04-30,27.778594970703125
2015-05-01,28.622058868408203
2015-05-04,28.566566467285156
2015-05-05,27.92287826538086
2015-05-06,27.747529983520508
2015-05-07,27.919147491455078
2015-05-08,28.445171356201172
2015-05-11,28.155420303344727
2015-05-12,28.05511474609375
2015-05-13,28.086318969726562
2015-05-14,28.741607666015625
2015-05-15,28.701488494873047
2015-05-18,29.018001556396484
2015-05-19,28.99124526977539
2015-05-20,28.989025115966797
2015-05-21,29.285465240478516
2015-05-22,29.541786193847656
2015-05-26,28.890939712524414
2015-05-27,29.430343627929688
2015-05-28,29.372386932373047
2015-05-29,29.038049697875977
2015-06-01,29.09600830078125
2015-06-02,28.966733932495117
2015-06-03,29.00239372253418
2015-06-04,28.832996368408203
2015-06-05,28.674739837646484
2015-06-08,28.485294342041016
2015-06-09,28.40059471130371
2015-06-10,28.72600746154785
2015-06-11,28.661373138427734
2015-06-12,28.344867706298828
2015-06-15,28.289148330688477
2015-06-16,28.440717697143555
2015-06-17,28.37384796142578
2015-06-18,28.50312042236328
2015-06-19,28.217817306518555
2015-06-22,28.442947387695312
2015-06-23,28.31366729736328
2015-06-24,28.554380416870117
2015-06-25,28.41842269897461
2015-06-26,28.251253128051758
2015-06-29,27.756437301635742
2015-06-30,27.95704460144043
2015-07-01,28.217817306518555
2015-07-02,28.182161331176758
2015-07-06,28.084087371826172
2015-07-07,28.014995574951172
2015-07-08,27.319576263427734
2015-07-09,26.762353897094727
2015-07-10,27.477827072143555
2015-07-13,28.00830841064453
2015-07-14,27.99715805053711
2015-07-15,28.266860961914062
2015-07-16,28.643545150756836
2015-07-17,28.890939712524414
2015-07-20,29.43703842163086
2015-07-21,29.142812728881836
2015-07-22,27.910234451293945
2015-07-23,27.89686393737793
2015-07-24,27.749757766723633
2015-07-27,27.364152908325195
2015-07-28,27.500118255615234
2015-07-29,27.413188934326172
2015-07-30,27.275001525878906
2015-07-31,27.036502838134766
2015-08-03,26.399045944213867
2015-08-04,25.55206298828125
2015-08-05,25.72145652770996
2015-08-06,25.77743148803711
2015-08-07,25.864749908447266
2015-08-10,26.805126190185547
2015-08-11,25.410236358642578
2015-08-12,25.80205726623535
2015-08-13,25.781911849975586
2015-08-14,25.963274002075195
2015-08-17,26.231945037841797
2015-08-18,26.084171295166016
2015-08-19,25.750564575195312
2015-08-20,25.222166061401367
2015-08-21,23.679506301879883
2015-08-24,23.08840560913086
2015-08-25,23.22722053527832
2015-08-26,24.559429168701172
2015-08-27,25.28261375427246
2015-08-28,25.365459442138672
2015-08-31,25.246793746948242
2015-09-01,24.118349075317383
2015-09-02,25.152755737304688
2015-09-03,24.711679458618164
2015-09-04,24.46538734436035
2015-09-08,25.146039962768555
2015-09-09,24.662418365478516
2015-09-10,25.204261779785156
2015-09-11,25.57144546508789
2015-09-14,25.817731857299805
2015-09-15,26.03491973876953
2015-09-16,26.06402587890625
2015-09-17,25.506513595581055
2015-09-18,25.401287078857422
2015-09-21,25.795347213745117
2015-09-22,25.390090942382812
2015-09-23,25.59607696533203
2015-09-24,25.74833106994629
2015-09-25,25.683401107788086
2015-09-28,25.17514991760254
2015-09-29,24.418365478515625
2015-09-30,24.696006774902344
2015-10-01,24.534799575805664
2015-10-02,24.713918685913086
2015-10-05,24.803466796875
2015-10-06,24.92214012145996
2015-10-07,24.803466796875
2015-10-08,24.516883850097656
2015-10-09,25.103496551513672
2015-10-12,24.98706817626953
2015-10-13,25.029611587524414
2015-10-14,24.675861358642578
2015-10-15,25.04528045654297
2015-10-16,24.861690521240234
2015-10-19,25.01618194580078
2015-10-20,25.472932815551758
2015-10-21,25.470691680908203
2015-10-22,25.860280990600586
2015-10-23,26.661834716796875
2015-10-26,25.811010360717773
2015-10-27,25.647571563720703
2015-10-28,26.70437240600586
2015-10-29,26.986482620239258
2015-10-30,26.75587272644043
2015-11-02,27.132017135620117
2015-11-03,27.443241119384766
2015-11-04,27.315614700317383
2015-11-05,27.189697265625
2015-11-06,27.221179962158203
2015-11-09,27.11100196838379
2015-11-10,26.25653648376465
2015-11-11,26.108135223388672
2015-11-12,26.020437240600586
2015-11-13,25.260421752929688
2015-11-16,25.67416000366211
2015-11-17,25.563980102539062
2015-11-18,26.373470306396484
2015-11-19,26.708498001098633
2015-11-20,26.825429916381836
2015-11-23,26.476892471313477
2015-11-24,26.730987548828125
2015-11-25,26.53985595703125
2015-11-27,26.490388870239258
2015-11-30,26.600568771362305
2015-12-01,26.384700775146484
2015-12-02,26.1463623046875
2015-12-03,25.903514862060547
2015-12-04,26.76471710205078
2015-12-07,26.5960750579834
2015-12-08,26.58483123779297
2015-12-09,25.997947692871094
2015-12-10,26.121620178222656
2015-12-11,25.44930076599121
2015-12-14,25.291902542114258
2015-12-15,24.844436645507812
2015-12-16,25.035568237304688
2015-12-17,24.50490379333496
2015-12-18,23.841575622558594
2015-12-21,24.13389015197754
2015-12-22,24.111408233642578
2015-12-23,24.421707153320312
2015-12-24,24.291290283203125
2015-12-28,24.019210815429688
2015-12-29,24.45094108581543
2015-12-30,24.131637573242188
2015-12-31,23.668432235717773
2016-01-04,23.688671112060547
2016-01-05,23.095050811767578
2016-01-06,22.643089294433594
2016-01-07,21.68744659423828
2016-01-08,21.802127838134766
2016-01-11,22.155149459838867
2016-01-12,22.476699829101562
2016-01-13,21.89881134033203
2016-01-14,22.377756118774414
2016-01-15,21.84035301208496
2016-01-19,21.73466682434082
2016-01-20,21.763898849487305
2016-01-21,21.65372085571289
2016-01-22,22.804988861083984
2016-01-25,22.359771728515625
2016-01-26,22.483440399169922
2016-01-27,21.006126403808594
2016-01-28,21.15678596496582
2016-01-29,21.887575149536133
2016-02-01,21.68294906616211
2016-02-02,21.24448013305664
2016-02-03,21.664962768554688
2016-02-04,21.83904457092285
2016-02-05,21.255762100219727
2016-02-08,21.47957420349121
2016-02-09,21.475055694580078
2016-02-10,21.312278747558594
2016-02-11,21.183412551879883
2016-02-12,21.248979568481445
2016-02-16,21.848085403442383
2016-02-17,22.18268394470215
2016-02-18,21.762168884277344
2016-02-19,21.712432861328125
2016-02-22,21.902341842651367
2016-02-23,21.40723991394043
2016-02-24,21.72599983215332
2016-02-25,21.875211715698242
2016-02-26,21.909128189086914
2016-02-29,21.859392166137695
2016-03-01,22.727521896362305
2016-03-02,22.777263641357422
2016-03-03,22.946823120117188
2016-03-04,23.288190841674805
2016-03-07,23.03046989440918
2016-03-08,22.84056282043457
2016-03-09,22.86090660095215
2016-03-10,22.872209548950195
2016-03-11,23.118635177612305
2016-03-14,23.17742156982422
2016-03-15,23.643136978149414
2016-03-16,23.957378387451172
2016-03-17,23.9189453125
2016-03-18,23.946083068847656
2016-03-21,23.943817138671875
2016-03-22,24.126935958862305
2016-03-23,23.993547439575195
2016-03-24,23.88956069946289
2016-03-28,23.781042098999023
2016-03-29,24.343976974487305
2016-03-30,24.768999099731445
2016-03-31,24.6401309967041
2016-04-01,24.866212844848633
2016-04-04,25.12167739868164
2016-04-05,24.82552146911621
2016-04-06,25.085506439208984
2016-04-07,24.538402557373047
2016-04-08,24.56553840637207
2016-04-11,24.646913528442383
2016-04-12,24.96794891357422
2016-04-13,25.32967185974121
2016-04-14,25.343233108520508
2016-04-15,24.83456039428711
2016-04-18,24.298755645751953
2016-04-19,24.169897079467773
2016-04-20,24.219627380371094
2016-04-21,23.957378387451172
2016-04-22,23.89182472229004
2016-04-25,23.75617790222168
2016-04-26,23.59113883972168
2016-04-27,22.11485481262207
2016-04-28,21.43889045715332
2016-04-29,21.192468643188477
2016-05-02,21.169849395751953
2016-05-03,21.518007278442383
2016-05-04,21.29419708251953
2016-05-05,21.2077579498291
2016-05-06,21.08948516845703
2016-05-09,21.105403900146484
2016-05-10,21.248699188232422
2016-05-11,21.04172134399414
2016-05-12,20.548141479492188
2016-05-13,20.589086532592773
2016-05-16,21.353328704833984
2016-05-17,21.264623641967773
2016-05-18,21.50800132751465
2016-05-19,21.426111221313477
2016-05-20,21.65812110900879
2016-05-23,21.93334197998047
2016-05-24,22.267698287963867
2016-05-25,22.658910751342773
2016-05-26,22.838600158691406
2016-05-27,22.824954986572266
2016-05-31,22.713502883911133
2016-06-01,22.39507293701172
2016-06-02,22.22675323486328
2016-06-03,22.272241592407227
2016-06-06,22.433732986450195
2016-06-07,22.52471923828125
2016-06-08,22.50424575805664
2016-06-09,22.66573715209961
2016-06-10,22.479223251342773
2016-06-13,22.14032554626465
2016-06-14,22.16761589050293
2016-06-15,22.094829559326172
2016-06-16,22.188081741333008
2016-06-17,21.68314552307129
2016-06-20,21.63081932067871
2016-06-21,21.815065383911133
2016-06-22,21.733177185058594
2016-06-23,21.8582763671875
2016-06-24,21.244155883789062
2016-06-27,20.9348201751709
2016-06-28,21.287376403808594
2016-06-29,21.471609115600586
2016-06-30,21.74454689025879
2016-07-01,21.810510635375977
2016-07-05,21.605806350708008
2016-07-06,21.7286319732666
2016-07-07,21.821880340576172
2016-07-08,21.990196228027344
2016-07-11,22.05843734741211
2016-07-12,22.15851402282715
2016-07-13,22.033411026000977
2016-07-14,22.47013282775879
2016-07-15,22.467853546142578
2016-07-18,22.706684112548828
2016-07-19,22.71578598022461
2016-07-20,22.736251831054688
2016-07-21,22.61570167541504
2016-07-22,22.440561294555664
2016-07-25,22.14032554626465
2016-07-26,21.98792266845703
2016-07-27,23.416336059570312
2016-07-28,23.73249053955078
2016-07-29,23.702926635742188
2016-08-01,24.12143898010254
2016-08-02,23.764339447021484
2016-08-03,24.062307357788086
2016-08-04,24.21095085144043
2016-08-05,24.579126358032227
2016-08-08,24.78265953063965
2016-08-09,24.88328742980957
2016-08-10,24.69805145263672
2016-08-11,24.682037353515625
2016-08-12,24.73921012878418
2016-08-15,25.036502838134766
2016-08-16,25.013641357421875
2016-08-17,24.977041244506836
2016-08-18,24.945026397705078
2016-08-19,25.00906753540039
2016-08-22,24.81467628479004
2016-08-23,24.892431259155273
2016-08-24,24.70490837097168
2016-08-25,24.59971046447754
2016-08-26,24.455638885498047
2016-08-29,24.428199768066406
2016-08-30,24.240680694580078
2016-08-31,24.2635440826416
2016-09-01,24.407621383666992
2016-09-02,24.636301040649414
2016-09-06,24.62944984436035
2016-09-07,24.780370712280273
2016-09-08,24.13090705871582
2016-09-09,23.5843563079834
2016-09-12,24.11261558532715
2016-09-13,24.686609268188477
2016-09-14,25.560192108154297
2016-09-15,26.429197311401367
2016-09-16,26.28055191040039
2016-09-19,25.9741153717041
2016-09-20,25.97182846069336
2016-09-21,25.967254638671875
2016-09-22,26.211946487426758
2016-09-23,25.775157928466797
2016-09-26,25.81403350830078
2016-09-27,25.862058639526367
2016-09-28,26.058732986450195
2016-09-29,25.653953552246094
2016-09-30,25.852907180786133
2016-10-03,25.731712341308594
2016-10-04,25.841480255126953
2016-10-05,25.852907180786133
2016-10-06,26.045011520385742
2016-10-07,26.083887100219727
2016-10-10,26.538970947265625
2016-10-11,26.596141815185547
2016-10-12,26.83397102355957
2016-10-13,26.751644134521484
2016-10-14,26.90028953552246
2016-10-17,26.88199806213379
2016-10-18,26.86370086669922
2016-10-19,26.783662796020508
2016-10-20,26.769939422607422
2016-10-21,26.664745330810547
2016-10-24,26.904865264892578
2016-10-25,27.042072296142578
2016-10-26,26.43377113342285
2016-10-27,26.179931640625
2016-10-28,26.006139755249023
2016-10-31,25.964967727661133
2016-11-01,25.496164321899414
2016-11-02,25.51903533935547
2016-11-03,25.245502471923828
2016-11-04,25.017929077148438
2016-11-07,25.378816604614258
2016-11-08,25.528228759765625
2016-11-09,25.486848831176758
2016-11-10,24.776586532592773
2016-11-11,24.923694610595703
2016-11-14,24.298473358154297
2016-11-15,24.620277404785156
2016-11-16,25.28227996826172
2016-11-17,25.27307891845703
2016-11-18,25.298364639282227
2016-11-21,25.68222999572754
2016-11-22,25.698322296142578
2016-11-23,25.567298889160156
2016-11-25,25.696020126342773
2016-11-28,25.64545249938965
2016-11-29,25.620166778564453
2016-11-30,25.404102325439453
2016-12-01,25.16735076904297
2016-12-02,25.261587142944336
2016-12-05,25.079998016357422
2016-12-06,25.27307891845703
2016-12-07,25.521326065063477
2016-12-08,25.771873474121094
2016-12-09,26.19251823425293
2016-12-12,26.04311180114746
2016-12-13,26.47754669189453
2016-12-14,26.47754669189453
2016-12-15,26.622356414794922
2016-12-16,26.656831741333008
2016-12-19,26.810842514038086
2016-12-20,26.88210105895996
2016-12-21,26.90738868713379
2016-12-22,26.73039436340332
2016-12-23,26.783262252807617
2016-12-27,26.953351974487305
2016-12-28,26.838422775268555
2016-12-29,26.831525802612305
2016-12-30,26.622356414794922
2017-01-03,26.698205947875977
2017-01-04,26.668325424194336
2017-01-05,26.8039493560791
2017-01-06,27.10276222229004
2017-01-09,27.351016998291016
2017-01-10,27.378599166870117
2017-01-11,27.52570152282715
2017-01-12,27.41077423095703
2017-01-13,27.362506866455078
2017-01-17,27.58316993713379
2017-01-18,27.58087158203125
2017-01-19,27.53260040283203
2017-01-20,27.58316993713379
2017-01-23,27.6015625
2017-01-24,27.576278686523438
2017-01-25,28.015304565429688
2017-01-26,28.02910041809082
2017-01-27,28.03139877319336
2017-01-30,27.957839965820312
2017-01-31,27.89348602294922
2017-02-01,29.594451904296875
2017-02-02,29.543869018554688
2017-02-03,29.67029571533203
2017-02-06,29.94842529296875
2017-02-07,30.233455657958984
2017-02-08,30.350683212280273
2017-02-09,30.570005416870117
2017-02-10,30.50074577331543
2017-02-13,30.770843505859375
2017-02-14,31.170225143432617
2017-02-15,31.28333854675293
2017-02-16,31.24640655517578
2017-02-17,31.33183479309082
2017-02-21,31.558063507080078
2017-02-22,31.652706146240234
2017-02-23,31.518814086914062
2017-02-24,31.548824310302734
2017-02-27,31.61115837097168
2017-02-28,31.625009536743164
2017-03-01,32.27140808105469
2017-03-02,32.07980728149414
2017-03-03,32.269100189208984
2017-03-06,32.16753005981445
2017-03-07,32.20907211303711
2017-03-08,32.089027404785156
2017-03-09,32.01515197753906
2017-03-10,32.12135314941406
2017-03-13,32.135196685791016
2017-03-14,32.08671188354492
2017-03-15,32.42607879638672
2017-03-16,32.479190826416016
2017-03-17,32.317569732666016
2017-03-20,32.65694808959961
2017-03-21,32.28295135498047
2017-03-22,32.647701263427734
2017-03-23,32.53227233886719
2017-03-24,32.4676399230957
2017-03-27,32.523040771484375
2017-03-28,33.197147369384766
2017-03-29,33.27101516723633
2017-03-30,33.22713851928711
2017-03-31,33.16482162475586
2017-04-03,33.17405700683594
2017-04-04,33.42107009887695
2017-04-05,33.247920989990234
2017-04-06,33.16482162475586
2017-04-07,33.09095001220703
2017-04-10,33.05168914794922
2017-04-11,32.69618606567383
2017-04-12,32.73542785644531
2017-04-13,32.56229019165039
2017-04-17,32.74237060546875
2017-04-18,32.59691619873047
2017-04-19,32.47687911987305
2017-04-20,32.88318634033203
2017-04-21,32.84394073486328
2017-04-24,33.16020584106445
2017-04-25,33.36566925048828
2017-04-26,33.169437408447266
2017-04-27,33.19484329223633
2017-04-28,33.16250991821289
2017-05-01,33.83892059326172
2017-05-02,34.05362319946289
2017-05-03,33.949737548828125
2017-05-04,33.8273811340332
2017-05-05,34.388362884521484
2017-05-08,35.323326110839844
2017-05-09,35.54956817626953
2017-05-10,35.38103103637695
2017-05-11,35.68703079223633
2017-05-12,36.1854248046875
2017-05-15,36.09270095825195
2017-05-16,36.03937530517578
2017-05-17,34.829341888427734
2017-05-18,35.360172271728516
2017-05-19,35.480716705322266
2017-05-22,35.696319580078125
2017-05-23,35.65224838256836
2017-05-24,35.545616149902344
2017-05-25,35.66847610473633
2017-05-26,35.60821533203125
2017-05-30,35.62212371826172
2017-05-31,35.41118621826172
2017-06-01,35.508541107177734
2017-06-02,36.034732818603516
2017-06-05,35.682395935058594
2017-06-06,35.80293655395508
2017-06-07,36.01618957519531
2017-06-08,35.9281120300293
2017-06-09,34.53493881225586
2017-06-12,33.709693908691406
2017-06-13,33.98091506958008
2017-06-14,33.649417877197266
2017-06-15,33.44774627685547
2017-06-16,32.9795036315918
2017-06-19,33.92295837402344
2017-06-20,33.61464309692383
2017-06-21,33.81400680541992
2017-06-22,33.75837707519531
2017-06-23,33.90904998779297
2017-06-26,33.802433013916016
2017-06-27,33.31793975830078
2017-06-28,33.80473327636719
2017-06-29,33.30634307861328
2017-06-30,33.38516616821289
2017-07-03,33.264625549316406
2017-07-05,33.40138626098633
2017-07-06,33.08612060546875
2017-07-07,33.422245025634766
2017-07-10,33.62623977661133
2017-07-11,33.735191345214844
2017-07-12,33.78387451171875
2017-07-13,34.254451751708984
2017-07-14,34.54884338378906
2017-07-17,34.669395446777344
2017-07-18,34.78993225097656
2017-07-19,35.00783157348633
2017-07-20,34.85019302368164
2017-07-21,34.833961486816406
2017-07-24,35.2558708190918
2017-07-25,35.40654754638672
2017-07-26,35.57343673706055
2017-07-27,34.90118408203125
2017-07-28,34.65546798706055
2017-07-31,34.47698974609375
2017-08-01,34.78296661376953
2017-08-02,36.4265022277832
2017-08-03,36.06255340576172
2017-08-04,36.25263977050781
2017-08-07,36.813621520996094
2017-08-08,37.108028411865234
2017-08-09,37.33519744873047
2017-08-10,36.14599609375
2017-08-11,36.64866638183594
2017-08-14,37.20022201538086
2017-08-15,37.60749053955078
2017-08-16,37.456214904785156
2017-08-17,36.73710632324219
2017-08-18,36.6533317565918
2017-08-21,36.58583450317383
2017-08-22,37.18391799926758
2017-08-23,37.230472564697266
2017-08-24,37.065242767333984
2017-08-25,37.202552795410156
2017-08-28,37.57721710205078
2017-08-29,37.912330627441406
2017-08-30,38.014732360839844
2017-08-31,38.16600036621094
2017-09-01,38.17764663696289
2017-09-05,37.719181060791016
2017-09-06,37.679622650146484
2017-09-07,37.52835464477539
2017-09-08,36.91630935668945
2017-09-11,37.584197998046875
2017-09-12,37.435264587402344
2017-09-13,37.15366744995117
2017-09-14,36.8348503112793
2017-09-15,37.20719528198242
2017-09-18,36.92560958862305
2017-09-19,36.93956756591797
2017-09-20,36.32054138183594
2017-09-21,35.696842193603516
2017-09-22,35.34775924682617
2017-09-25,35.035926818847656
2017-09-26,35.6386604309082
2017-09-27,35.892330169677734
2017-09-28,35.67124557495117
2017-09-29,35.866722106933594
2017-10-02,35.79459762573242
2017-10-03,35.950504302978516
2017-10-04,35.71779251098633
2017-10-05,36.162288665771484
2017-10-06,36.141353607177734
2017-10-09,36.26701736450195
2017-10-10,36.28096389770508
2017-10-11,36.43224334716797
2017-10-12,36.30424499511719
2017-10-13,36.53464126586914
2017-10-16,37.20719528198242
2017-10-17,37.34450149536133
2017-10-18,37.17927551269531
2017-10-19,36.299598693847656
2017-10-20,36.362422943115234
2017-10-23,36.34380340576172
2017-10-24,36.560245513916016
2017-10-25,36.399658203125
2017-10-26,36.632389068603516
2017-10-27,37.944908142089844
2017-10-30,38.799007415771484
2017-10-31,39.33890151977539
2017-11-01,38.83856201171875
2017-11-02,39.12247085571289
2017-11-03,40.14412307739258
2017-11-06,40.55137252807617
2017-11-07,40.68169021606445
2017-11-08,41.01448059082031
2017-11-09,40.930721282958984
2017-11-10,40.79524230957031
2017-11-13,40.63175582885742
2017-11-14,40.01750183105469
2017-11-15,39.48966979980469
2017-11-16,39.96145248413086
2017-11-17,39.73957443237305
2017-11-20,39.69987869262695
2017-11-21,40.43791580200195
2017-11-22,40.862979888916016
2017-11-24,40.86531448364258
2017-11-27,40.6597900390625
2017-11-28,40.42155838012695
2017-11-29,39.58309555053711
2017-11-30,40.136627197265625
2017-12-01,39.94978332519531
2017-12-04,39.6578369140625
2017-12-05,39.62046432495117
2017-12-06,39.47331619262695
2017-12-07,39.54573059082031
2017-12-08,39.557411193847656
2017-12-11,40.328125
2017-12-12,40.101585388183594
2017-12-13,40.234710693359375
2017-12-14,40.22303009033203
2017-12-15,40.63175582885742
2017-12-18,41.2039680480957
2017-12-19,40.76488494873047
2017-12-20,40.72051239013672
2017-12-21,40.87466049194336
2017-12-22,40.87466049194336
2017-12-26,39.83767318725586
2017-12-27,39.84467697143555
2017-12-28,39.956783294677734
2017-12-29,39.52471160888672
2018-01-02,40.23237228393555
2018-01-03,40.225379943847656
2018-01-04,40.41222381591797
2018-01-05,40.87232208251953
2018-01-08,40.72051239013672
2018-01-09,40.71583938598633
2018-01-10,40.70650863647461
2018-01-11,40.93771743774414
2018-01-12,41.36045455932617
2018-01-16,41.1502571105957
2018-01-17,41.829898834228516
2018-01-18,41.86726760864258
2018-01-19,41.68042755126953
2018-01-22,41.339439392089844
2018-01-23,41.34877395629883
2018-01-24,40.69015884399414
2018-01-25,39.96379470825195
2018-01-26,40.057212829589844
2018-01-29,39.22808837890625
2018-01-30,38.99687194824219
2018-01-31,39.10429763793945
2018-02-01,39.1860466003418
2018-02-02,37.48575210571289
2018-02-05,36.549198150634766
2018-02-06,38.07666015625
2018-02-07,37.26154327392578
2018-02-08,36.23622131347656
2018-02-09,36.679447174072266
2018-02-12,38.156864166259766
2018-02-13,38.53910827636719
2018-02-14,39.249671936035156
2018-02-15,40.56760787963867
2018-02-16,40.43626022338867
2018-02-20,40.30026626586914
2018-02-21,40.117347717285156
2018-02-22,40.452693939208984
2018-02-23,41.15622329711914
2018-02-26,41.96995544433594
2018-02-27,41.83394241333008
2018-02-28,41.770626068115234
2018-03-01,41.03895568847656
2018-03-02,41.322731018066406
2018-03-05,41.46577072143555
2018-03-06,41.43058776855469
2018-03-07,41.04600143432617
2018-03-08,41.493919372558594
2018-03-09,42.20681381225586
2018-03-12,42.614871978759766
2018-03-13,42.20446014404297
2018-03-14,41.845672607421875
2018-03-15,41.89491653442383
2018-03-16,41.747196197509766
2018-03-19,41.109317779541016
2018-03-20,41.095252990722656
2018-03-21,40.16424560546875
2018-03-22,39.59674072265625
2018-03-23,38.67981719970703
2018-03-26,40.516014099121094
2018-03-27,39.47713851928711
2018-03-28,39.040950775146484
2018-03-29,39.345821380615234
2018-04-02,39.08784866333008
2018-04-03,39.48887634277344
2018-04-04,40.243988037109375
2018-04-05,40.523040771484375
2018-04-06,39.48652648925781
2018-04-09,39.87815475463867
2018-04-10,40.62858200073242
2018-04-11,40.43861770629883
2018-04-12,40.83729553222656
2018-04-13,40.97564697265625
2018-04-16,41.231258392333984
2018-04-17,41.79876708984375
2018-04-18,41.7049674987793
2018-04-19,40.523040771484375
2018-04-20,38.862728118896484
2018-04-23,38.75016403198242
2018-04-24,38.21078872680664
2018-04-25,38.37730407714844
2018-04-26,38.510948181152344
2018-04-27,38.06540298461914
2018-04-30,38.75485610961914
2018-05-01,39.655357360839844
2018-05-02,41.40715026855469
2018-05-03,41.48219680786133
2018-05-04,43.10966491699219
2018-05-07,43.421573638916016
2018-05-08,43.630279541015625
2018-05-09,43.9374885559082
2018-05-10,44.56597900390625
2018-05-11,44.39646911621094
2018-05-14,44.292877197265625
2018-05-15,43.890323638916016
2018-05-16,44.299964904785156
2018-05-17,44.01980972290039
2018-05-18,43.859737396240234
2018-05-21,44.17048263549805
2018-05-22,44.05982208251953
2018-05-23,44.342323303222656
2018-05-24,44.292877197265625
2018-05-25,44.39411544799805
2018-05-29,44.23403549194336
2018-05-30,44.13987350463867
2018-05-31,43.991554260253906
2018-06-01,44.78490447998047
2018-06-04,45.15919876098633
2018-06-05,45.50762176513672
2018-06-06,45.66535186767578
2018-06-07,45.542930603027344
2018-06-08,45.12860870361328
2018-06-11,45.01796340942383
2018-06-12,45.2651481628418
2018-06-13,44.893184661865234
2018-06-14,44.91672897338867
2018-06-15,44.455326080322266
2018-06-18,44.43178176879883
2018-06-19,43.71376419067383
2018-06-20,43.904457092285156
2018-06-21,43.65964126586914
2018-06-22,43.532493591308594
2018-06-25,42.88511657714844
2018-06-26,43.41715621948242
2018-06-27,43.35358810424805
2018-06-28,43.669044494628906
2018-06-29,43.57722854614258
2018-07-02,44.064537048339844
2018-07-03,43.29710006713867
2018-07-05,43.64551544189453
2018-07-06,44.250518798828125
2018-07-09,44.86493682861328
2018-07-10,44.81080627441406
2018-07-11,44.229331970214844
2018-07-12,44.97087097167969
2018-07-13,45.0414924621582
2018-07-16,44.942630767822266
2018-07-17,45.06974411010742
2018-07-18,44.822566986083984
2018-07-19,45.17098617553711
2018-07-20,45.06739044189453
2018-07-23,45.107418060302734
2018-07-24,45.43464660644531
2018-07-25,45.86309051513672
2018-07-26,45.7194938659668
2018-07-27,44.9591178894043
2018-07-30,44.70721435546875
2018-07-31,44.79667282104492
2018-08-01,47.43564224243164
2018-08-02,48.82221984863281
2018-08-03,48.96348190307617
2018-08-06,49.21772766113281
2018-08-07,48.75630569458008
2018-08-08,48.789268493652344
2018-08-09,49.17298889160156
2018-08-10,49.02653121948242
2018-08-13,49.343082427978516
2018-08-14,49.55097961425781
2018-08-15,49.66672897338867
2018-08-16,50.394351959228516
2018-08-17,51.40072250366211
2018-08-20,50.899898529052734
2018-08-21,50.800682067871094
2018-08-22,50.80304718017578
2018-08-23,50.90699768066406
2018-08-24,51.06525421142578
2018-08-27,51.48575973510742
2018-08-28,51.90155792236328
2018-08-29,52.67640686035156
2018-08-30,53.160709381103516
2018-08-31,53.774925231933594
2018-09-04,53.94737243652344
2018-09-05,53.59537124633789
2018-09-06,52.70475387573242
2018-09-07,52.2795295715332
2018-09-10,51.57789611816406
2018-09-11,52.88193893432617
2018-09-12,52.225189208984375
2018-09-13,53.48671340942383
2018-09-14,52.879581451416016
2018-09-17,51.47160720825195
2018-09-18,51.556644439697266
2018-09-19,51.58734893798828
2018-09-20,51.9795036315918
2018-09-21,51.419620513916016
2018-09-24,52.15903854370117
2018-09-25,52.48978805541992
2018-09-26,52.071632385253906
2018-09-27,53.141788482666016
2018-09-28,53.32843780517578
2018-10-01,53.6875
2018-10-02,54.16471481323242
2018-10-03,54.82381820678711
2018-10-04,53.859962463378906
2018-10-05,52.985877990722656
2018-10-08,52.86302185058594
2018-10-09,53.59537124633789
2018-10-10,51.112510681152344
2018-10-11,50.66128921508789
2018-10-12,52.470882415771484
2018-10-15,51.34874725341797
2018-10-16,52.480323791503906
2018-10-17,52.2535400390625
2018-10-18,51.032188415527344
2018-10-19,51.80940246582031
2018-10-22,52.125972747802734
2018-10-23,52.61735534667969
2018-10-24,50.81248474121094
2018-10-25,51.92517852783203
2018-10-26,51.09834671020508
2018-10-29,50.13920593261719
2018-10-30,50.389610290527344
2018-10-31,51.703102111816406
2018-11-01,52.49686813354492
2018-11-02,49.014713287353516
2018-11-05,47.62327575683594
2018-11-06,48.138275146484375
2018-11-07,49.598236083984375
2018-11-08,49.4251594543457
2018-11-09,48.47218704223633
2018-11-12,46.03042984008789
2018-11-13,45.57052993774414
2018-11-14,44.28327941894531
2018-11-15,45.37614440917969
2018-11-16,45.87871551513672
2018-11-19,44.06044387817383
2018-11-20,41.9553337097168
2018-11-21,41.90791320800781
2018-11-23,40.84349822998047
2018-11-26,41.39585876464844
2018-11-27,41.3057746887207
2018-11-28,42.89409637451172
2018-11-29,42.5645866394043
2018-11-30,42.33462905883789
2018-12-03,43.81389617919922
2018-12-04,41.886573791503906
2018-12-06,41.419559478759766
2018-12-07,39.94266891479492
2018-12-10,40.205814361572266
2018-12-11,39.975852966308594
2018-12-12,40.087276458740234
2018-12-13,40.525840759277344
2018-12-14,39.229103088378906
2018-12-17,38.86404037475586
2018-12-18,39.36897277832031
2018-12-19,38.1409912109375
2018-12-20,37.17851257324219
2018-12-21,35.73243713378906
2018-12-24,34.807899475097656
2018-12-26,37.259117126464844
2018-12-27,37.017303466796875
2018-12-28,37.036277770996094
2018-12-31,37.394248962402344
2019-01-02,37.43691635131836
2019-01-03,33.70792770385742
2019-01-04,35.14690017700195
2019-01-07,35.06867599487305
2019-01-08,35.73717498779297
2019-01-09,36.34406280517578
2019-01-10,36.460208892822266
2019-01-11,36.10225296020508
2019-01-14,35.55937576293945
2019-01-15,36.28718566894531
2019-01-16,36.7304801940918
2019-01-17,36.948570251464844
2019-01-18,37.176151275634766
2019-01-22,36.34169006347656
2019-01-23,36.48866653442383
2019-01-24,36.19944381713867
2019-01-25,37.398983001708984
2019-01-28,37.05287170410156
2019-01-29,36.6688232421875
2019-01-30,39.17458724975586
2019-01-31,39.45668411254883
2019-02-01,39.475650787353516
2019-02-04,40.59695816040039
2019-02-05,41.291561126708984
2019-02-06,41.3057746887207
2019-02-07,40.523475646972656
2019-02-08,40.57109069824219
2019-02-11,40.337764739990234
2019-02-12,40.68537139892578
2019-02-13,40.51633834838867
2019-02-14,40.663936614990234
2019-02-15,40.57347106933594
2019-02-19,40.694881439208984
2019-02-20,40.95676803588867
2019-02-21,40.725826263427734
2019-02-22,41.18056869506836
2019-02-25,41.48054122924805
2019-02-26,41.504356384277344
2019-02-27,41.63291931152344
2019-02-28,41.223419189453125
2019-03-01,41.65673828125
2019-03-04,41.866233825683594
2019-03-05,41.7900505065918
2019-03-06,41.54958724975586
2019-03-07,41.06867218017578
2019-03-08,41.166290283203125
2019-03-11,42.592376708984375
2019-03-12,43.07091522216797
2019-03-13,43.26137924194336
2019-03-14,43.74229431152344
2019-03-15,44.311309814453125
2019-03-18,44.763668060302734
2019-03-19,44.4089241027832
2019-03-20,44.797000885009766
2019-03-21,46.44689178466797
2019-03-22,45.48503875732422
2019-03-25,44.93508529663086
2019-03-26,44.4708251953125
2019-03-27,44.87080383300781
2019-03-28,44.9303092956543
2019-03-29,45.22314453125
2019-04-01,45.530277252197266
2019-04-02,46.192138671875
2019-04-03,46.508785247802734
2019-04-04,46.58972930908203
2019-04-05,46.901611328125
2019-04-08,47.639652252197266
2019-04-09,47.49681854248047
2019-04-10,47.763458251953125
2019-04-11,47.36586380004883
2019-04-12,47.34682083129883
2019-04-15,47.432533264160156
2019-04-16,47.437294006347656
2019-04-17,48.36103820800781
2019-04-18,48.53482437133789
2019-04-22,48.69435501098633
2019-04-23,49.39668273925781
2019-04-24,49.32051086425781
2019-04-25,48.87290954589844
2019-04-26,48.639591217041016
2019-04-29,48.7133903503418
2019-04-30,47.77537155151367
2019-05-01,50.12043762207031
2019-05-02,49.79426956176758
2019-05-03,50.41328430175781
2019-05-06,49.6347541809082
2019-05-07,48.29676055908203
2019-05-08,48.3062858581543
2019-05-09,47.787261962890625
2019-05-10,47.125247955322266
2019-05-13,44.3863525390625
2019-05-14,45.08900451660156
2019-05-15,45.62912368774414
2019-05-16,45.42837905883789
2019-05-17,45.170249938964844
2019-05-20,43.7578010559082
2019-05-21,44.5966682434082
2019-05-22,43.683712005615234
2019-05-23,42.93804168701172
2019-05-24,42.77313995361328
2019-05-28,42.596275329589844
2019-05-29,42.393131256103516
2019-05-30,42.61301040649414
2019-05-31,41.84104919433594
2019-06-03,41.41802215576172
2019-06-04,42.93326187133789
2019-06-05,43.626346588134766
2019-06-06,44.266849517822266
2019-06-07,45.445098876953125
2019-06-10,46.0258674621582
2019-06-11,46.55883026123047
2019-06-12,46.4106559753418
2019-06-13,46.40108871459961
2019-06-14,46.06410598754883
2019-06-17,46.33894729614258
2019-06-18,47.42877960205078
2019-06-19,47.2901611328125
2019-06-20,47.67015838623047
2019-06-21,47.50764465332031
2019-06-24,47.459842681884766
2019-06-25,46.74047088623047
2019-06-26,47.75141906738281
2019-06-27,47.737091064453125
2019-06-28,47.30210494995117
2019-07-01,48.16966247558594
2019-07-02,48.45166778564453
2019-07-03,48.85319137573242
2019-07-05,48.8101692199707
2019-07-08,47.80400466918945
2019-07-09,48.095577239990234
2019-07-10,48.57118225097656
2019-07-11,48.21746826171875
2019-07-12,48.587913513183594
2019-07-15,49.04438781738281
2019-07-16,48.87470245361328
2019-07-17,48.599853515625
2019-07-18,49.15195083618164
2019-07-19,48.418216705322266
2019-07-22,49.52477264404297
2019-07-23,49.91193771362305
2019-07-24,49.871315002441406
2019-07-25,49.47697448730469
2019-07-26,49.64905548095703
2019-07-29,50.112693786621094
2019-07-30,49.89761734008789
2019-07-31,50.91573715209961
2019-08-01,49.81394958496094
2019-08-02,48.75999069213867
2019-08-05,46.2075080871582
2019-08-06,47.08223342895508
2019-08-07,47.56977844238281
2019-08-08,48.61897277832031
2019-08-09,48.21833419799805
2019-08-12,48.09598159790039
2019-08-13,50.13276672363281
2019-08-14,48.64056396484375
2019-08-15,48.398258209228516
2019-08-16,49.54021072387695
2019-08-19,50.463836669921875
2019-08-20,50.46623611450195
2019-08-21,51.01321792602539
2019-08-22,50.970035552978516
2019-08-23,48.61418533325195
2019-08-26,49.53780746459961
2019-08-27,48.97882843017578
2019-08-28,49.3075065612793
2019-08-29,50.142372131347656
2019-08-30,50.07759475708008
2019-09-03,49.3482780456543
2019-09-04,50.185550689697266
2019-09-05,51.1667594909668
2019-09-06,51.16196060180664
2019-09-09,51.38027572631836
2019-09-10,51.98723602294922
2019-09-11,53.64017105102539
2019-09-12,53.52022171020508
2019-09-13,52.47903060913086
2019-09-16,52.75492477416992
2019-09-17,52.94684600830078
2019-09-18,53.443450927734375
2019-09-19,53.00922393798828
2019-09-20,52.23432540893555
2019-09-23,52.47183609008789
2019-09-24,52.22233963012695
2019-09-25,53.02601623535156
2019-09-26,52.752525329589844
2019-09-27,52.49583435058594
2019-09-30,53.7313346862793
2019-10-01,53.88007736206055
2019-10-02,52.529422760009766
2019-10-03,52.97563934326172
2019-10-04,54.46064376831055
2019-10-07,54.472633361816406
2019-10-08,53.83448791503906
2019-10-09,54.465423583984375
2019-10-10,55.19954299926758
2019-10-11,56.66775894165039
2019-10-14,56.586185455322266
2019-10-15,56.454246520996094
2019-10-16,56.22632598876953
2019-10-17,56.44465637207031
2019-10-18,56.715736389160156
2019-10-21,57.6993408203125
2019-10-22,57.56739044189453
2019-10-23,58.33988952636719
2019-10-24,58.435855865478516
2019-10-25,59.15557861328125
2019-10-28,59.74812316894531
2019-10-29,58.36628341674805
2019-10-30,58.35908889770508
2019-10-31,59.678558349609375
2019-11-01,61.372276306152344
2019-11-04,61.77533721923828
2019-11-05,61.686561584472656
2019-11-06,61.71294021606445
2019-11-07,62.425193786621094
2019-11-08,62.596046447753906
2019-11-11,63.091712951660156
2019-11-12,63.03396987915039
2019-11-13,63.637943267822266
2019-11-14,63.19759750366211
2019-11-15,63.948341369628906
2019-11-18,64.27078247070312
2019-11-19,64.07585906982422
2019-11-20,63.329933166503906
2019-11-21,63.04600524902344
2019-11-22,62.99066925048828
2019-11-25,64.09513854980469
2019-11-26,63.5946159362793
2019-11-27,64.44883728027344
2019-11-29,64.30687713623047
2019-12-02,63.56333923339844
2019-12-03,62.43001937866211
2019-12-04,62.981014251708984
2019-12-05,63.90504837036133
2019-12-06,65.13941192626953
2019-12-09,64.22746276855469
2019-12-10,64.60283660888672
2019-12-11,65.15385437011719
2019-12-12,65.31991577148438
2019-12-13,66.20779418945312
2019-12-16,67.3411636352539
2019-12-17,67.47349548339844
2019-12-18,67.31227111816406
2019-12-19,67.37965393066406
2019-12-20,67.2400894165039
2019-12-23,68.33734130859375
2019-12-24,68.40230560302734
2019-12-26,69.75944519042969
2019-12-27,69.73295593261719
2019-12-30,70.1468276977539
2019-12-31,70.65936279296875
2020-01-02,72.27156066894531
2020-01-03,71.56890869140625
2020-01-06,72.13919830322266
2020-01-07,71.79993438720703
2020-01-08,72.95492553710938
2020-01-09,74.5045394897461
2020-01-10,74.67296600341797
2020-01-13,76.26829528808594
2020-01-14,75.23844146728516
2020-01-15,74.916015625
2020-01-16,75.85444641113281
2020-01-17,76.69422912597656
2020-01-21,76.17448425292969
2020-01-22,76.44637298583984
2020-01-23,76.81452941894531
2020-01-24,76.5931396484375
2020-01-27,74.3409194946289
2020-01-28,76.44396209716797
2020-01-29,78.04410552978516
2020-01-30,77.93102264404297
2020-01-31,74.47567749023438
2020-02-03,74.27112579345703
2020-02-04,76.72309112548828
2020-02-05,77.34872436523438
2020-02-06,78.25345611572266
2020-02-07,77.18980407714844
2020-02-10,77.556396484375
2020-02-11,77.08848571777344
2020-02-12,78.91915130615234
2020-02-13,78.35718536376953
2020-02-14,78.37647247314453
2020-02-18,76.94136047363281
2020-02-19,78.05565643310547
2020-02-20,77.2549057006836
2020-02-21,75.50624084472656
2020-02-24,71.91967010498047
2020-02-25,69.48358154296875
2020-02-26,70.5858383178711
2020-02-27,65.9717788696289
2020-02-28,65.93318939208984
2020-03-02,72.07160949707031
2020-03-03,69.78269958496094
2020-03-04,73.0195083618164
2020-03-05,70.65099334716797
2020-03-06,69.71275329589844
2020-03-09,64.19900512695312
2020-03-10,68.82272338867188
2020-03-11,66.43246459960938
2020-03-12,59.87195587158203
2020-03-13,67.04511260986328
2020-03-16,58.419952392578125
2020-03-17,60.98868179321289
2020-03-18,59.49569320678711
2020-03-19,59.039833068847656
2020-03-20,55.29165267944336
2020-03-23,54.117034912109375
2020-03-24,59.54634094238281
2020-03-25,59.21831512451172
2020-03-26,62.33457565307617
2020-03-27,59.75376510620117
2020-03-30,61.459022521972656
2020-03-31,61.333595275878906
2020-04-01,58.10639953613281
2020-04-02,59.07600402832031
2020-04-03,58.22700500488281
2020-04-06,63.306575775146484
2020-04-07,62.57334518432617
2020-04-08,64.17486572265625
2020-04-09,64.63796997070312
2020-04-13,65.90667724609375
2020-04-14,69.23516845703125
2020-04-15,68.60323333740234
2020-04-16,69.14833068847656
2020-04-17,68.2100830078125
2020-04-20,66.79428100585938
2020-04-21,64.7296142578125
2020-04-22,66.59407043457031
2020-04-23,66.33599090576172
2020-04-24,68.25110626220703
2020-04-27,68.29930877685547
2020-04-28,67.19223022460938
2020-04-29,69.39917755126953
2020-04-30,70.86323547363281
2020-05-01,69.72238159179688
2020-05-04,70.70886993408203
2020-05-05,71.77013397216797
2020-05-06,72.51058959960938
2020-05-07,73.26071166992188
2020-05-08,75.00444030761719
2020-05-11,76.1846694946289
2020-05-12,75.31400299072266
2020-05-13,74.40465545654297
2020-05-14,74.86175537109375
2020-05-15,74.4191665649414
2020-05-18,76.17255401611328
2020-05-19,75.73241424560547
2020-05-20,77.20525360107422
2020-05-21,76.62969207763672
2020-05-22,77.123046875
2020-05-26,76.60064697265625
2020-05-27,76.93441009521484
2020-05-28,76.9682388305664
2020-05-29,76.89329528808594
2020-06-01,77.83891296386719
2020-06-02,78.19927215576172
2020-06-03,78.62975311279297
2020-06-04,77.95259094238281
2020-06-05,80.17274475097656
2020-06-08,80.64678192138672
2020-06-09,83.19342803955078
2020-06-10,85.3337631225586
2020-06-11,81.23686981201172
2020-06-12,81.93821716308594
2020-06-15,82.95156860351562
2020-06-16,85.14998626708984
2020-06-17,85.0314712524414
2020-06-18,85.06532287597656
2020-06-19,84.57920837402344
2020-06-22,86.79212188720703
2020-06-23,88.64469909667969
2020-06-24,87.07992553710938
2020-06-25,88.2359619140625
2020-06-26,85.52485656738281
2020-06-29,87.49592590332031
2020-06-30,88.2262954711914
2020-07-01,88.0594253540039
2020-07-02,88.0594253540039
2020-07-06,90.41502380371094
2020-07-07,90.13446807861328
2020-07-08,92.23372650146484
2020-07-09,92.63034057617188
2020-07-10,92.79241180419922
2020-07-13,92.36432647705078
2020-07-14,93.89280700683594
2020-07-15,94.53856658935547
2020-07-16,93.375244140625
2020-07-17,93.18660736083984
2020-07-20,95.15042114257812
2020-07-21,93.837158203125
2020-07-22,94.10079193115234
2020-07-23,89.81766510009766
2020-07-24,89.59515380859375
2020-07-27,91.71858978271484
2020-07-28,90.21186828613281
2020-07-29,91.94107055664062
2020-07-30,93.0535888671875
2020-07-31,102.79524230957031
2020-08-03,105.38542938232422
2020-08-04,106.0892333984375
2020-08-05,106.4737548828125
2020-08-06,110.18853759765625
2020-08-07,107.68331146240234
2020-08-10,109.24848175048828
2020-08-11,105.99944305419922
2020-08-12,109.52225494384766
2020-08-13,111.46054077148438
2020-08-14,111.3612060546875
2020-08-17,111.0704574584961
2020-08-18,111.9959945678711
2020-08-19,112.13652801513672
2020-08-20,114.62476348876953
2020-08-21,120.53166198730469
2020-08-24,121.97325134277344
2020-08-25,120.97262573242188
2020-08-26,122.61773681640625
2020-08-27,121.15192413330078
2020-08-28,120.95565795898438
2020-08-31,125.05755615234375
2020-09-01,130.03892517089844
2020-09-02,127.34468841552734
2020-09-03,117.14936828613281
2020-09-04,117.22689819335938
2020-09-08,109.338134765625
2020-09-09,113.6992416381836
2020-09-10,109.98744201660156
2020-09-11,108.54344177246094
2020-09-14,111.79974365234375
2020-09-15,111.97418212890625
2020-09-16,108.66944122314453
2020-09-17,106.93465423583984
2020-09-18,103.54268646240234
2020-09-21,106.68269348144531
2020-09-22,108.35929870605469
2020-09-23,103.81404876708984
2020-09-24,104.8801040649414
2020-09-25,108.81478881835938
2020-09-28,111.41209411621094
2020-09-29,110.56893157958984
2020-09-30,112.23584747314453
2020-10-01,113.18560791015625
2020-10-02,109.53193664550781
2020-10-05,112.90455627441406
2020-10-06,109.66763305664062
2020-10-07,111.52838134765625
2020-10-08,111.42176055908203
2020-10-09,113.36005401611328
2020-10-12,120.56074523925781
2020-10-13,117.36260223388672
2020-10-14,117.44981384277344
2020-10-15,116.98462677001953
2020-10-16,115.3467788696289
2020-10-19,112.4006118774414
2020-10-20,113.88338470458984
2020-10-21,113.26313018798828
2020-10-22,112.17770385742188
2020-10-23,111.4896240234375
2020-10-26,111.49932098388672
2020-10-27,113.00146484375
2020-10-28,107.76812744140625
2020-10-29,111.76095581054688
2020-10-30,105.50035858154297
2020-11-02,105.41311645507812
2020-11-03,107.03158569335938
2020-11-04,111.40238189697266
2020-11-05,115.3564682006836
2020-11-06,115.2254409790039
2020-11-09,112.92459869384766
2020-11-10,112.58480834960938
2020-11-11,116.00205993652344
2020-11-12,115.730224609375
2020-11-13,115.7787857055664
2020-11-16,116.78841400146484
2020-11-17,115.90498352050781
2020-11-18,114.5846939086914
2020-11-19,115.1768798828125
2020-11-20,113.91481018066406
2020-11-23,110.52670288085938
2020-11-24,111.80816650390625
2020-11-25,112.64305114746094
2020-11-27,113.18672180175781
2020-11-30,115.57490539550781
2020-12-01,119.13777923583984
2020-12-02,119.48727416992188
2020-12-03,119.35136413574219
2020-12-04,118.68148040771484
2020-12-07,120.13771057128906
2020-12-08,120.74933624267578
2020-12-09,118.22521209716797
2020-12-10,119.64260864257812
2020-12-11,118.83683013916016
2020-12-14,118.22521209716797
2020-12-15,124.14715576171875
2020-12-16,124.07920837402344
2020-12-17,124.94322204589844
2020-12-18,122.9627685546875
2020-12-21,124.4869384765625
2020-12-22,128.03041076660156
2020-12-23,127.13728332519531
2020-12-24,128.1177978515625
2020-12-28,132.69998168945312
2020-12-29,130.93309020996094
2020-12-30,129.816650390625
2020-12-31,128.8167724609375
2021-01-04,125.63251495361328
2021-01-05,127.18580627441406
2021-01-06,122.90451049804688
2021-01-07,127.09839630126953
2021-01-08,128.19544982910156
2021-01-11,125.21504211425781
2021-01-12,125.04031372070312
2021-01-13,127.06932830810547
2021-01-14,125.1470947265625
2021-01-15,123.42875671386719
2021-01-19,124.0986099243164
2021-01-20,128.17599487304688
2021-01-21,132.87472534179688
2021-01-22,135.01051330566406
2021-01-25,138.74815368652344
2021-01-26,138.9811248779297
2021-01-27,137.91322326660156
2021-01-28,133.08828735351562
2021-01-29,128.1081085205078
2021-02-01,130.22442626953125
2021-02-02,131.0496063232422
2021-02-03,130.0302734375
2021-02-04,133.37950134277344
2021-02-05,132.9663543701172
2021-02-08,133.1121826171875
2021-02-09,132.2371368408203
2021-02-10,131.63436889648438
2021-02-11,131.38157653808594
2021-02-12,131.61492919921875
2021-02-16,129.495361328125
2021-02-17,127.2105712890625
2021-02-18,126.1119155883789
2021-02-19,126.26747131347656
2021-02-22,122.50482177734375
2021-02-23,122.36871337890625
2021-02-24,121.87284851074219
2021-02-25,117.63377380371094
2021-02-26,117.89631652832031
2021-03-01,124.24517059326172
2021-03-02,121.64923858642578
2021-03-03,118.67411041259766
2021-03-04,116.79763793945312
2021-03-05,118.0518798828125
2021-03-08,113.13223266601562
2021-03-09,117.73100280761719
2021-03-10,116.65181732177734
2021-03-11,118.57691192626953
2021-03-12,117.67269134521484
2021-03-15,120.55056762695312
2021-03-16,122.08674621582031
2021-03-17,121.29922485351562
2021-03-18,117.18656158447266
2021-03-19,116.66151428222656
2021-03-22,119.96723937988281
2021-03-23,119.14080047607422
2021-03-24,116.75875854492188
2021-03-25,117.24490356445312
2021-03-26,117.84770965576172
2021-03-29,118.02271270751953
2021-03-30,116.57402801513672
2021-03-31,118.76162719726562
2021-04-01,119.58805084228516
2021-04-05,122.4075927734375
2021-04-06,122.70899200439453
2021-04-07,124.35211944580078
2021-04-08,126.74385833740234
2021-04-09,129.31068420410156
2021-04-12,127.5995101928711
2021-04-13,130.7010040283203
2021-04-14,128.3675537109375
2021-04-15,130.76907348632812
2021-04-16,130.43844604492188
2021-04-19,131.09959411621094
2021-04-20,129.41757202148438
2021-04-21,129.79678344726562
2021-04-22,128.28001403808594
2021-04-23,130.5940399169922
2021-04-26,130.98292541503906
2021-04-27,130.66207885742188
2021-04-28,129.87457275390625
2021-04-29,129.77731323242188
2021-04-30,127.81338500976562
2021-05-03,128.86341857910156
2021-05-04,124.30349731445312
2021-05-05,124.54658508300781
2021-05-06,126.14105987548828
2021-05-07,126.8131103515625
2021-05-10,123.54074096679688
2021-05-11,122.625244140625
2021-05-12,119.5671615600586
2021-05-13,121.70980072021484
2021-05-14,124.1250991821289
2021-05-17,122.97586822509766
2021-05-18,121.5928955078125
2021-05-19,121.43708801269531
2021-05-20,123.98873138427734
2021-05-21,122.15778350830078
2021-05-24,123.7842025756836
2021-05-25,123.58942413330078
2021-05-26,123.54074096679688
2021-05-27,122.0116958618164
2021-05-28,121.35918426513672
2021-06-01,121.03778839111328
2021-06-02,121.79740905761719
2021-06-03,120.31707763671875
2021-06-04,122.60577392578125
2021-06-07,122.61552429199219
2021-06-08,123.43360900878906
2021-06-09,123.81344604492188
2021-06-10,122.8200454711914
2021-06-11,124.02769470214844
2021-06-14,127.07604217529297
2021-06-15,126.25794982910156
2021-06-16,126.7546157836914
2021-06-17,128.35186767578125
2021-06-18,127.05659484863281
2021-06-21,128.8485107421875
2021-06-22,130.48472595214844
2021-06-23,130.21200561523438
2021-06-24,129.92959594726562
2021-06-25,129.63742065429688
2021-06-28,131.2638702392578
2021-06-29,132.77342224121094
2021-06-30,133.38699340820312
2021-07-01,133.6888885498047
2021-07-02,136.30870056152344
2021-07-06,138.3149871826172
2021-07-07,140.79847717285156
2021-07-08,139.5031280517578
2021-07-09,141.32435607910156
2021-07-12,140.7302703857422
2021-07-13,141.8405303955078
2021-07-14,145.25894165039062
2021-07-15,144.6064453125
2021-07-16,142.57098388671875
2021-07-19,138.73374938964844
2021-07-20,142.33721923828125
2021-07-21,141.6067657470703
2021-07-22,142.9702606201172
2021-07-23,144.6843719482422
2021-07-26,145.10313415527344
2021-07-27,142.94107055664062
2021-07-28,141.19778442382812
2021-07-29,141.8405303955078
2021-07-30,142.0547637939453
2021-08-02,141.72366333007812
2021-08-03,143.5156707763672
2021-08-04,143.1163787841797
2021-08-05,143.22348022460938
2021-08-06,142.54075622558594
2021-08-09,142.49195861816406
2021-08-10,142.01406860351562
2021-08-11,142.26759338378906
2021-08-12,145.2230224609375
2021-08-13,145.42784118652344
2021-08-16,147.3980712890625
2021-08-17,146.49098205566406
2021-08-18,142.75531005859375
2021-08-19,143.08692932128906
2021-08-20,144.54022216796875
2021-08-23,146.0228271484375
2021-08-24,145.9350128173828
2021-08-25,144.70603942871094
2021-08-26,143.90626525878906
2021-08-27,144.94017028808594
2021-08-30,149.34881591796875
2021-08-31,148.09060668945312
2021-09-01,148.75389099121094
2021-09-02,149.86578369140625
2021-09-03,150.49977111816406
2021-09-07,152.8309326171875
2021-09-08,151.28981018066406
2021-09-09,150.27542114257812
2021-09-10,145.30104064941406
2021-09-13,145.86676025390625
2021-09-14,144.4719696044922
2021-09-15,145.35955810546875
2021-09-16,145.12550354003906
2021-09-17,142.4626922607422
2021-09-20,139.41954040527344
2021-09-21,139.89744567871094
2021-09-22,142.2578887939453
2021-09-23,143.2137451171875
2021-09-24,143.30154418945312
2021-09-27,141.7897186279297
2021-09-28,138.41490173339844
2021-09-29,139.312255859375
2021-09-30,138.0150146484375
2021-10-01,139.13671875
2021-10-04,135.71316528320312
2021-10-05,137.63461303710938
2021-10-06,138.50270080566406
2021-10-07,139.76092529296875
2021-10-08,139.3805389404297
2021-10-11,139.29275512695312
2021-10-12,138.0247802734375
2021-10-13,137.43954467773438
2021-10-14,140.21932983398438
2021-10-15,141.27276611328125
2021-10-18,142.94065856933594
2021-10-19,145.09622192382812
2021-10-20,145.5838623046875
2021-10-21,145.79849243164062
2021-10-22,145.02793884277344
2021-10-25,144.97918701171875
2021-10-26,145.6424102783203
2021-10-27,145.1840057373047
2021-10-28,148.81240844726562
2021-10-29,146.11061096191406
2021-11-01,145.29129028320312
2021-11-02,146.32521057128906
2021-11-03,147.75900268554688
2021-11-04,147.24203491210938
2021-11-05,147.76950073242188
2021-11-08,146.94898986816406
2021-11-09,147.3103790283203
2021-11-10,144.48751831054688
2021-11-11,144.4386444091797
2021-11-12,146.50942993164062
2021-11-15,146.5192108154297
2021-11-16,147.49598693847656
2021-11-17,149.92820739746094
2021-11-18,154.20652770996094
2021-11-19,156.82435607910156
2021-11-22,157.28347778320312
2021-11-23,157.66444396972656
2021-11-24,158.18215942382812
2021-11-26,153.171142578125
2021-11-29,156.52159118652344
2021-11-30,161.46414184570312
2021-12-01,160.9464569091797
2021-12-02,159.9598846435547
2021-12-03,158.08445739746094
2021-12-06,161.4836883544922
2021-12-07,167.2077178955078
2021-12-08,171.0172119140625
2021-12-09,170.50929260253906
2021-12-10,175.28579711914062
2021-12-13,171.66192626953125
2021-12-14,170.28457641601562
2021-12-15,175.13929748535156
2021-12-16,168.2626190185547
2021-12-17,167.1686248779297
2021-12-20,165.8109130859375
2021-12-21,168.97567749023438
2021-12-22,171.56422424316406
2021-12-23,172.18934631347656
2021-12-27,176.1453857421875
2021-12-28,175.1295166015625
2021-12-29,175.21742248535156
2021-12-30,174.0648193359375
2021-12-31,173.44943237304688
2022-01-03,177.78636169433594
2022-01-04,175.53001403808594
2022-01-05,170.86093139648438
2022-01-06,168.00868225097656
2022-01-07,168.1747589111328
2022-01-10,168.19427490234375
2022-01-11,171.0172119140625
2022-01-12,171.4567413330078
2022-01-13,168.19427490234375
2022-01-14,169.05381774902344
2022-01-18,165.85972595214844
2022-01-19,162.37258911132812
2022-01-20,160.6925048828125
2022-01-21,158.64120483398438
2022-01-24,157.86953735351562
2022-01-25,156.07223510742188
2022-01-26,155.98434448242188
2022-01-27,155.5252685546875
2022-01-28,166.37747192382812
2022-01-31,170.72413635253906
2022-02-01,170.55810546875
2022-02-02,171.75958251953125
2022-02-03,168.8877716064453
2022-02-04,168.60414123535156
2022-02-07,167.89019775390625
2022-02-08,170.99057006835938
2022-02-09,172.4087371826172
2022-02-10,168.34007263183594
2022-02-11,164.93650817871094
2022-02-14,165.17124938964844
2022-02-15,168.99534606933594
2022-02-16,168.7606201171875
2022-02-17,165.17124938964844
2022-02-18,163.62596130371094
2022-02-22,160.71139526367188
2022-02-23,156.5547332763672
2022-02-24,159.16610717773438
2022-02-25,161.229736328125
2022-02-28,161.4938201904297
2022-03-01,159.61599731445312
2022-03-02,162.9021759033203
2022-03-03,162.57943725585938
2022-03-04,159.5866241455078
2022-03-07,155.80165100097656
2022-03-08,153.98245239257812
2022-03-09,159.37147521972656
2022-03-10,155.03875732421875
2022-03-11,151.33197021484375
2022-03-14,147.31224060058594
2022-03-15,151.68411254882812
2022-03-16,156.08526611328125
2022-03-17,157.09263610839844
2022-03-18,160.3788604736328
2022-03-21,161.7480926513672
2022-03-22,165.112548828125
2022-03-23,166.47203063964844
2022-03-24,170.24728393554688
2022-03-25,170.8830108642578
2022-03-28,171.7436981201172
2022-03-29,175.02989196777344
2022-03-30,173.8660125732422
2022-03-31,170.77542114257812
2022-04-01,170.4820098876953
2022-04-04,174.5213165283203
2022-04-05,171.2155303955078
2022-04-06,168.0564727783203
2022-04-07,168.35964965820312
2022-04-08,166.3546905517578
2022-04-11,162.1099853515625
2022-04-12,163.9780731201172
2022-04-13,166.6578826904297
2022-04-14,161.66009521484375
2022-04-18,161.44491577148438
2022-04-19,163.72372436523438
2022-04-20,163.55751037597656
2022-04-21,162.7652587890625
2022-04-22,158.2369384765625
2022-04-25,159.30303955078125
2022-04-26,153.35650634765625
2022-04-27,153.131591796875
2022-04-28,160.04632568359375
2022-04-29,154.18788146972656
2022-05-02,154.4910430908203
2022-05-03,155.97767639160156
2022-05-04,162.3740692138672
2022-05-05,153.32720947265625
2022-05-06,154.052001953125
2022-05-09,148.93914794921875
2022-05-10,151.33885192871094
2022-05-11,143.4932403564453
2022-05-12,139.63412475585938
2022-05-13,144.0907440185547
2022-05-16,142.55294799804688
2022-05-17,146.1770477294922
2022-05-18,137.92982482910156
2022-05-19,134.53106689453125
2022-05-20,134.76611328125
2022-05-23,140.17283630371094
2022-05-24,137.479248046875
2022-05-25,137.63600158691406
2022-05-26,140.82908630371094
2022-05-27,146.5688018798828
2022-05-31,145.7852020263672
2022-06-01,145.65789794921875
2022-06-02,148.10659790039062
2022-06-03,142.396240234375
2022-06-06,143.14064025878906
2022-06-07,145.65789794921875
2022-06-08,144.92333984375
2022-06-09,139.71249389648438
2022-06-10,134.3155975341797
2022-06-13,129.17333984375
2022-06-14,130.03524780273438
2022-06-15,132.6504364013672
2022-06-16,127.39068603515625
2022-06-17,128.85989379882812
2022-06-21,133.08140563964844
2022-06-22,132.5720977783203
2022-06-23,135.4321746826172
2022-06-24,138.7525634765625
2022-06-27,138.7525634765625
2022-06-28,134.6191864013672
2022-06-29,136.37245178222656
2022-06-30,133.91397094726562
2022-07-01,136.07862854003906
2022-07-05,138.65464782714844
2022-07-06,139.98670959472656
2022-07-07,143.3463592529297
2022-07-08,144.0221710205078
2022-07-11,141.89669799804688
2022-07-12,142.86639404296875
2022-07-13,142.5039825439453
2022-07-14,145.42279052734375
2022-07-15,147.087890625
2022-07-18,144.0515594482422
2022-07-19,147.90089416503906
2022-07-20,149.89898681640625
2022-07-21,152.16162109375
2022-07-22,150.927490234375
2022-07-25,149.81088256835938
2022-07-26,148.48858642578125
2022-07-27,153.57208251953125
2022-07-28,154.12059020996094
2022-07-29,159.1746368408203
2022-08-01,158.19522094726562
2022-08-02,156.72598266601562
2022-08-03,162.72036743164062
2022-08-04,162.4069366455078
2022-08-05,162.18138122558594
2022-08-08,161.71054077148438
2022-08-09,161.75955200195312
2022-08-10,165.99679565429688
2022-08-11,165.26119995117188
2022-08-12,168.80201721191406
2022-08-15,169.87107849121094
2022-08-16,169.71417236328125
2022-08-17,171.20506286621094
2022-08-18,170.81268310546875
2022-08-19,168.2330780029297
2022-08-22,164.35879516601562
2022-08-23,164.02532958984375
2022-08-24,164.31954956054688
2022-08-25,166.77166748046875
2022-08-26,160.4844970703125
2022-08-29,158.28738403320312
2022-08-30,155.8647918701172
2022-08-31,154.20716857910156
2022-09-01,154.93295288085938
2022-09-02,152.82415771484375
2022-09-06,151.56866455078125
2022-09-07,152.97132873535156
2022-09-08,151.50001525878906
2022-09-09,154.35426330566406
2022-09-12,160.29812622070312
2022-09-13,150.89193725585938
2022-09-14,152.33375549316406
2022-09-15,149.4500732421875
2022-09-16,147.8120880126953
2022-09-19,151.5196533203125
2022-09-20,153.89328002929688
2022-09-21,150.77423095703125
2022-09-22,149.81300354003906
2022-09-23,147.5472412109375
2022-09-26,147.8807830810547
2022-09-27,148.85177612304688
2022-09-28,146.96856689453125
2022-09-29,139.74960327148438
2022-09-30,135.55165100097656
2022-10-03,139.7201690673828
2022-10-04,143.30026245117188
2022-10-05,143.59451293945312
2022-10-06,142.64308166503906
2022-10-07,137.40541076660156
2022-10-10,137.72906494140625
2022-10-11,136.3166961669922
2022-10-12,135.68899536132812
2022-10-13,140.2498016357422
2022-10-14,135.7281951904297
2022-10-17,139.6809844970703
2022-10-18,140.99526977539062
2022-10-19,141.1031494140625
2022-10-20,140.64218139648438
2022-10-21,144.44786071777344
2022-10-24,146.5860137939453
2022-10-25,149.420654296875
2022-10-26,146.4879913330078
2022-10-27,142.02513122558594
2022-10-28,152.75550842285156
2022-10-31,150.4014892578125
2022-11-01,147.76303100585938
2022-11-02,142.250732421875
2022-11-03,136.21859741210938
2022-11-04,135.95333862304688
2022-11-07,136.4838409423828
2022-11-08,137.05369567871094
2022-11-09,132.5048828125
2022-11-10,144.29444885253906
2022-11-11,147.07484436035156
2022-11-14,145.67971801757812
2022-11-15,147.4088592529297
2022-11-16,146.18077087402344
2022-11-17,148.07691955566406
2022-11-18,148.6369171142578
2022-11-21,145.41445922851562
2022-11-22,147.5464324951172
2022-11-23,148.42080688476562
2022-11-25,145.51271057128906
2022-11-28,141.69091796875
2022-11-29,138.6943817138672
2022-11-30,145.43411254882812
2022-12-01,145.70919799804688
2022-12-02,145.2179718017578
2022-12-05,144.05870056152344
2022-12-06,140.40386962890625
2022-12-07,138.4684600830078
2022-12-08,140.14845275878906
2022-12-09,139.66705322265625
2022-12-12,141.95620727539062
2022-12-13,142.9190216064453
2022-12-14,140.6986541748047
2022-12-15,134.1063232421875
2022-12-16,132.15118408203125
2022-12-19,130.0487060546875
2022-12-20,129.97994995117188
2022-12-21,133.07473754882812
2022-12-22,129.91119384765625
2022-12-23,129.54766845703125
2022-12-27,127.74974822998047
2022-12-28,123.82972717285156
2022-12-29,127.33712768554688
2022-12-30,127.6514892578125
2023-01-03,122.8767318725586
2023-01-04,124.14411926269531
2023-01-05,122.82762908935547
2023-01-06,127.34695434570312
2023-01-09,127.86764526367188
2023-01-10,128.43746948242188
2023-01-11,131.14910888671875
2023-01-12,131.07046508789062
2023-01-13,132.39683532714844
2023-01-17,133.55612182617188
2023-01-18,132.8389434814453
2023-01-19,132.8978729248047
2023-01-20,135.4522705078125
2023-01-23,138.63543701171875
2023-01-24,140.0305633544922
2023-01-25,139.37229919433594
2023-01-26,141.4355010986328
2023-01-27,143.37094116210938
2023-01-30,140.4923095703125
2023-01-31,141.75967407226562
2023-02-01,142.87969970703125
2023-02-02,148.17520141601562
2023-02-03,151.79061889648438
2023-02-06,149.06924438476562
2023-02-07,151.93800354003906
2023-02-08,149.25592041015625
2023-02-09,148.22430419921875
2023-02-10,148.58837890625
2023-02-13,151.38282775878906
2023-02-14,150.7432403564453
2023-02-15,152.83908081054688
2023-02-16,151.24508666992188
2023-02-17,150.1036834716797
2023-02-21,146.0989532470703
2023-02-22,146.5220489501953
2023-02-23,147.00418090820312
2023-02-24,144.35731506347656
2023-02-27,145.54791259765625
2023-02-28,145.04612731933594
2023-03-01,142.97979736328125
2023-03-02,143.57015991210938
2023-03-03,148.60804748535156
2023-03-06,151.3631591796875
2023-03-07,149.16891479492188
2023-03-08,150.41854858398438
2023-03-09,148.1751251220703
2023-03-10,146.1186065673828
2023-03-13,148.05703735351562
2023-03-14,150.14300537109375
2023-03-15,150.53662109375
2023-03-16,153.3507843017578
2023-03-17,152.514404296875
2023-03-20,154.87591552734375
2023-03-21,156.72576904296875
2023-03-22,155.2989959716797
2023-03-23,156.38136291503906
2023-03-24,157.68020629882812
2023-03-27,155.74179077148438
2023-03-28,155.12188720703125
2023-03-29,158.19187927246094
2023-03-30,159.75636291503906
2023-03-31,162.25563049316406
2023-04-03,163.5052490234375
2023-04-04,162.97393798828125
2023-04-05,161.1339111328125
2023-04-06,162.01947021484375
2023-04-10,159.43165588378906
2023-04-11,158.22137451171875
2023-04-12,157.53262329101562
2023-04-13,162.90504455566406
2023-04-14,162.5606689453125
2023-04-17,162.58033752441406
2023-04-18,163.80047607421875
2023-04-19,164.9418487548828
2023-04-20,163.9775390625
2023-04-21,162.3737030029297
2023-04-24,162.6787567138672
2023-04-25,161.1437530517578
2023-04-26,161.1339111328125
2023-04-27,165.70938110351562
2023-04-28,166.958984375
2023-05-01,166.87045288085938
2023-05-02,165.8372802734375
2023-05-03,164.76473999023438
2023-05-04,163.13136291503906
2023-05-05,170.78660583496094
2023-05-08,170.71771240234375
2023-05-09,169.01547241210938
2023-05-10,170.7767791748047
2023-05-11,170.96372985839844
2023-05-12,170.03750610351562
2023-05-15,169.54483032226562
2023-05-16,169.54483032226562
2023-05-17,170.15576171875
2023-05-18,172.48110961914062
2023-05-19,172.58950805664062
2023-05-22,171.64358520507812
2023-05-23,169.0423583984375
2023-05-24,169.3182373046875
2023-05-25,170.4513397216797
2023-05-26,172.85556030273438
2023-05-30,174.69808959960938
2023-05-31,174.64883422851562
2023-06-01,177.4471435546875
2023-06-02,178.2945098876953
2023-06-05,176.94461059570312
2023-06-06,176.580078125
2023-06-07,175.21046447753906
2023-06-08,177.9201202392578
2023-06-09,178.30441284179688
2023-06-12,181.0928497314453
2023-06-13,180.61988830566406
2023-06-14,181.25048828125
2023-06-15,183.28024291992188
2023-06-16,182.20628356933594
2023-06-20,182.29495239257812
2023-06-21,181.26036071777344
2023-06-22,184.25575256347656
2023-06-23,183.94044494628906
2023-06-26,182.5511474609375
2023-06-27,185.3001708984375
2023-06-28,186.47274780273438
2023-06-29,186.80775451660156
2023-06-30,191.1234588623047
2023-07-03,189.63563537597656
2023-07-05,188.52220153808594
2023-07-06,188.9951629638672
2023-07-07,187.8817138671875
2023-07-10,185.84214782714844
2023-07-11,185.31991577148438
2023-07-12,186.98509216308594
2023-07-13,187.74375915527344
2023-07-14,187.89157104492188
2023-07-17,191.14315795898438
2023-07-18,190.88694763183594
2023-07-19,192.2368621826172
2023-07-20,190.29580688476562
2023-07-21,189.12326049804688
2023-07-24,189.92138671875
2023-07-25,190.77859497070312
2023-07-26,191.64569091796875
2023-07-27,190.38446044921875
2023-07-28,192.95616149902344
2023-07-31,193.5670623779297
2023-08-01,192.73936462402344
2023-08-02,189.75384521484375
2023-08-03,188.3645477294922
2023-08-04,179.3192596435547
2023-08-07,176.225341796875
2023-08-08,177.161376953125
2023-08-09,175.57504272460938
2023-08-10,175.35826110839844
2023-08-11,175.41744995117188
2023-08-14,177.065185546875
2023-08-15,175.08200073242188
2023-08-16,174.2137451171875
2023-08-17,171.6780548095703
2023-08-18,172.1614990234375
2023-08-21,173.49346923828125
2023-08-22,174.86492919921875
2023-08-23,178.7030029296875
2023-08-24,174.02630615234375
2023-08-25,176.22650146484375
2023-08-28,177.78543090820312
2023-08-29,181.6629638671875
2023-08-30,185.14588928222656
2023-08-31,185.36293029785156
2023-09-01,186.93174743652344
2023-09-05,187.1685028076172
2023-09-06,180.46913146972656
2023-09-07,175.19053649902344
2023-09-08,175.80226135253906
2023-09-11,176.96652221679688
2023-09-12,173.94737243652344
2023-09-13,171.88523864746094
2023-09-14,173.39483642578125
2023-09-15,172.67457580566406
2023-09-18,175.59506225585938
2023-09-19,176.68038940429688
2023-09-20,173.1481475830078
2023-09-21,171.60899353027344
2023-09-22,172.45745849609375
2023-09-25,173.73025512695312
2023-09-26,169.66526794433594
2023-09-27,168.15567016601562
2023-09-28,168.41221618652344
2023-09-29,168.92526245117188
2023-10-02,171.43138122558594
2023-10-03,170.09939575195312
2023-10-04,171.3425750732422
2023-10-05,172.57591247558594
2023-10-06,175.12147521972656
2023-10-09,176.60145568847656
2023-10-10,176.00946044921875
2023-10-11,177.400634765625
2023-10-12,178.29847717285156
2023-10-13,176.4633026123047
2023-10-16,176.3350372314453
2023-10-17,174.78598022460938
2023-10-18,173.49346923828125
2023-10-19,173.1185760498047
2023-10-20,170.572998046875
2023-10-23,170.69137573242188
2023-10-24,171.12548828125
2023-10-25,168.81674194335938
2023-10-26,164.6629180908203
2023-10-27,165.97515869140625
2023-10-30,168.0175323486328
2023-10-31,168.4911346435547
2023-11-01,171.64842224121094
2023-11-02,175.20037841796875
2023-11-03,174.29266357421875
2023-11-06,176.8382568359375
2023-11-07,179.39370727539062
2023-11-08,180.4493865966797
2023-11-09,179.97581481933594
2023-11-10,184.1548309326172
2023-11-13,182.5740966796875
2023-11-14,185.18235778808594
2023-11-15,185.7454376220703
2023-11-16,187.4250030517578
2023-11-17,187.40521240234375
2023-11-20,189.14402770996094
2023-11-21,188.3437957763672
2023-11-22,189.00572204589844
2023-11-24,187.68185424804688
2023-11-27,187.50401306152344
2023-11-28,188.10667419433594
2023-11-29,187.0890655517578
2023-11-30,187.662109375
2023-12-01,188.9365692138672
2023-12-04,187.1483612060547
2023-12-05,191.0902862548828
2023-12-06,190.00355529785156
2023-12-07,191.9300537109375
2023-12-08,193.35275268554688
2023-12-11,190.85321044921875
2023-12-12,192.36477661132812
2023-12-13,195.5756072998047
2023-12-14,195.72381591796875
2023-12-15,195.19032287597656
2023-12-18,193.53057861328125
2023-12-19,194.5679168701172
2023-12-20,192.4833221435547
2023-12-21,192.33509826660156
2023-12-22,191.2681427001953
2023-12-26,190.72476196289062
2023-12-27,190.82354736328125
2023-12-28,191.2483673095703
2023-12-29,190.21102905273438
2024-01-02,183.4039764404297
2024-01-03,182.03074645996094
2024-01-04,179.7189483642578
2024-01-05,178.9977264404297
2024-01-08,183.32496643066406
2024-01-09,182.91001892089844
2024-01-10,183.9473876953125
2024-01-11,183.3546142578125
2024-01-12,183.68063354492188
2024-01-16,181.41824340820312
2024-01-17,180.4796600341797
2024-01-18,186.35800170898438
2024-01-19,189.25270080566406
2024-01-22,191.55465698242188
2024-01-23,192.82908630371094
2024-01-24,192.1572723388672
2024-01-25,191.831298828125
2024-01-26,190.10232543945312
2024-01-29,189.42063903808594
2024-01-30,185.77511596679688
2024-01-31,182.17893981933594
2024-02-01,184.6092987060547
2024-02-02,183.61148071289062
2024-02-05,185.41941833496094
2024-02-06,187.01995849609375
2024-02-07,187.1285858154297
2024-02-08,186.05174255371094
2024-02-09,186.8134307861328
2024-02-12,185.1317596435547
2024-02-13,183.0445098876953
2024-02-14,182.16407775878906
2024-02-15,181.8772430419922
2024-02-16,180.3439483642578
2024-02-20,179.60205078125
2024-02-21,180.3538360595703
2024-02-22,182.38174438476562
2024-02-23,180.5516815185547
2024-02-26,179.20635986328125
2024-02-27,180.66050720214844
2024-02-28,179.4635467529297
2024-02-29,178.80076599121094
2024-03-01,177.7225341796875
2024-03-04,173.2117156982422
2024-03-05,168.28541564941406
2024-03-06,167.2961883544922
2024-03-07,167.17750549316406
2024-03-08,168.88882446289062
2024-03-11,170.88705444335938
2024-03-12,171.3618621826172
2024-03-13,169.28453063964844
2024-03-14,171.1343536376953
2024-03-15,170.75843811035156
2024-03-18,171.84658813476562
2024-03-19,174.18112182617188
2024-03-20,176.74319458007812
2024-03-21,169.5219268798828
2024-03-22,170.42210388183594
2024-03-25,169.00755310058594
2024-03-26,167.8798370361328
2024-03-27,171.44100952148438
2024-03-28,169.63076782226562
2024-04-01,168.19638061523438
2024-04-02,167.0192108154297
2024-04-03,167.82046508789062
2024-04-04,166.99942016601562
2024-04-05,167.75123596191406
2024-04-08,166.63340759277344
2024-04-09,167.84027099609375
2024-04-10,165.97064208984375
2024-04-11,173.15234375
2024-04-12,174.6460723876953
2024-04-15,170.82769775390625
2024-04-16,167.5533905029297
2024-04-17,166.1882781982422
2024-04-18,165.2386016845703
2024-04-19,163.22064208984375
2024-04-22,164.05154418945312
2024-04-23,165.10011291503906
2024-04-24,167.197265625
2024-04-25,168.05787658691406
2024-04-26,167.4742431640625
2024-04-29,171.6289520263672
2024-04-30,168.4931640625
2024-05-01,167.4742431640625
2024-05-02,171.16403198242188
2024-05-03,181.4024200439453
2024-05-06,179.75039672851562
2024-05-07,180.43296813964844
2024-05-08,180.769287109375
2024-05-09,182.57958984375
2024-05-10,181.3215789794922
2024-05-13,184.52108764648438
2024-05-14,185.6602020263672
2024-05-15,187.9285888671875
2024-05-16,188.0474395751953
2024-05-17,188.07717895507812
2024-05-20,189.2361297607422
2024-05-21,190.5337677001953
2024-05-22,189.09744262695312
2024-05-23,185.1154327392578
2024-05-24,188.1861114501953
2024-05-28,188.19607543945312
2024-05-29,188.4932098388672
2024-05-30,189.48374938964844
2024-05-31,190.43470764160156
2024-06-03,192.19789123535156
2024-06-04,192.51487731933594
2024-06-05,194.0205078125
2024-06-06,192.6436309814453
2024-06-07,195.0308837890625
2024-06-10,191.29647827148438
2024-06-11,205.19400024414062
2024-06-12,211.05813598632812
2024-06-13,212.21705627441406
2024-06-14,210.48361206054688
2024-06-17,214.62413024902344
2024-06-18,212.26658630371094
2024-06-20,207.7001190185547
2024-06-21,205.53082275390625
2024-06-24,206.17465209960938
2024-06-25,207.09588623046875
2024-06-26,211.2364044189453
2024-06-27,212.07839965820312
2024-06-28,208.63125610351562
2024-07-01,214.703369140625
2024-07-02,218.19015502929688
2024-07-03,219.4580535888672
2024-07-05,224.2028350830078
2024-07-08,225.66885375976562
2024-07-09,226.5207061767578
2024-07-10,230.78012084960938
2024-07-11,225.4212188720703
2024-07-12,228.36317443847656
2024-07-15,232.1867218017578
2024-07-16,232.60275268554688
2024-07-17,226.71885681152344
2024-07-18,222.06320190429688
2024-07-19,222.19198608398438
2024-07-22,221.8452911376953
2024-07-23,222.88536071777344
2024-07-24,216.47647094726562
2024-07-25,215.43638610839844
2024-07-26,215.90196228027344
2024-07-29,216.17930603027344
2024-07-30,216.73403930664062
2024-07-31,219.98304748535156
2024-08-01,216.2981719970703
2024-08-02,217.78399658203125
2024-08-05,207.2940216064453
2024-08-06,205.27325439453125
2024-08-07,207.83880615234375
2024-08-08,211.29583740234375
2024-08-09,214.1981964111328
2024-08-12,215.7254180908203
2024-08-13,219.43441772460938
2024-08-14,219.88063049316406
2024-08-15,222.85577392578125
2024-08-16,224.1747589111328
2024-08-19,224.01605224609375
2024-08-20,224.63092041015625
2024-08-21,224.52183532714844
2024-08-22,222.6673583984375
2024-08-23,224.9581756591797
2024-08-26,225.29534912109375
2024-08-27,226.1383056640625
2024-08-28,224.611083984375
2024-08-29,227.8837127685547
2024-08-30,227.1002655029297
2024-09-03,220.9219512939453
2024-09-04,219.0178680419922
2024-09-05,220.53518676757812
2024-09-06,218.9881134033203
2024-09-09,219.07736206054688
2024-09-10,218.28402709960938
2024-09-11,220.81285095214844
2024-09-12,220.9219512939453
2024-09-13,220.65419006347656
2024-09-16,214.52548217773438
2024-09-17,214.99154663085938
2024-09-18,218.85919189453125
2024-09-19,226.97134399414062
2024-09-20,226.306884765625
2024-09-23,224.59124755859375
2024-09-24,225.48377990722656
2024-09-25,224.49208068847656
2024-09-26,225.63255310058594
2024-09-27,225.90029907226562
2024-09-30,231.06707763671875
2024-10-01,224.3334197998047
2024-10-02,224.89869689941406
2024-10-03,223.79791259765625
2024-10-04,224.9185028076172
2024-10-07,219.85092163085938
2024-10-08,223.89706420898438
2024-10-09,227.63575744628906
2024-10-10,227.13990783691406
2024-10-11,225.6622772216797
2024-10-14,229.38119506835938
2024-10-15,231.9100341796875
2024-10-16,229.85720825195312
2024-10-17,230.22413635253906
2024-10-18,233.0504913330078
2024-10-21,234.51820373535156
2024-10-22,233.9033660888672
2024-10-23,228.84567260742188
2024-10-24,228.6572265625
2024-10-25,229.49026489257812
2024-10-28,231.4637451171875
2024-10-29,231.73153686523438
2024-10-30,228.19114685058594
2024-10-31,224.03590393066406
2024-11-01,221.06077575683594
2024-11-04,220.1682586669922
2024-11-05,221.5963134765625
2024-11-06,220.8723602294922
2024-11-07,225.59283447265625
2024-11-08,225.3248291015625
2024-11-11,222.61448669433594
2024-11-12,222.61448669433594
2024-11-13,223.49807739257812
2024-11-14,226.5757598876953
2024-11-15,223.37892150878906
2024-11-18,226.377197265625
2024-11-19,226.63528442382812
2024-11-20,227.35012817382812
2024-11-21,226.87359619140625
2024-11-22,228.21385192871094
2024-11-25,231.19219970703125
2024-11-26,233.366455078125
2024-11-27,233.23739624023438
2024-11-29,235.6201171875
2024-12-02,237.8638153076172
2024-12-03,240.9017791748047
2024-12-04,241.25917053222656
2024-12-05,241.28897094726562
2024-12-06,241.09042358398438
2024-12-09,244.97222900390625
2024-12-10,245.98487854003906
2024-12-11,244.71412658691406
2024-12-12,246.1735382080078
2024-12-13,246.34228515625
2024-12-16,249.23130798339844
2024-12-17,251.6537322998047
2024-12-18,246.26287841796875
2024-12-19,247.99034118652344
2024-12-20,252.656494140625
2024-12-23,253.4308624267578
2024-12-24,256.33978271484375
2024-12-26,257.15380859375
2024-12-27,253.74853515625
2024-12-30,250.38296508789062
2024-12-31,248.61578369140625
2025-01-02,242.0931396484375
2025-01-03,241.6066436767578
2025-01-06,243.23486328125
2025-01-07,240.4649200439453
2025-01-08,240.95138549804688
2025-01-10,235.1435546875
2025-01-13,232.71121215820312
2025-01-14,231.59927368164062
2025-01-15,236.15621948242188
2025-01-16,226.6154327392578
2025-01-17,228.3230438232422
2025-01-21,221.0359344482422
2025-01-22,222.21734619140625
2025-01-23,222.04859924316406
2025-01-24,221.17494201660156
2025-01-27,228.20391845703125
2025-01-28,236.5433807373047
2025-01-29,237.635498046875
2025-01-30,235.8782196044922
2025-01-31,234.29966735839844
2025-02-03,226.36724853515625
2025-02-04,231.12274169921875
2025-02-05,230.79510498046875
2025-02-06,231.53970336914062
2025-02-07,225.989990234375
2025-02-10,226.25833129882812
2025-02-11,231.1979522705078
2025-02-12,235.42198181152344
2025-02-13,240.05349731445312
2025-02-14,243.10472106933594
2025-02-18,242.97552490234375
2025-02-19,243.373046875
2025-02-20,244.32717895507812
2025-02-21,244.0489044189453
2025-02-24,245.5894317626953
2025-02-25,245.52980041503906
2025-02-26,238.890625
2025-02-27,235.84934997558594
2025-02-28,240.36158752441406
2025-03-03,236.57489013671875
2025-03-04,234.4877166748047
2025-03-05,234.2988739013672
2025-03-06,233.89138793945312
2025-03-07,237.60853576660156
2025-03-10,226.08937072753906
2025-03-11,219.48995971679688
2025-03-12,215.65357971191406
2025-03-13,208.398193359375
2025-03-14,212.18490600585938
2025-03-17,212.69178771972656
2025-03-18,211.3898162841797
2025-03-19,213.92422485351562
2025-03-20,212.7911834716797
2025-03-21,216.9356689453125
2025-03-24,219.38063049316406
2025-03-25,222.3821563720703
2025-03-26,220.17575073242188
2025-03-27,222.4815673828125
2025-03-28,216.56793212890625
2025-03-31,220.77207946777344
2025-04-01,221.82559204101562
2025-04-02,222.52133178710938
2025-04-03,201.94786071777344
2025-04-04,187.2283935546875
2025-04-07,180.35072326660156
2025-04-08,171.365966796875
2025-04-09,197.63441467285156
2025-04-10,189.2559356689453
2025-04-11,196.9386749267578
2025-04-14,201.281982421875
2025-04-15,200.90428161621094
2025-04-16,193.08238220214844
2025-04-17,195.7758026123047
2025-04-21,191.9792022705078
2025-04-22,198.5189666748047
2025-04-23,203.3492431640625
2025-04-24,207.09620666503906
2025-04-25,208.0006103515625
2025-04-28,208.85537719726562
2025-04-29,209.9188232421875
2025-04-30,211.20095825195312
2025-05-01,212.0159454345703
2025-05-02,204.09466552734375
2025-05-05,197.6741485595703
2025-05-06,197.2964630126953
2025-05-07,195.05027770996094
2025-05-08,196.28271484375
2025-05-09,197.3163604736328
2025-05-12,209.776123046875
2025-05-13,211.9058380126953
2025-05-14,211.3087158203125
2025-05-15,210.4329376220703
2025-05-16,210.24386596679688
2025-05-19,207.7758026123047
2025-05-20,205.86502075195312
2025-05-21,201.11798095703125
2025-05-22,200.39149475097656
2025-05-23,194.33078002929688
2025-05-27,199.2470245361328
2025-05-28,199.45602416992188
2025-05-29,198.98826599121094
2025-05-30,199.8839569091797
2025-06-02,200.72987365722656
2025-06-03,202.29229736328125
2025-06-04,201.844482421875
2025-06-05,199.6649932861328
2025-06-06,202.93917846679688
2025-06-09,200.48104858398438
2025-06-10,201.69517517089844
2025-06-11,197.8238983154297
2025-06-12,198.24188232421875
2025-06-13,195.50511169433594
2025-06-16,197.4656219482422
2025-06-17,194.69900512695312
2025-06-18,195.6344757080078
2025-06-20,200.03323364257812
2025-06-23,200.53082275390625
2025-06-24,199.3365936279297
2025-06-25,200.59051513671875
2025-06-26,200.03323364257812
2025-06-27,200.11285400390625
2025-06-30,204.18316650390625
2025-07-01,206.82041931152344
2025-07-02,211.418212890625
2025-07-03,212.52285766601562
2025-07-07,208.94017028808594
2025-07-08,208.9998779296875
2025-07-09,210.1244354248047
2025-07-10,211.3883514404297
2025-07-11,210.14434814453125
2025-07-14,207.6165771484375
2025-07-15,208.10423278808594
2025-07-16,209.149169921875
2025-07-17,209.00985717773438
2025-07-18,210.16424560546875
2025-07-21,211.45799255371094
2025-07-22,213.36875915527344
2025-07-23,213.11996459960938
2025-07-24,212.73184204101562
2025-07-25,212.8512725830078
2025-07-28,213.0204620361328
2025-07-29,210.2538299560547
2025-07-30,208.04449462890625
2025-07-31,206.57164001464844
2025-08-01,201.40660095214844
2025-08-04,202.37193298339844
2025-08-05,201.9439697265625
2025-08-06,212.2242889404297
2025-08-07,218.97171020507812
2025-08-08,228.2468719482422
2025-08-11,226.3438720703125
2025-08-12,228.80479431152344
2025-08-13,232.47125244140625
2025-08-14,231.92327880859375
2025-08-15,230.7376708984375
2025-08-18,230.0402374267578
2025-08-19,229.71145629882812
2025-08-20,225.1781768798828
2025-08-21,224.07228088378906
2025-08-22,226.92176818847656
2025-08-25,226.323974609375
2025-08-26,228.46603393554688
2025-08-27,229.6417236328125
2025-08-28,231.70408630371094
2025-08-29,231.28562927246094
2025-09-02,228.87454223632812
2025-09-03,237.5923309326172
2025-09-04,238.8975067138672
2025-09-05,238.80784606933594
2025-09-08,237.0045166015625
2025-09-09,233.4875030517578
2025-09-10,225.95530700683594
2025-09-11,229.18341064453125
2025-09-12,233.2085418701172
2025-09-15,235.82884216308594
2025-09-16,237.2735137939453
2025-09-17,238.1104278564453
2025-09-18,237.0045166015625
2025-09-19,244.59646606445312
2025-09-22,255.13751220703125
2025-09-23,253.49359130859375
2025-09-24,251.38140869140625
2025-09-25,255.9246063232422
2025-09-26,254.5198211669922
2025-09-29,253.49359130859375
2025-09-30,253.69288635253906
2025-10-01,254.5098419189453
2025-10-02,256.1836242675781
2025-10-03,257.07037353515625
2025-10-06,255.74530029296875
2025-10-07,255.5360870361328
2025-10-08,257.1102294921875
2025-10-09,253.1050262451172
2025-10-10,244.3673095703125
2025-10-13,246.74851989746094
2025-10-14,246.8581085205078
2025-10-15,248.42233276367188
2025-10-16,246.53929138183594
2025-10-17,251.36148071289062
2025-10-20,261.27484130859375
2025-10-21,261.8028869628906
2025-10-22,257.49884033203125
2025-10-23,258.6246337890625
2025-10-24,261.85272216796875
2025-10-27,267.8206787109375
2025-10-28,268.00994873046875
2025-10-29,268.7073974609375
2025-10-30,270.4011535644531
2025-10-31,269.37493896484375
2025-11-03,268.0597839355469
2025-11-04,269.0461730957031
2025-11-05,269.14581298828125
2025-11-06,268.7771301269531
2025-11-07,267.4819030761719
2025-11-10,268.6985778808594
2025-11-11,274.5028076171875
2025-11-12,272.7276611328125
2025-11-13,272.2090759277344
2025-11-14,271.6705322265625
2025-11-17,266.7339782714844
2025-11-18,266.7139892578125
2025-11-19,267.83099365234375
2025-11-20,265.5272521972656
2025-11-21,270.75299072265625
2025-11-24,275.1710205078125
2025-11-25,276.2181701660156
2025-11-26,276.79656982421875
2025-11-28,278.0930480957031
2025-12-01,282.3315124511719
2025-12-02,285.4131164550781
2025-12-03,283.3786315917969
2025-12-04,279.9380187988281
2025-12-05,278.0232238769531
2025-12-08,277.13568115234375
2025-12-09,276.4275817871094
2025-12-10,278.0232238769531
2025-12-11,277.2752685546875
2025-12-12,277.52459716796875
2025-12-15,273.3658752441406
2025-12-16,273.8645324707031
2025-12-17,271.1020812988281
2025-12-18,271.45111083984375
2025-12-19,272.9271545410156
2025-12-22,270.23443603515625
2025-12-23,271.62066650390625
2025-12-24,273.06671142578125
2025-12-26,272.6578369140625
2025-12-29,273.0168762207031
2025-12-30,272.33868408203125
2025-12-31,271.12200927734375
2026-01-02,270.27435302734375
2026-01-05,266.5345458984375
2026-01-06,261.6477966308594
2026-01-07,259.6233215332031
2026-01-08,258.3368225097656
2026-01-09,258.6659240722656
2026-01-12,259.54351806640625
2026-01-13,260.34136962890625
2026-01-14,259.2543029785156
2026-01-15,257.5090637207031
2026-01-16,254.8363494873047
2026-01-20,246.0303192138672
2026-01-21,246.9777374267578
2026-01-22,247.67584228515625
2026-01-23,247.36666870117188
2026-01-26,254.71669006347656
2026-01-27,257.56890869140625
2026-01-28,255.74386596679688
2026-01-29,257.5788879394531
2026-01-30,258.7756652832031
2026-02-02,269.2770690917969
2026-02-03,268.7485046386719
2026-02-04,275.7394104003906
2026-02-05,275.1610107421875
2026-02-06,277.3650207519531
2026-02-09,274.13079833984375
2026-02-10,273.19244384765625
2026-02-11,275.00921630859375
2026-02-12,261.2637939453125
2026-02-13,255.32435607910156
2026-02-17,263.4099426269531
2026-02-18,263.8791198730469
2026-02-19,260.11578369140625
2026-02-20,264.1086730957031
2026-02-23,265.705810546875
2026-02-24,271.6552429199219
2026-02-25,273.74151611328125
2026-02-26,272.4637756347656
2026-02-27,263.7093811035156
2026-03-02,264.2484130859375
2026-03-03,263.2801818847656
2026-03-04,262.0523376464844
2026-03-05,259.8263244628906
2026-03-06,257.0013427734375
2026-03-09,259.41705322265625
2026-03-10,260.3653564453125
2026-03-11,260.3453674316406
2026-03-12,255.30438232421875
2026-03-13,249.6744384765625
2026-03-16,252.36964416503906
2026-03-17,253.77711486816406
2026-03-18,249.49476623535156
2026-03-19,248.5165252685547
2026-03-20,247.54823303222656
2026-03-23,251.04200744628906
2026-03-24,251.1917266845703
2026-03-25,252.16998291015625
2026-03-26,252.43951416015625
2026-03-27,248.35679626464844
2026-03-30,246.19065856933594
2026-03-31,253.337890625
2026-04-01,255.17462158203125
2026-04-02,255.464111328125
2026-04-06,258.3988342285156
2026-04-07,253.0484161376953
2026-04-08,258.43878173828125
2026-04-09,260.02593994140625
2026-04-10,260.0159912109375
2026-04-13,258.73828125
2026-04-14,258.368896484375
2026-04-15,265.95538330078125
2026-04-16,262.9307556152344
2026-04-17,269.7486267089844
2026-04-20,272.5635681152344
2026-04-21,265.69586181640625
2026-04-22,272.68341064453125
2026-04-23,272.9429016113281
2026-04-24,270.5771179199219
2026-04-27,267.1332702636719
2026-04-28,270.2277526855469
2026-04-29,269.688720703125
2026-04-30,270.86663818359375
2026-05-01,279.6409606933594
2026-05-04,276.33685302734375
2026-05-05,283.67376708984375
2026-05-06,286.9978332519531
2026-05-07,286.9279479980469
2026-05-08,292.7974853515625
2026-05-11,292.42779541015625
2026-05-12,294.54595947265625
2026-05-13,298.6124572753906
2026-05-14,297.9530334472656
2026-05-15,299.9713134765625
2026-05-18,297.5833435058594
2026-05-19,298.7123718261719
2026-05-20,301.98956298828125
2026-05-21,304.7271728515625
2026-05-22,308.55389404296875
2026-05-26,308.0643005371094
2026-05-27,310.5821533203125
2026-05-28,312.24072265625
2026-05-29,311.7911071777344
2026-06-01,306.0460510253906
2026-06-02,314.92840576171875
2026-06-03,309.9926452636719
2026-06-04,310.9618225097656
2026-06-05,307.0751647949219
2026-06-08,301.2801818847656
2026-06-09,290.29962158203125
2026-06-10,291.3287353515625
2026-06-11,295.375244140625
2026-06-12,290.879150390625
2026-06-15,296.1645812988281
2026-06-16,298.9821472167969
2026-06-17,295.6949768066406
2026-06-18,297.7532043457031
2026-06-22,296.75408935546875
2026-06-23,294.04638671875
2026-06-24,292.8274230957031
2026-06-25,274.91290283203125
2026-06-26,283.53546142578125
2026-06-29,281.4972229003906
2026-06-30,289.11065673828125
2026-07-01,294.1263427734375
2026-07-02,308.3640441894531
2026-07-06,312.3905944824219
2026-07-07,310.3923034667969
2026-07-08,313.1199645996094
2026-07-09,315.947509765625
2026-07-10,315.0483093261719
2026-07-13,317.03656005859375
2026-07-14,314.58868408203125
2026-07-15,327.2178039550781
2026-07-16,332.97283935546875
2026-07-17,333.452392578125
2026-07-20,326.3085632324219
2026-07-21,327.45758056640625
2026-07-22,325.60919189453125
2026-07-23,321.3828430175781
2026-07-24,332.7330322265625
2026-07-27,336.61968994140625
2026-07-28,339.78692626953125
2026-07-29,337.8985900878906
2026-07-30,333.1426696777344
2026-07-31,308.6438293457031
2026-08-03,303.1585693359375
2026-08-04,309.1134033203125
2026-08-05,310.7320251464844
2026-08-06,312.14080810546875
2026-08-07,313.05999755859375
2026-08-10,308.260009765625
2026-08-11,304.9100036621094
2026-08-12,302.25
2026-08-13,305.260009765625
2026-08-14,305.92999267578125
2026-08-17,305.5899963378906
2026-08-18,310.0299987792969
2026-08-19,316.8299865722656
2026-08-20,311.29998779296875
2026-08-21,309.3500061035156
