Date,Close
2010-01-04,6.695000171661377
2010-01-05,6.734499931335449
2010-01-06,6.612500190734863
2010-01-07,6.5
2010-01-08,6.676000118255615
2010-01-11,6.515500068664551
2010-01-12,6.367499828338623
2010-01-13,6.45550012588501
2010-01-14,6.367499828338623
2010-01-15,6.35699987411499
2010-01-19,6.380499839782715
2010-01-20,6.289000034332275
2010-01-21,6.330999851226807
2010-01-22,6.071499824523926
2010-01-25,6.015500068664551
2010-01-26,5.973999977111816
2010-01-27,6.137499809265137
2010-01-28,6.301499843597412
2010-01-29,6.270500183105469
2010-02-01,5.94350004196167
2010-02-02,5.906000137329102
2010-02-03,5.954999923706055
2010-02-04,5.796999931335449
2010-02-05,5.869500160217285
2010-02-08,5.8414998054504395
2010-02-09,5.901500225067139
2010-02-10,5.868000030517578
2010-02-11,6.004499912261963
2010-02-12,5.982999801635742
2010-02-16,5.876500129699707
2010-02-17,5.815499782562256
2010-02-18,5.9039998054504395
2010-02-19,5.875999927520752
2010-02-22,5.9004998207092285
2010-02-23,5.861999988555908
2010-02-24,5.986000061035156
2010-02-25,5.909999847412109
2010-02-26,5.920000076293945
2010-03-01,6.2270002365112305
2010-03-02,6.276500225067139
2010-03-03,6.29449987411499
2010-03-04,6.426499843597412
2010-03-05,6.445499897003174
2010-03-08,6.505499839782715
2010-03-09,6.440999984741211
2010-03-10,6.5254998207092285
2010-03-11,6.678999900817871
2010-03-12,6.591000080108643
2010-03-15,6.55649995803833
2010-03-16,6.5894999504089355
2010-03-17,6.566999912261963
2010-03-18,6.638000011444092
2010-03-19,6.517499923706055
2010-03-22,6.523499965667725
2010-03-23,6.4629998207092285
2010-03-24,6.4019999504089355
2010-03-25,6.736499786376953
2010-03-26,6.752999782562256
2010-03-29,6.75600004196167
2010-03-30,6.828999996185303
2010-03-31,6.78849983215332
2010-04-01,6.5904998779296875
2010-04-05,6.57450008392334
2010-04-06,6.7779998779296875
2010-04-07,6.743500232696533
2010-04-08,7.047999858856201
2010-04-09,7.002999782562256
2010-04-12,7.059999942779541
2010-04-13,7.007999897003174
2010-04-14,7.214000225067139
2010-04-15,7.290999889373779
2010-04-16,7.108500003814697
2010-04-19,7.121500015258789
2010-04-20,7.210000038146973
2010-04-21,7.321499824523926
2010-04-22,7.504499912261963
2010-04-23,7.18149995803833
2010-04-26,7.355500221252441
2010-04-27,7.10099983215332
2010-04-28,6.96750020980835
2010-04-29,7.08650016784668
2010-04-30,6.855000019073486
2010-05-03,6.874499797821045
2010-05-04,6.491499900817871
2010-05-05,6.546500205993652
2010-05-06,6.435500144958496
2010-05-07,6.249000072479248
2010-05-10,6.564499855041504
2010-05-11,6.5229997634887695
2010-05-12,6.69350004196167
2010-05-13,6.573500156402588
2010-05-14,6.426499843597412
2010-05-17,6.445499897003174
2010-05-18,6.314000129699707
2010-05-19,6.229499816894531
2010-05-20,5.985499858856201
2010-05-21,6.136000156402588
2010-05-24,6.105999946594238
2010-05-25,6.243000030517578
2010-05-26,6.1605000495910645
2010-05-27,6.335000038146973
2010-05-28,6.2729997634887695
2010-06-01,6.1620001792907715
2010-06-02,6.315499782562256
2010-06-03,6.438000202178955
2010-06-04,6.138500213623047
2010-06-07,6.100500106811523
2010-06-08,5.941999912261963
2010-06-09,5.895500183105469
2010-06-10,6.1605000495910645
2010-06-11,6.151500225067139
2010-06-14,6.191500186920166
2010-06-15,6.3420000076293945
2010-06-16,6.34499979019165
2010-06-17,6.29449987411499
2010-06-18,6.291500091552734
2010-06-21,6.127500057220459
2010-06-22,6.115499973297119
2010-06-23,6.072500228881836
2010-06-24,5.916500091552734
2010-06-25,6.050000190734863
2010-06-28,5.889999866485596
2010-06-29,5.430500030517578
2010-06-30,5.4629998207092285
2010-07-01,5.547999858856201
2010-07-02,5.456999778747559
2010-07-06,5.502999782562256
2010-07-07,5.671500205993652
2010-07-08,5.810999870300293
2010-07-09,5.86299991607666
2010-07-12,5.975500106811523
2010-07-13,6.182499885559082
2010-07-14,6.164999961853027
2010-07-15,6.103000164031982
2010-07-16,5.924499988555908
2010-07-19,5.997000217437744
2010-07-20,6.005000114440918
2010-07-21,5.871500015258789
2010-07-22,6.003499984741211
2010-07-23,5.94350004196167
2010-07-26,5.920000076293945
2010-07-27,5.856500148773193
2010-07-28,5.856500148773193
2010-07-29,5.8429999351501465
2010-07-30,5.894499778747559
2010-08-02,6.003499984741211
2010-08-03,6.120999813079834
2010-08-04,6.379000186920166
2010-08-05,6.391499996185303
2010-08-06,6.415999889373779
2010-08-09,6.441500186920166
2010-08-10,6.5
2010-08-11,6.29449987411499
2010-08-12,6.328000068664551
2010-08-13,6.234499931335449
2010-08-16,6.303500175476074
2010-08-17,6.442999839782715
2010-08-18,6.482500076293945
2010-08-19,6.378499984741211
2010-08-20,6.388000011444092
2010-08-23,6.329999923706055
2010-08-24,6.226500034332275
2010-08-25,6.34250020980835
2010-08-26,6.243000030517578
2010-08-27,6.331999778747559
2010-08-30,6.189499855041504
2010-08-31,6.241499900817871
2010-09-01,6.624499797821045
2010-09-02,6.760499954223633
2010-09-03,6.939499855041504
2010-09-07,6.861000061035156
2010-09-08,6.956999778747559
2010-09-09,7.019000053405762
2010-09-10,7.122000217437744
2010-09-13,7.253499984741211
2010-09-14,7.287499904632568
2010-09-15,7.272500038146973
2010-09-16,7.406499862670898
2010-09-17,7.415999889373779
2010-09-20,7.565000057220459
2010-09-21,7.536499977111816
2010-09-22,7.5914998054504395
2010-09-23,7.642499923706055
2010-09-24,8.036499977111816
2010-09-27,7.968500137329102
2010-09-28,7.985000133514404
2010-09-29,7.94950008392334
2010-09-30,7.853000164031982
2010-10-01,7.685500144958496
2010-10-04,7.769499778747559
2010-10-05,8.043499946594238
2010-10-06,7.769999980926514
2010-10-07,7.813499927520752
2010-10-08,7.777500152587891
2010-10-11,7.651500225067139
2010-10-12,7.823999881744385
2010-10-13,7.758500099182129
2010-10-14,7.776500225067139
2010-10-15,8.232000350952148
2010-10-18,8.178000450134277
2010-10-19,7.933499813079834
2010-10-20,7.933499813079834
2010-10-21,8.248499870300293
2010-10-22,8.456500053405762
2010-10-25,8.449999809265137
2010-10-26,8.4975004196167
2010-10-27,8.375499725341797
2010-10-28,8.342000007629395
2010-10-29,8.261500358581543
2010-11-01,8.128999710083008
2010-11-02,8.230500221252441
2010-11-03,8.423500061035156
2010-11-04,8.446499824523926
2010-11-05,8.53849983215332
2010-11-08,8.599499702453613
2010-11-09,8.513500213623047
2010-11-10,8.666500091552734
2010-11-11,8.518500328063965
2010-11-12,8.284000396728516
2010-11-15,7.945000171661377
2010-11-16,7.888999938964844
2010-11-17,7.917500019073486
2010-11-18,8.208499908447266
2010-11-19,8.241000175476074
2010-11-22,8.519499778747559
2010-11-23,8.40999984741211
2010-11-24,8.862500190734863
2010-11-26,8.859999656677246
2010-11-29,8.974499702453613
2010-11-30,8.770000457763672
2010-12-01,8.827500343322754
2010-12-02,8.826499938964844
2010-12-03,8.784000396728516
2010-12-06,8.90250015258789
2010-12-07,8.838500022888184
2010-12-08,8.814499855041504
2010-12-09,8.742500305175781
2010-12-10,8.781000137329102
2010-12-13,8.712499618530273
2010-12-14,8.696999549865723
2010-12-15,8.778499603271484
2010-12-16,8.902000427246094
2010-12-17,8.878999710083008
2010-12-20,9.16450023651123
2010-12-21,9.237500190734863
2010-12-22,9.23799991607666
2010-12-23,9.129500389099121
2010-12-27,9.107000350952148
2010-12-28,9.054499626159668
2010-12-29,9.168499946594238
2010-12-30,9.137499809265137
2010-12-31,9.0
2011-01-03,9.211000442504883
2011-01-04,9.250499725341797
2011-01-05,9.371000289916992
2011-01-06,9.293000221252441
2011-01-07,9.274499893188477
2011-01-10,9.234000205993652
2011-01-11,9.217000007629395
2011-01-12,9.204000473022461
2011-01-13,9.27649974822998
2011-01-14,9.4375
2011-01-18,9.5625
2011-01-19,9.343500137329102
2011-01-20,9.097999572753906
2011-01-21,8.871000289916992
2011-01-24,8.842499732971191
2011-01-25,8.835000038146973
2011-01-26,8.769499778747559
2011-01-27,9.22249984741211
2011-01-28,8.557000160217285
2011-01-31,8.482000350952148
2011-02-01,8.605500221252441
2011-02-02,8.67650032043457
2011-02-03,8.685500144958496
2011-02-04,8.796500205993652
2011-02-07,8.821499824523926
2011-02-08,9.152999877929688
2011-02-09,9.265000343322754
2011-02-10,9.310500144958496
2011-02-11,9.462499618530273
2011-02-14,9.520999908447266
2011-02-15,9.451499938964844
2011-02-16,9.331000328063965
2011-02-17,9.387999534606934
2011-02-18,9.324999809265137
2011-02-22,9.020999908447266
2011-02-23,8.833999633789062
2011-02-24,8.887499809265137
2011-02-25,8.862000465393066
2011-02-28,8.66450023651123
2011-03-01,8.472000122070312
2011-03-02,8.60099983215332
2011-03-03,8.63949966430664
2011-03-04,8.583499908447266
2011-03-07,8.454000473022461
2011-03-08,8.344499588012695
2011-03-09,8.452500343322754
2011-03-10,8.307000160217285
2011-03-11,8.403499603271484
2011-03-14,8.33650016784668
2011-03-15,8.253999710083008
2011-03-16,8.234999656677246
2011-03-17,8.048500061035156
2011-03-18,8.090999603271484
2011-03-21,8.22599983215332
2011-03-22,8.130000114440918
2011-03-23,8.265999794006348
2011-03-24,8.555000305175781
2011-03-25,8.548999786376953
2011-03-28,8.467499732971191
2011-03-29,8.730999946594238
2011-03-30,8.970999717712402
2011-03-31,9.006500244140625
2011-04-01,9.006500244140625
2011-04-04,9.147000312805176
2011-04-05,9.26449966430664
2011-04-06,9.137999534606934
2011-04-07,9.245499610900879
2011-04-08,9.23550033569336
2011-04-11,9.20199966430664
2011-04-12,9.02400016784668
2011-04-13,9.114500045776367
2011-04-14,9.090999603271484
2011-04-15,9.000499725341797
2011-04-18,8.916999816894531
2011-04-19,8.940999984741211
2011-04-20,9.193499565124512
2011-04-21,9.294500350952148
2011-04-25,9.270999908447266
2011-04-26,9.114999771118164
2011-04-27,9.831500053405762
2011-04-28,9.753499984741211
2011-04-29,9.790499687194824
2011-05-02,10.059499740600586
2011-05-03,9.922499656677246
2011-05-04,9.998499870300293
2011-05-05,9.855500221252441
2011-05-06,9.880000114440918
2011-05-09,10.039999961853027
2011-05-10,10.196999549865723
2011-05-11,10.218999862670898
2011-05-12,10.303500175476074
2011-05-13,10.128000259399414
2011-05-16,9.625499725341797
2011-05-17,9.740500450134277
2011-05-18,9.854499816894531
2011-05-19,9.9399995803833
2011-05-20,9.932499885559082
2011-05-23,9.810999870300293
2011-05-24,9.66349983215332
2011-05-25,9.61299991607666
2011-05-26,9.75
2011-05-27,9.706500053405762
2011-05-31,9.834500312805176
2011-06-01,9.619999885559082
2011-06-02,9.682499885559082
2011-06-03,9.416000366210938
2011-06-06,9.284500122070312
2011-06-07,9.3774995803833
2011-06-08,9.40250015258789
2011-06-09,9.484000205993652
2011-06-10,9.326499938964844
2011-06-13,9.314499855041504
2011-06-14,9.498000144958496
2011-06-15,9.298999786376953
2011-06-16,9.182499885559082
2011-06-17,9.318499565124512
2011-06-20,9.38599967956543
2011-06-21,9.71150016784668
2011-06-22,9.581500053405762
2011-06-23,9.708000183105469
2011-06-24,9.6274995803833
2011-06-27,10.0625
2011-06-28,10.117500305175781
2011-06-29,10.208999633789062
2011-06-30,10.224499702453613
2011-07-01,10.474499702453613
2011-07-05,10.659500122070312
2011-07-06,10.709500312805176
2011-07-07,10.836999893188477
2011-07-08,10.913999557495117
2011-07-11,10.6274995803833
2011-07-12,10.56149959564209
2011-07-13,10.675000190734863
2011-07-14,10.519000053405762
2011-07-15,10.643500328063965
2011-07-18,10.576499938964844
2011-07-19,10.902999877929688
2011-07-20,10.77750015258789
2011-07-21,10.660499572753906
2011-07-22,10.826000213623047
2011-07-25,10.674500465393066
2011-07-26,10.708999633789062
2011-07-27,11.12600040435791
2011-07-28,11.194999694824219
2011-07-29,11.12600040435791
2011-08-01,11.065999984741211
2011-08-02,10.585000038146973
2011-08-03,10.498000144958496
2011-08-04,10.074000358581543
2011-08-05,10.135000228881836
2011-08-08,9.6850004196167
2011-08-09,10.254500389099121
2011-08-10,9.706500053405762
2011-08-11,9.918000221252441
2011-08-12,10.114999771118164
2011-08-15,10.147500038146973
2011-08-16,9.883999824523926
2011-08-17,9.796500205993652
2011-08-18,9.12600040435791
2011-08-19,8.946499824523926
2011-08-22,8.876999855041504
2011-08-23,9.677499771118164
2011-08-24,9.68649959564209
2011-08-25,9.601499557495117
2011-08-26,9.963500022888184
2011-08-29,10.326499938964844
2011-08-30,10.545999526977539
2011-08-31,10.761500358581543
2011-09-01,10.626999855041504
2011-09-02,10.5
2011-09-06,10.809000015258789
2011-09-07,10.994999885559082
2011-09-08,10.86299991607666
2011-09-09,10.569499969482422
2011-09-12,10.82800006866455
2011-09-13,10.976499557495117
2011-09-14,11.128499984741211
2011-09-15,11.33899974822998
2011-09-16,11.96500015258789
2011-09-19,12.084500312805176
2011-09-20,11.662500381469727
2011-09-21,11.593500137329102
2011-09-22,11.161499977111816
2011-09-23,11.180500030517578
2011-09-26,11.492500305175781
2011-09-27,11.21049976348877
2011-09-28,11.48550033569336
2011-09-29,11.121999740600586
2011-09-30,10.81149959564209
2011-10-03,10.598999977111816
2011-10-04,10.625
2011-10-05,10.975000381469727
2011-10-06,11.075499534606934
2011-10-07,11.237000465393066
2011-10-10,11.565999984741211
2011-10-11,11.77400016784668
2011-10-12,11.840499877929688
2011-10-13,11.807499885559082
2011-10-14,12.33549976348877
2011-10-17,12.116499900817871
2011-10-18,12.194000244140625
2011-10-19,11.576499938964844
2011-10-20,11.680500030517578
2011-10-21,11.73900032043457
2011-10-24,11.880499839782715
2011-10-25,11.357500076293945
2011-10-26,9.920000076293945
2011-10-27,10.33899974822998
2011-10-28,10.866000175476074
2011-10-31,10.67549991607666
2011-11-01,10.604999542236328
2011-11-02,10.781000137329102
2011-11-03,10.91450023651123
2011-11-04,10.824000358581543
2011-11-07,10.850000381469727
2011-11-08,10.899499893188477
2011-11-09,10.560999870300293
2011-11-10,10.53950023651123
2011-11-11,10.869500160217285
2011-11-14,10.946499824523926
2011-11-15,10.891500473022461
2011-11-16,10.599499702453613
2011-11-17,10.22599983215332
2011-11-18,9.857000350952148
2011-11-21,9.462499618530273
2011-11-22,9.616999626159668
2011-11-23,9.44950008392334
2011-11-25,9.119999885559082
2011-11-28,9.707500457763672
2011-11-29,9.419500350952148
2011-11-30,9.614500045776367
2011-12-01,9.856499671936035
2011-12-02,9.80150032043457
2011-12-05,9.812000274658203
2011-12-06,9.599499702453613
2011-12-07,9.765999794006348
2011-12-08,9.52400016784668
2011-12-09,9.65149974822998
2011-12-12,9.47599983215332
2011-12-13,9.025500297546387
2011-12-14,9.010499954223633
2011-12-15,9.062999725341797
2011-12-16,9.062999725341797
2011-12-19,8.966500282287598
2011-12-20,9.12600040435791
2011-12-21,8.717499732971191
2011-12-22,8.951499938964844
2011-12-23,8.86400032043457
2011-12-27,8.81350040435791
2011-12-28,8.694499969482422
2011-12-29,8.692999839782715
2011-12-30,8.654999732971191
2012-01-03,8.951499938964844
2012-01-04,8.875499725341797
2012-01-05,8.880499839782715
2012-01-06,9.130499839782715
2012-01-09,8.928000450134277
2012-01-10,8.967000007629395
2012-01-11,8.944999694824219
2012-01-12,8.796500205993652
2012-01-13,8.920999526977539
2012-01-17,9.083000183105469
2012-01-18,9.472000122070312
2012-01-19,9.72249984741211
2012-01-20,9.546500205993652
2012-01-23,9.304499626159668
2012-01-24,9.350000381469727
2012-01-25,9.390000343322754
2012-01-26,9.666000366210938
2012-01-27,9.768500328063965
2012-01-30,9.607500076293945
2012-01-31,9.722000122070312
2012-02-01,8.972999572753906
2012-02-02,9.086000442504883
2012-02-03,9.383999824523926
2012-02-06,9.156999588012695
2012-02-07,9.209500312805176
2012-02-08,9.27400016784668
2012-02-09,9.24899959564209
2012-02-10,9.277000427246094
2012-02-13,9.579500198364258
2012-02-14,9.5649995803833
2012-02-15,9.22350025177002
2012-02-16,8.996500015258789
2012-02-17,9.125
2012-02-21,9.11299991607666
2012-02-22,9.029000282287598
2012-02-23,8.944499969482422
2012-02-24,8.956500053405762
2012-02-27,8.92650032043457
2012-02-28,9.1899995803833
2012-02-29,8.98449993133545
2012-03-01,9.001999855041504
2012-03-02,8.96500015258789
2012-03-05,9.012999534606934
2012-03-06,9.054499626159668
2012-03-07,9.18850040435791
2012-03-08,9.381999969482422
2012-03-09,9.215999603271484
2012-03-12,9.169500350952148
2012-03-13,9.229499816894531
2012-03-14,9.11299991607666
2012-03-15,9.221500396728516
2012-03-16,9.2524995803833
2012-03-19,9.276000022888184
2012-03-20,9.616499900817871
2012-03-21,9.58650016784668
2012-03-22,9.619999885559082
2012-03-23,9.751999855041504
2012-03-26,10.143500328063965
2012-03-27,10.272000312805176
2012-03-28,10.057999610900879
2012-03-29,10.230500221252441
2012-03-30,10.125499725341797
2012-04-02,9.90250015258789
2012-04-03,9.982999801635742
2012-04-04,9.69950008392334
2012-04-05,9.719499588012695
2012-04-09,9.593500137329102
2012-04-10,9.348999977111816
2012-04-11,9.398500442504883
2012-04-12,9.534500122070312
2012-04-13,9.42300033569336
2012-04-16,9.274999618530273
2012-04-17,9.419500350952148
2012-04-18,9.553500175476074
2012-04-19,9.555000305175781
2012-04-20,9.49899959564209
2012-04-23,9.411999702453613
2012-04-24,9.516500473022461
2012-04-25,9.720999717712402
2012-04-26,9.799500465393066
2012-04-27,11.342499732971191
2012-04-30,11.595000267028809
2012-05-01,11.501999855041504
2012-05-02,11.512499809265137
2012-05-03,11.47249984741211
2012-05-04,11.19950008392334
2012-05-07,11.258000373840332
2012-05-08,11.194999694824219
2012-05-09,11.14900016784668
2012-05-10,11.334500312805176
2012-05-11,11.383999824523926
2012-05-14,11.146499633789062
2012-05-15,11.219499588012695
2012-05-16,11.20300006866455
2012-05-17,10.918000221252441
2012-05-18,10.692500114440918
2012-05-21,10.905500411987305
2012-05-22,10.766500473022461
2012-05-23,10.86400032043457
2012-05-24,10.76200008392334
2012-05-25,10.644499778747559
2012-05-29,10.737500190734863
2012-05-30,10.46150016784668
2012-05-31,10.645500183105469
2012-06-01,10.41100025177002
2012-06-04,10.728500366210938
2012-06-05,10.660499572753906
2012-06-06,10.881999969482422
2012-06-07,10.9399995803833
2012-06-08,10.923999786376953
2012-06-11,10.824999809265137
2012-06-12,10.821000099182129
2012-06-13,10.736499786376953
2012-06-14,10.72249984741211
2012-06-15,10.917499542236328
2012-06-18,11.133000373840332
2012-06-19,11.201499938964844
2012-06-20,11.151000022888184
2012-06-21,11.028499603271484
2012-06-22,11.107999801635742
2012-06-25,11.003499984741211
2012-06-26,11.280500411987305
2012-06-27,11.281000137329102
2012-06-28,11.065500259399414
2012-06-29,11.417499542236328
2012-07-02,11.465999603271484
2012-07-03,11.476499557495117
2012-07-05,11.352999687194824
2012-07-06,11.2524995803833
2012-07-09,11.2524995803833
2012-07-10,10.975000381469727
2012-07-11,10.918499946594238
2012-07-12,10.767999649047852
2012-07-13,10.919500350952148
2012-07-16,10.80049991607666
2012-07-17,10.846500396728516
2012-07-18,10.873499870300293
2012-07-19,11.308500289916992
2012-07-20,11.41450023651123
2012-07-23,11.30049991607666
2012-07-24,11.152000427246094
2012-07-25,10.852499961853027
2012-07-26,11.000499725341797
2012-07-27,11.866000175476074
2012-07-30,11.804499626159668
2012-07-31,11.664999961853027
2012-08-01,11.604499816894531
2012-08-02,11.540499687194824
2012-08-03,11.748499870300293
2012-08-06,11.69950008392334
2012-08-07,11.82800006866455
2012-08-08,11.718999862670898
2012-08-09,11.70300006866455
2012-08-10,11.637499809265137
2012-08-13,11.621999740600586
2012-08-14,11.659500122070312
2012-08-15,11.871000289916992
2012-08-16,12.077500343322754
2012-08-17,12.058500289916992
2012-08-20,12.017499923706055
2012-08-21,11.97249984741211
2012-08-22,12.154999732971191
2012-08-23,12.0600004196167
2012-08-24,12.286999702453613
2012-08-27,12.196000099182129
2012-08-28,12.305500030517578
2012-08-29,12.355999946594238
2012-08-30,12.310999870300293
2012-08-31,12.41349983215332
2012-09-04,12.394000053405762
2012-09-05,12.310999870300293
2012-09-06,12.569000244140625
2012-09-07,12.956999778747559
2012-09-10,12.854499816894531
2012-09-11,12.783499717712402
2012-09-12,12.781499862670898
2012-09-13,13.01200008392334
2012-09-14,13.06350040435791
2012-09-17,12.899999618530273
2012-09-18,12.9375
2012-09-19,13.083999633789062
2012-09-20,13.040499687194824
2012-09-21,12.873499870300293
2012-09-24,12.739999771118164
2012-09-25,12.623000144958496
2012-09-26,12.483499526977539
2012-09-27,12.829500198364258
2012-09-28,12.715999603271484
2012-10-01,12.600500106811523
2012-10-02,12.529999732971191
2012-10-03,12.795999526977539
2012-10-04,13.023500442504883
2012-10-05,12.92549991607666
2012-10-08,12.95300006866455
2012-10-09,12.54800033569336
2012-10-10,12.249500274658203
2012-10-11,12.211000442504883
2012-10-12,12.118000030517578
2012-10-15,12.208999633789062
2012-10-16,12.196999549865723
2012-10-17,12.374500274658203
2012-10-18,12.242500305175781
2012-10-19,12.0
2012-10-22,11.689000129699707
2012-10-23,11.715499877929688
2012-10-24,11.424500465393066
2012-10-25,11.145999908447266
2012-10-26,11.911999702453613
2012-10-31,11.644499778747559
2012-11-01,11.607000350952148
2012-11-02,11.621000289916992
2012-11-05,11.716500282287598
2012-11-06,11.878000259399414
2012-11-07,11.602999687194824
2012-11-08,11.367500305175781
2012-11-09,11.315500259399414
2012-11-12,11.32349967956543
2012-11-13,11.329999923706055
2012-11-14,11.147500038146973
2012-11-15,11.029999732971191
2012-11-16,11.261500358581543
2012-11-19,11.48550033569336
2012-11-20,11.689000129699707
2012-11-21,11.90149974822998
2012-11-23,11.994000434875488
2012-11-26,12.180999755859375
2012-11-27,12.170000076293945
2012-11-28,12.355500221252441
2012-11-29,12.56350040435791
2012-11-30,12.602499961853027
2012-12-03,12.516500473022461
2012-12-04,12.624500274658203
2012-12-05,12.697999954223633
2012-12-06,12.668499946594238
2012-12-07,12.66349983215332
2012-12-10,12.388500213623047
2012-12-11,12.534500122070312
2012-12-12,12.588000297546387
2012-12-13,12.5625
2012-12-14,12.459500312805176
2012-12-17,12.692999839782715
2012-12-18,13.020000457763672
2012-12-19,12.899499893188477
2012-12-20,13.074999809265137
2012-12-21,12.845999717712402
2012-12-24,12.930999755859375
2012-12-26,12.431500434875488
2012-12-27,12.415499687194824
2012-12-28,12.258999824523926
2012-12-31,12.543499946594238
2013-01-02,12.865500450134277
2013-01-03,12.923999786376953
2013-01-04,12.957500457763672
2013-01-07,13.42300033569336
2013-01-08,13.319000244140625
2013-01-09,13.317500114440918
2013-01-10,13.267000198364258
2013-01-11,13.397000312805176
2013-01-14,13.636500358581543
2013-01-15,13.595000267028809
2013-01-16,13.446499824523926
2013-01-17,13.52400016784668
2013-01-18,13.605999946594238
2013-01-22,13.509499549865723
2013-01-23,13.405500411987305
2013-01-24,13.67300033569336
2013-01-25,14.19950008392334
2013-01-28,13.802000045776367
2013-01-29,13.017499923706055
2013-01-30,13.637999534606934
2013-01-31,13.274999618530273
2013-02-01,13.25
2013-02-04,12.99899959564209
2013-02-05,13.344499588012695
2013-02-06,13.111000061035156
2013-02-07,13.011500358581543
2013-02-08,13.09749984741211
2013-02-11,12.86050033569336
2013-02-12,12.9350004196167
2013-02-13,13.47350025177002
2013-02-14,13.461999893188477
2013-02-15,13.254500389099121
2013-02-19,13.487500190734863
2013-02-20,13.320500373840332
2013-02-21,13.29699993133545
2013-02-22,13.270999908447266
2013-02-25,12.993499755859375
2013-02-26,12.968000411987305
2013-02-27,13.162500381469727
2013-02-28,13.213500022888184
2013-03-01,13.286999702453613
2013-03-04,13.655500411987305
2013-03-05,13.779500007629395
2013-03-06,13.689499855041504
2013-03-07,13.694000244140625
2013-03-08,13.709500312805176
2013-03-11,13.562000274658203
2013-03-12,13.706500053405762
2013-03-13,13.755000114440918
2013-03-14,13.286999702453613
2013-03-15,13.090999603271484
2013-03-18,12.894499778747559
2013-03-19,12.820500373840332
2013-03-20,12.86400032043457
2013-03-21,12.669500350952148
2013-03-22,12.887499809265137
2013-03-25,12.800999641418457
2013-03-26,13.01550006866455
2013-03-27,13.265000343322754
2013-03-28,13.32450008392334
2013-04-01,13.080499649047852
2013-04-02,13.166000366210938
2013-04-03,12.951499938964844
2013-04-04,12.954000473022461
2013-04-05,12.77400016784668
2013-04-08,12.947500228881836
2013-04-09,13.057000160217285
2013-04-10,13.238499641418457
2013-04-11,13.492500305175781
2013-04-12,13.643500328063965
2013-04-15,13.38599967956543
2013-04-16,13.616999626159668
2013-04-17,13.369999885559082
2013-04-18,12.970999717712402
2013-04-19,13.015999794006348
2013-04-22,13.177499771118164
2013-04-23,13.444999694824219
2013-04-24,13.439000129699707
2013-04-25,13.734999656677246
2013-04-26,12.740500450134277
2013-04-29,12.487000465393066
2013-04-30,12.690500259399414
2013-05-01,12.411499977111816
2013-05-02,12.6274995803833
2013-05-03,12.90250015258789
2013-05-06,12.78600025177002
2013-05-07,12.886500358581543
2013-05-08,12.934000015258789
2013-05-09,13.008000373840332
2013-05-10,13.181500434875488
2013-05-13,13.225500106811523
2013-05-14,13.416500091552734
2013-05-15,13.32800006866455
2013-05-16,13.206000328063965
2013-05-17,13.494999885559082
2013-05-20,13.381500244140625
2013-05-21,13.442999839782715
2013-05-22,13.14799976348877
2013-05-23,13.09000015258789
2013-05-24,13.086999893188477
2013-05-28,13.364500045776367
2013-05-29,13.27649974822998
2013-05-30,13.341500282287598
2013-05-31,13.460000038146973
2013-06-03,13.343999862670898
2013-06-04,13.28499984741211
2013-06-05,13.358499526977539
2013-06-06,13.391500473022461
2013-06-07,13.843500137329102
2013-06-10,14.053500175476074
2013-06-11,13.73900032043457
2013-06-12,13.583499908447266
2013-06-13,13.78950023651123
2013-06-14,13.69950008392334
2013-06-17,13.902999877929688
2013-06-18,14.088000297546387
2013-06-19,13.907999992370605
2013-06-20,13.67199993133545
2013-06-21,13.668000221252441
2013-06-24,13.530500411987305
2013-06-25,13.604499816894531
2013-06-26,13.878499984741211
2013-06-27,13.8774995803833
2013-06-28,13.884499549865723
2013-07-01,14.104999542236328
2013-07-02,14.18649959564209
2013-07-03,14.201499938964844
2013-07-05,14.293999671936035
2013-07-08,14.529500007629395
2013-07-09,14.576499938964844
2013-07-10,14.616499900817871
2013-07-11,14.982999801635742
2013-07-12,15.3774995803833
2013-07-15,15.328499794006348
2013-07-16,15.343500137329102
2013-07-17,15.434499740600586
2013-07-18,15.205499649047852
2013-07-19,15.261500358581543
2013-07-22,15.173999786376953
2013-07-23,15.053000450134277
2013-07-24,14.946999549865723
2013-07-25,15.170000076293945
2013-07-26,15.600500106811523
2013-07-29,15.305000305175781
2013-07-30,15.120499610900879
2013-07-31,15.060999870300293
2013-08-01,15.278499603271484
2013-08-02,15.21049976348877
2013-08-05,15.049500465393066
2013-08-06,15.037500381469727
2013-08-07,14.845499992370605
2013-08-08,14.786999702453613
2013-08-09,14.86299991607666
2013-08-12,14.834500312805176
2013-08-13,14.69849967956543
2013-08-14,14.567000389099121
2013-08-15,14.32349967956543
2013-08-16,14.241000175476074
2013-08-19,14.278499603271484
2013-08-20,14.354499816894531
2013-08-21,14.228500366210938
2013-08-22,14.486499786376953
2013-08-23,14.500499725341797
2013-08-26,14.310500144958496
2013-08-27,14.046500205993652
2013-08-28,14.079000473022461
2013-08-29,14.199000358581543
2013-08-30,14.048999786376953
2013-09-03,14.4399995803833
2013-09-04,14.682000160217285
2013-09-05,14.704999923706055
2013-09-06,14.793000221252441
2013-09-09,14.98550033569336
2013-09-10,15.017999649047852
2013-09-11,14.982000350952148
2013-09-12,14.942999839782715
2013-09-13,14.895999908447266
2013-09-16,14.803000450134277
2013-09-17,15.208499908447266
2013-09-18,15.601499557495117
2013-09-19,15.602999687194824
2013-09-20,15.817000389099121
2013-09-23,15.57450008392334
2013-09-24,15.706500053405762
2013-09-25,15.632499694824219
2013-09-26,15.906000137329102
2013-09-27,15.80049991607666
2013-09-30,15.631999969482422
2013-10-01,16.047500610351562
2013-10-02,16.02549934387207
2013-10-03,15.73799991607666
2013-10-04,15.95199966430664
2013-10-07,15.501500129699707
2013-10-08,15.161499977111816
2013-10-09,14.911499977111816
2013-10-10,15.258500099182129
2013-10-11,15.544500350952148
2013-10-14,15.53499984741211
2013-10-15,15.319999694824219
2013-10-16,15.524499893188477
2013-10-17,15.53849983215332
2013-10-18,16.446500778198242
2013-10-21,16.32200050354004
2013-10-22,16.62700080871582
2013-10-23,16.33799934387207
2013-10-24,16.61050033569336
2013-10-25,18.16950035095215
2013-10-28,17.908000946044922
2013-10-29,18.135000228881836
2013-10-30,18.054000854492188
2013-10-31,18.201499938964844
2013-11-01,17.950000762939453
2013-11-04,17.937000274658203
2013-11-05,17.944499969482422
2013-11-06,17.80900001525879
2013-11-07,17.17799949645996
2013-11-08,17.515499114990234
2013-11-11,17.7189998626709
2013-11-12,17.476499557495117
2013-11-13,17.81100082397461
2013-11-14,18.3700008392334
2013-11-15,18.458499908447266
2013-11-18,18.30900001525879
2013-11-19,18.246999740600586
2013-11-20,18.12849998474121
2013-11-21,18.445999145507812
2013-11-22,18.61549949645996
2013-11-25,18.832000732421875
2013-11-26,19.068500518798828
2013-11-27,19.335500717163086
2013-11-29,19.680999755859375
2013-12-02,19.614999771118164
2013-12-03,19.232999801635742
2013-12-04,19.29800033569336
2013-12-05,19.22450065612793
2013-12-06,19.34749984741211
2013-12-09,19.24449920654297
2013-12-10,19.388999938964844
2013-12-11,19.109500885009766
2013-12-12,19.0625
2013-12-13,19.211999893188477
2013-12-16,19.44849967956543
2013-12-17,19.38249969482422
2013-12-18,19.79800033569336
2013-12-19,19.75950050354004
2013-12-20,20.110000610351562
2013-12-23,20.145999908447266
2013-12-24,19.959999084472656
2013-12-26,20.219499588012695
2013-12-27,19.90399932861328
2013-12-30,19.668500900268555
2013-12-31,19.93950080871582
2014-01-02,19.898500442504883
2014-01-03,19.82200050354004
2014-01-06,19.681499481201172
2014-01-07,19.901500701904297
2014-01-08,20.09600067138672
2014-01-09,20.050500869750977
2014-01-10,19.882999420166016
2014-01-13,19.548999786376953
2014-01-14,19.87700080871582
2014-01-15,19.793500900268555
2014-01-16,19.790000915527344
2014-01-17,19.980499267578125
2014-01-21,20.352500915527344
2014-01-22,20.226999282836914
2014-01-23,19.993499755859375
2014-01-24,19.3799991607666
2014-01-27,19.31399917602539
2014-01-28,19.721500396728516
2014-01-29,19.209999084472656
2014-01-30,20.15049934387207
2014-01-31,17.934499740600586
2014-02-03,17.3075008392334
2014-02-04,17.397499084472656
2014-02-05,17.322500228881836
2014-02-06,17.72949981689453
2014-02-07,18.054000854492188
2014-02-10,18.043500900268555
2014-02-11,18.089500427246094
2014-02-12,17.462499618530273
2014-02-13,17.860000610351562
2014-02-14,17.86750030517578
2014-02-18,17.6825008392334
2014-02-19,17.368999481201172
2014-02-20,17.489999771118164
2014-02-21,17.33799934387207
2014-02-24,17.589000701904297
2014-02-25,17.916000366210938
2014-02-26,17.989999771118164
2014-02-27,18.006500244140625
2014-02-28,18.104999542236328
2014-03-03,17.98900032043457
2014-03-04,18.19499969482422
2014-03-05,18.618499755859375
2014-03-06,18.607999801635742
2014-03-07,18.60300064086914
2014-03-10,18.526500701904297
2014-03-11,18.44099998474121
2014-03-12,18.531999588012695
2014-03-13,18.57550048828125
2014-03-14,18.687000274658203
2014-03-17,18.75200080871582
2014-03-18,18.938499450683594
2014-03-19,18.661500930786133
2014-03-20,18.44849967956543
2014-03-21,18.0310001373291
2014-03-24,17.592500686645508
2014-03-25,17.73550033569336
2014-03-26,17.170499801635742
2014-03-27,16.923500061035156
2014-03-28,16.914499282836914
2014-03-31,16.818500518798828
2014-04-01,17.149499893188477
2014-04-02,17.097999572753906
2014-04-03,16.680999755859375
2014-04-04,16.149999618530273
2014-04-07,15.887999534606934
2014-04-08,16.353500366210938
2014-04-09,16.590499877929688
2014-04-10,15.855500221252441
2014-04-11,15.58650016784668
2014-04-14,15.795499801635742
2014-04-15,15.803999900817871
2014-04-16,16.18400001525879
2014-04-17,16.245500564575195
2014-04-21,16.543500900268555
2014-04-22,16.465999603271484
2014-04-23,16.229000091552734
2014-04-24,16.857500076293945
2014-04-25,15.191499710083008
2014-04-28,14.829000473022461
2014-04-29,15.019000053405762
2014-04-30,15.206500053405762
2014-05-01,15.394499778747559
2014-05-02,15.400500297546387
2014-05-05,15.5024995803833
2014-05-06,14.869000434875488
2014-05-07,14.635499954223633
2014-05-08,14.416000366210938
2014-05-09,14.612000465393066
2014-05-12,15.142999649047852
2014-05-13,15.232000350952148
2014-05-14,14.880999565124512
2014-05-15,14.759499549865723
2014-05-16,14.885000228881836
2014-05-19,14.838000297546387
2014-05-20,15.059499740600586
2014-05-21,15.250499725341797
2014-05-22,15.245499610900879
2014-05-23,15.612000465393066
2014-05-27,15.541000366210938
2014-05-28,15.508000373840332
2014-05-29,15.689000129699707
2014-05-30,15.6274995803833
2014-06-02,15.442000389099121
2014-06-03,15.35949993133545
2014-06-04,15.33899974822998
2014-06-05,16.178499221801758
2014-06-06,16.48349952697754
2014-06-09,16.375
2014-06-10,16.620500564575195
2014-06-11,16.760000228881836
2014-06-12,16.295499801635742
2014-06-13,16.313499450683594
2014-06-16,16.381000518798828
2014-06-17,16.2810001373291
2014-06-18,16.7189998626709
2014-06-19,16.350000381469727
2014-06-20,16.209999084472656
2014-06-23,16.36199951171875
2014-06-24,16.20800018310547
2014-06-25,16.371999740600586
2014-06-26,16.284500122070312
2014-06-27,16.228500366210938
2014-06-30,16.23900032043457
2014-07-01,16.61949920654297
2014-07-02,16.642499923706055
2014-07-03,16.874500274658203
2014-07-07,16.677499771118164
2014-07-08,16.190500259399414
2014-07-09,16.49850082397461
2014-07-10,16.395999908447266
2014-07-11,17.309999465942383
2014-07-14,17.766000747680664
2014-07-15,17.722000122070312
2014-07-16,17.795000076293945
2014-07-17,17.622499465942383
2014-07-18,17.933000564575195
2014-07-21,17.988000869750977
2014-07-22,18.04199981689453
2014-07-23,17.906999588012695
2014-07-24,17.930500030517578
2014-07-25,16.20050048828125
2014-07-28,16.02050018310547
2014-07-29,16.0
2014-07-30,16.125499725341797
2014-07-31,15.649499893188477
2014-08-01,15.352999687194824
2014-08-04,15.682499885559082
2014-08-05,15.616000175476074
2014-08-06,15.694499969482422
2014-08-07,15.572500228881836
2014-08-08,15.84000015258789
2014-08-11,15.916500091552734
2014-08-12,15.965999603271484
2014-08-13,16.31399917602539
2014-08-14,16.660499572753906
2014-08-15,16.681499481201172
2014-08-18,16.726499557495117
2014-08-19,16.756500244140625
2014-08-20,16.788999557495117
2014-08-21,16.64550018310547
2014-08-22,16.579500198364258
2014-08-25,16.701000213623047
2014-08-26,17.09149932861328
2014-08-27,17.159000396728516
2014-08-28,17.000999450683594
2014-08-29,16.95199966430664
2014-09-02,17.118999481201172
2014-09-03,16.950000762939453
2014-09-04,17.297500610351562
2014-09-05,17.319000244140625
2014-09-08,17.117000579833984
2014-09-09,16.487499237060547
2014-09-10,16.566499710083008
2014-09-11,16.525999069213867
2014-09-12,16.559499740600586
2014-09-15,16.194499969482422
2014-09-16,16.38800048828125
2014-09-17,16.200000762939453
2014-09-18,16.25
2014-09-19,16.56599998474121
2014-09-22,16.225000381469727
2014-09-23,16.181499481201172
2014-09-24,16.410499572753906
2014-09-25,16.096500396728516
2014-09-26,16.160499572753906
2014-09-29,16.090999603271484
2014-09-30,16.121999740600586
2014-10-01,15.873000144958496
2014-10-02,15.920499801635742
2014-10-03,16.136999130249023
2014-10-06,16.110000610351562
2014-10-07,15.848999977111816
2014-10-08,16.135000228881836
2014-10-09,15.768500328063965
2014-10-10,15.569499969482422
2014-10-13,15.322500228881836
2014-10-14,15.415499687194824
2014-10-15,15.298500061035156
2014-10-16,15.142999649047852
2014-10-17,15.182000160217285
2014-10-20,15.310500144958496
2014-10-21,15.766500473022461
2014-10-22,15.648500442504883
2014-10-23,15.659000396728516
2014-10-24,14.352999687194824
2014-10-27,14.498499870300293
2014-10-28,14.779500007629395
2014-10-29,14.706000328063965
2014-10-30,14.953499794006348
2014-10-31,15.27299976348877
2014-11-03,15.28600025177002
2014-11-04,15.14050006866455
2014-11-05,14.826000213623047
2014-11-06,14.831999778747559
2014-11-07,14.993000030517578
2014-11-10,15.255499839782715
2014-11-11,15.600500106811523
2014-11-12,15.575499534606934
2014-11-13,15.824000358581543
2014-11-14,16.391000747680664
2014-11-17,16.15250015258789
2014-11-18,16.24650001525879
2014-11-19,16.32699966430664
2014-11-20,16.527000427246094
2014-11-21,16.631500244140625
2014-11-24,16.781999588012695
2014-11-25,16.75200080871582
2014-11-26,16.678499221801758
2014-11-28,16.93199920654297
2014-12-01,16.299999237060547
2014-12-02,16.315500259399414
2014-12-03,15.824999809265137
2014-12-04,15.846500396728516
2014-12-05,15.631500244140625
2014-12-08,15.331999778747559
2014-12-09,15.625
2014-12-10,15.291999816894531
2014-12-11,15.368000030517578
2014-12-12,15.366000175476074
2014-12-15,15.303500175476074
2014-12-16,14.753000259399414
2014-12-17,14.944000244140625
2014-12-18,14.886500358581543
2014-12-19,14.994999885559082
2014-12-22,15.32699966430664
2014-12-23,15.314499855041504
2014-12-24,15.15149974822998
2014-12-26,15.454500198364258
2014-12-29,15.60200023651123
2014-12-30,15.515000343322754
2014-12-31,15.517499923706055
2015-01-02,15.425999641418457
2015-01-05,15.10949993133545
2015-01-06,14.76449966430664
2015-01-07,14.920999526977539
2015-01-08,15.02299976348877
2015-01-09,14.846500396728516
2015-01-12,14.570500373840332
2015-01-13,14.737000465393066
2015-01-14,14.66349983215332
2015-01-15,14.34749984741211
2015-01-16,14.536999702453613
2015-01-20,14.472000122070312
2015-01-21,14.862500190734863
2015-01-22,15.515999794006348
2015-01-23,15.619500160217285
2015-01-26,15.482999801635742
2015-01-27,15.337499618530273
2015-01-28,15.195500373840332
2015-01-29,15.58899974822998
2015-01-30,17.726499557495117
2015-02-02,18.223499298095703
2015-02-03,18.177499771118164
2015-02-04,18.237499237060547
2015-02-05,18.694499969482422
2015-02-06,18.714000701904297
2015-02-09,18.527999877929688
2015-02-10,18.649999618530273
2015-02-11,18.756999969482422
2015-02-12,18.85849952697754
2015-02-13,19.09149932861328
2015-02-17,18.771499633789062
2015-02-18,18.668500900268555
2015-02-19,18.950000762939453
2015-02-20,19.183000564575195
2015-02-23,19.006999969482422
2015-02-24,18.929500579833984
2015-02-25,19.26849937438965
2015-02-26,19.239999771118164
2015-02-27,19.007999420166016
2015-03-02,19.283000946044922
2015-03-03,19.230499267578125
2015-03-04,19.13599967956543
2015-03-05,19.39150047302246
2015-03-06,19.004499435424805
2015-03-09,18.92799949645996
2015-03-10,18.475500106811523
2015-03-11,18.318500518798828
2015-03-12,18.711999893188477
2015-03-13,18.52899932861328
2015-03-16,18.667499542236328
2015-03-17,18.59600067138672
2015-03-18,18.756999969482422
2015-03-19,18.66200065612793
2015-03-20,18.92449951171875
2015-03-23,18.75550079345703
2015-03-24,18.704500198364258
2015-03-25,18.54800033569336
2015-03-26,18.36750030517578
2015-03-27,18.527999877929688
2015-03-30,18.72949981689453
2015-03-31,18.604999542236328
2015-04-01,18.51300048828125
2015-04-02,18.612499237060547
2015-04-06,18.851999282836914
2015-04-07,18.720500946044922
2015-04-08,19.059999465942383
2015-04-09,19.177000045776367
2015-04-10,19.13249969482422
2015-04-13,19.118000030517578
2015-04-14,19.25550079345703
2015-04-15,19.172500610351562
2015-04-16,19.302000045776367
2015-04-17,18.777999877929688
2015-04-20,19.475500106811523
2015-04-21,19.55900001525879
2015-04-22,19.489999771118164
2015-04-23,19.499500274658203
2015-04-24,22.2549991607666
2015-04-27,21.92799949645996
2015-04-28,21.465499877929688
2015-04-29,21.4685001373291
2015-04-30,21.089000701904297
2015-05-01,21.14349937438965
2015-05-04,21.152000427246094
2015-05-05,21.059499740600586
2015-05-06,20.954999923706055
2015-05-07,21.3439998626709
2015-05-08,21.684499740600586
2015-05-11,21.642499923706055
2015-05-12,21.551000595092773
2015-05-13,21.3435001373291
2015-05-14,21.61400032043457
2015-05-15,21.299999237060547
2015-05-18,21.261999130249023
2015-05-19,21.085500717163086
2015-05-20,21.19300079345703
2015-05-21,21.581499099731445
2015-05-22,21.381500244140625
2015-05-26,21.273500442504883
2015-05-27,21.570999145507812
2015-05-28,21.328500747680664
2015-05-29,21.46150016784668
2015-06-01,21.54599952697754
2015-06-02,21.54949951171875
2015-06-03,21.829500198364258
2015-06-04,21.538999557495117
2015-06-05,21.34749984741211
2015-06-08,21.174999237060547
2015-06-09,21.27400016784668
2015-06-10,21.53849983215332
2015-06-11,21.648500442504883
2015-06-12,21.496000289916992
2015-06-15,21.183500289916992
2015-06-16,21.363000869750977
2015-06-17,21.390499114990234
2015-06-18,21.969499588012695
2015-06-19,21.746000289916992
2015-06-22,21.81450080871582
2015-06-23,22.29949951171875
2015-06-24,22.04199981689453
2015-06-25,22.0049991607666
2015-06-26,21.905000686645508
2015-06-29,21.493000030517578
2015-06-30,21.704500198364258
2015-07-01,21.86949920654297
2015-07-02,21.885499954223633
2015-07-06,21.802000045776367
2015-07-07,21.836000442504883
2015-07-08,21.485000610351562
2015-07-09,21.719499588012695
2015-07-10,22.175500869750977
2015-07-13,22.778499603271484
2015-07-14,23.278499603271484
2015-07-15,23.059499740600586
2015-07-16,23.77400016784668
2015-07-17,24.15049934387207
2015-07-20,24.405000686645508
2015-07-21,24.399999618530273
2015-07-22,24.41349983215332
2015-07-23,24.108999252319336
2015-07-24,26.47100067138672
2015-07-27,26.570499420166016
2015-07-28,26.30150032043457
2015-07-29,26.450000762939453
2015-07-30,26.83799934387207
2015-07-31,26.8075008392334
2015-08-03,26.75149917602539
2015-08-04,26.594999313354492
2015-08-05,26.850500106811523
2015-08-06,26.472999572753906
2015-08-07,26.131000518798828
2015-08-10,26.200000762939453
2015-08-11,26.37299919128418
2015-08-12,26.295499801635742
2015-08-13,26.482999801635742
2015-08-14,26.576000213623047
2015-08-17,26.76099967956543
2015-08-18,26.750999450683594
2015-08-19,26.645999908447266
2015-08-20,25.788999557495117
2015-08-21,24.723499298095703
2015-08-24,23.168500900268555
2015-08-25,23.318500518798828
2015-08-26,25.03849983215332
2015-08-27,25.918500900268555
2015-08-28,25.90049934387207
2015-08-31,25.644500732421875
2015-09-01,24.82699966430664
2015-09-02,25.52750015258789
2015-09-03,25.236000061035156
2015-09-04,24.950000762939453
2015-09-08,25.87700080871582
2015-09-09,25.844499588012695
2015-09-10,26.11199951171875
2015-09-11,26.472000122070312
2015-09-14,26.069000244140625
2015-09-15,26.118499755859375
2015-09-16,26.36949920654297
2015-09-17,26.943500518798828
2015-09-18,27.01300048828125
2015-09-21,27.41950035095215
2015-09-22,26.920000076293945
2015-09-23,26.803499221801758
2015-09-24,26.6875
2015-09-25,26.212499618530273
2015-09-28,25.202999114990234
2015-09-29,24.803499221801758
2015-09-30,25.594499588012695
2015-10-01,26.035999298095703
2015-10-02,26.62700080871582
2015-10-05,27.18400001525879
2015-10-06,26.874000549316406
2015-10-07,27.097000122070312
2015-10-08,26.658000946044922
2015-10-09,26.989999771118164
2015-10-12,27.50950050354004
2015-10-13,27.44499969482422
2015-10-14,27.241500854492188
2015-10-15,28.121999740600586
2015-10-16,28.538000106811523
2015-10-19,28.657499313354492
2015-10-20,28.04400062561035
2015-10-21,27.78849983215332
2015-10-22,28.195499420166016
2015-10-23,29.951499938964844
2015-10-26,30.430500030517578
2015-10-27,30.550500869750977
2015-10-28,30.854999542236328
2015-10-29,31.327499389648438
2015-10-30,31.295000076293945
2015-11-02,31.417499542236328
2015-11-03,31.265499114990234
2015-11-04,32.04750061035156
2015-11-05,32.782501220703125
2015-11-06,32.96849822998047
2015-11-09,32.77450180053711
2015-11-10,32.98400115966797
2015-11-11,33.662498474121094
2015-11-12,33.279998779296875
2015-11-13,32.11750030517578
2015-11-16,32.390499114990234
2015-11-17,32.165000915527344
2015-11-18,33.176998138427734
2015-11-19,33.063499450683594
2015-11-20,33.42250061035156
2015-11-23,33.949501037597656
2015-11-24,33.557498931884766
2015-11-25,33.766998291015625
2015-11-27,33.66299819946289
2015-11-30,33.2400016784668
2015-12-01,33.952999114990234
2015-12-02,33.800498962402344
2015-12-03,33.3125
2015-12-04,33.63199996948242
2015-12-07,33.49150085449219
2015-12-08,33.86650085449219
2015-12-09,33.239498138427734
2015-12-10,33.11600112915039
2015-12-11,32.00749969482422
2015-12-14,32.89550018310547
2015-12-15,32.93199920654297
2015-12-16,33.78850173950195
2015-12-17,33.532501220703125
2015-12-18,33.207000732421875
2015-12-21,33.22549819946289
2015-12-22,33.157501220703125
2015-12-23,33.185001373291016
2015-12-24,33.13949966430664
2015-12-28,33.7599983215332
2015-12-29,34.69850158691406
2015-12-30,34.45349884033203
2015-12-31,33.794498443603516
2016-01-04,31.84950065612793
2016-01-05,31.68950080871582
2016-01-06,31.63249969482422
2016-01-07,30.39699935913086
2016-01-08,30.352500915527344
2016-01-11,30.886999130249023
2016-01-12,30.894500732421875
2016-01-13,29.090499877929688
2016-01-14,29.649999618530273
2016-01-15,28.509000778198242
2016-01-19,28.724000930786133
2016-01-20,28.588499069213867
2016-01-21,28.750999450683594
2016-01-22,29.819000244140625
2016-01-25,29.826499938964844
2016-01-26,30.0625
2016-01-27,29.167499542236328
2016-01-28,31.767499923706055
2016-01-29,29.350000381469727
2016-02-01,28.74049949645996
2016-02-02,27.604999542236328
2016-02-03,26.553499221801758
2016-02-04,26.812999725341797
2016-02-05,25.10650062561035
2016-02-08,24.405000686645508
2016-02-09,24.103500366210938
2016-02-10,24.52400016784668
2016-02-11,25.19099998474121
2016-02-12,25.354000091552734
2016-02-16,26.05500030517578
2016-02-17,26.704999923706055
2016-02-18,26.25
2016-02-19,26.7450008392334
2016-02-22,27.975000381469727
2016-02-23,27.64699935913086
2016-02-24,27.70199966430664
2016-02-25,27.75749969482422
2016-02-26,27.761499404907227
2016-02-29,27.625999450683594
2016-03-01,28.95199966430664
2016-03-02,29.010499954223633
2016-03-03,28.874500274658203
2016-03-04,28.756999969482422
2016-03-07,28.139999389648438
2016-03-08,28.01300048828125
2016-03-09,27.973499298095703
2016-03-10,27.946500778198242
2016-03-11,28.480499267578125
2016-03-14,28.668500900268555
2016-03-15,28.85099983215332
2016-03-16,28.713499069213867
2016-03-17,27.972000122070312
2016-03-18,27.604000091552734
2016-03-21,27.698999404907227
2016-03-22,28.02400016784668
2016-03-23,28.48150062561035
2016-03-24,29.147499084472656
2016-03-28,28.993499755859375
2016-03-29,29.69300079345703
2016-03-30,29.934499740600586
2016-03-31,29.68199920654297
2016-04-01,29.924999237060547
2016-04-04,29.659500122070312
2016-04-05,29.30699920654297
2016-04-06,30.104000091552734
2016-04-07,29.571500778198242
2016-04-08,29.729999542236328
2016-04-11,29.796499252319336
2016-04-12,30.15850067138672
2016-04-13,30.740999221801758
2016-04-14,31.037500381469727
2016-04-15,31.29450035095215
2016-04-18,31.767499923706055
2016-04-19,31.395000457763672
2016-04-20,31.649499893188477
2016-04-21,31.549999237060547
2016-04-22,31.024999618530273
2016-04-25,31.309999465942383
2016-04-26,30.8439998626709
2016-04-27,30.328500747680664
2016-04-28,30.100000381469727
2016-04-29,32.97949981689453
2016-05-02,34.192501068115234
2016-05-03,33.566001892089844
2016-05-04,33.54499816894531
2016-05-05,32.954498291015625
2016-05-06,33.6974983215332
2016-05-09,33.98749923706055
2016-05-10,35.153499603271484
2016-05-11,35.6614990234375
2016-05-12,35.89649963378906
2016-05-13,35.49599838256836
2016-05-16,35.53300094604492
2016-05-17,34.76350021362305
2016-05-18,34.872501373291016
2016-05-19,34.92599868774414
2016-05-20,35.13999938964844
2016-05-23,34.837501525878906
2016-05-24,35.209999084472656
2016-05-25,35.41749954223633
2016-05-26,35.74549865722656
2016-05-27,35.61199951171875
2016-05-31,36.13949966430664
2016-06-01,35.97200012207031
2016-06-02,36.4119987487793
2016-06-03,36.277000427246094
2016-06-06,36.33649826049805
2016-06-07,36.1870002746582
2016-06-08,36.332000732421875
2016-06-09,36.38249969482422
2016-06-10,35.89550018310547
2016-06-13,35.762001037597656
2016-06-14,35.96500015258789
2016-06-15,35.7130012512207
2016-06-16,35.8754997253418
2016-06-17,35.31949996948242
2016-06-20,35.70050048828125
2016-06-21,35.79100036621094
2016-06-22,35.529998779296875
2016-06-23,36.104000091552734
2016-06-24,34.948001861572266
2016-06-27,34.56800079345703
2016-06-28,35.397499084472656
2016-06-29,35.779998779296875
2016-06-30,35.78099822998047
2016-07-01,36.284000396728516
2016-07-05,36.404998779296875
2016-07-06,36.88050079345703
2016-07-07,36.82849884033203
2016-07-08,37.29050064086914
2016-07-11,37.68899917602539
2016-07-12,37.410499572753906
2016-07-13,37.131500244140625
2016-07-14,37.060001373291016
2016-07-15,36.77199935913086
2016-07-18,36.80350112915039
2016-07-19,36.997501373291016
2016-07-20,37.2859992980957
2016-07-21,37.221500396728516
2016-07-22,37.24300003051758
2016-07-25,36.980499267578125
2016-07-26,36.77949905395508
2016-07-27,36.833499908447266
2016-07-28,37.63050079345703
2016-07-29,37.94049835205078
2016-08-01,38.387001037597656
2016-08-02,38.02899932861328
2016-08-03,37.731998443603516
2016-08-04,38.03850173950195
2016-08-05,38.29899978637695
2016-08-08,38.327999114990234
2016-08-09,38.41550064086914
2016-08-10,38.428001403808594
2016-08-11,38.5620002746582
2016-08-12,38.62799835205078
2016-08-15,38.42449951171875
2016-08-16,38.20199966430664
2016-08-17,38.23149871826172
2016-08-18,38.222999572753906
2016-08-19,37.865501403808594
2016-08-22,37.9739990234375
2016-08-23,38.122501373291016
2016-08-24,37.86249923706055
2016-08-25,37.96099853515625
2016-08-26,38.45000076293945
2016-08-29,38.56449890136719
2016-08-30,38.37900161743164
2016-08-31,38.45800018310547
2016-09-01,38.53099822998047
2016-09-02,38.62200164794922
2016-09-06,39.44350051879883
2016-09-07,39.2239990234375
2016-09-08,39.202999114990234
2016-09-09,38.00699996948242
2016-09-12,38.574501037597656
2016-09-13,38.050498962402344
2016-09-14,38.054500579833984
2016-09-15,38.484500885009766
2016-09-16,38.92599868774414
2016-09-19,38.755001068115234
2016-09-20,39.01100158691406
2016-09-21,39.48699951171875
2016-09-22,40.23500061035156
2016-09-23,40.287498474121094
2016-09-26,39.95800018310547
2016-09-27,40.80550003051758
2016-09-28,41.43600082397461
2016-09-29,41.45249938964844
2016-09-30,41.865501403808594
2016-10-03,41.83700180053711
2016-10-04,41.701499938964844
2016-10-05,42.21799850463867
2016-10-06,42.08300018310547
2016-10-07,41.971500396728516
2016-10-10,42.08549880981445
2016-10-11,41.54999923706055
2016-10-12,41.704498291015625
2016-10-13,41.4640007019043
2016-10-14,41.14799880981445
2016-10-17,40.647499084472656
2016-10-18,40.88249969482422
2016-10-19,40.884498596191406
2016-10-20,40.51599884033203
2016-10-21,40.949501037597656
2016-10-24,41.90449905395508
2016-10-25,41.75899887084961
2016-10-26,41.12950134277344
2016-10-27,40.917999267578125
2016-10-28,38.816001892089844
2016-10-31,39.49100112915039
2016-11-01,39.27050018310547
2016-11-02,38.27799987792969
2016-11-03,38.35150146484375
2016-11-04,37.752498626708984
2016-11-07,39.246498107910156
2016-11-08,39.38750076293945
2016-11-09,38.59400177001953
2016-11-10,37.11899948120117
2016-11-11,36.95050048828125
2016-11-14,35.95349884033203
2016-11-15,37.1619987487793
2016-11-16,37.324501037597656
2016-11-17,37.81999969482422
2016-11-18,38.007999420166016
2016-11-21,39.0
2016-11-22,39.26649856567383
2016-11-23,39.00600051879883
2016-11-25,39.01850128173828
2016-11-28,38.3385009765625
2016-11-29,38.125999450683594
2016-11-30,37.528499603271484
2016-12-01,37.182498931884766
2016-12-02,37.016998291015625
2016-12-05,37.96799850463867
2016-12-06,38.236000061035156
2016-12-07,38.520999908447266
2016-12-08,38.36650085449219
2016-12-09,38.43299865722656
2016-12-12,38.00600051879883
2016-12-13,38.71699905395508
2016-12-14,38.441001892089844
2016-12-15,38.04999923706055
2016-12-16,37.88850021362305
2016-12-19,38.29999923706055
2016-12-20,38.56100082397461
2016-12-21,38.529998779296875
2016-12-22,38.31700134277344
2016-12-23,38.02949905395508
2016-12-27,38.56999969482422
2016-12-28,38.60649871826172
2016-12-29,38.25749969482422
2016-12-30,37.493499755859375
2017-01-03,37.68349838256836
2017-01-04,37.85900115966797
2017-01-05,39.022499084472656
2017-01-06,39.79949951171875
2017-01-09,39.84600067138672
2017-01-10,39.79499816894531
2017-01-11,39.95100021362305
2017-01-12,40.68199920654297
2017-01-13,40.856998443603516
2017-01-17,40.486000061035156
2017-01-18,40.374000549316406
2017-01-19,40.45199966430664
2017-01-20,40.416500091552734
2017-01-23,40.89400100708008
2017-01-24,41.12200164794922
2017-01-25,41.82600021362305
2017-01-26,41.95750045776367
2017-01-27,41.78850173950195
2017-01-30,41.51900100708008
2017-01-31,41.17399978637695
2017-02-01,41.61750030517578
2017-02-02,41.997501373291016
2017-02-03,40.5099983215332
2017-02-06,40.38199996948242
2017-02-07,40.625
2017-02-08,40.98550033569336
2017-02-09,41.06800079345703
2017-02-10,41.37300109863281
2017-02-13,41.826499938964844
2017-02-14,41.81949996948242
2017-02-15,42.1349983215332
2017-02-16,42.207000732421875
2017-02-17,42.253501892089844
2017-02-21,42.821998596191406
2017-02-22,42.78049850463867
2017-02-23,42.609500885009766
2017-02-24,42.262001037597656
2017-02-27,42.43199920654297
2017-02-28,42.25199890136719
2017-03-01,42.65399932861328
2017-03-02,42.445499420166016
2017-03-03,42.49399948120117
2017-03-06,42.330501556396484
2017-03-07,42.30099868774414
2017-03-08,42.525001525878906
2017-03-09,42.650001525878906
2017-03-10,42.62300109863281
2017-03-13,42.72949981689453
2017-03-14,42.62649917602539
2017-03-15,42.64849853515625
2017-03-16,42.67100143432617
2017-03-17,42.615501403808594
2017-03-20,42.8484992980957
2017-03-21,42.15999984741211
2017-03-22,42.40299987792969
2017-03-23,42.36899948120117
2017-03-24,42.28049850463867
2017-03-27,42.340999603271484
2017-03-28,42.79999923706055
2017-03-29,43.715999603271484
2017-03-30,43.81700134277344
2017-03-31,44.32699966430664
2017-04-03,44.57550048828125
2017-04-04,45.34149932861328
2017-04-05,45.4640007019043
2017-04-06,44.91400146484375
2017-04-07,44.74399948120117
2017-04-10,45.35200119018555
2017-04-11,45.11800003051758
2017-04-12,44.811500549316406
2017-04-13,44.23350143432617
2017-04-17,45.0994987487793
2017-04-18,45.18899917602539
2017-04-19,44.959999084472656
2017-04-20,45.10300064086914
2017-04-21,44.92649841308594
2017-04-24,45.37049865722656
2017-04-25,45.38100051879883
2017-04-26,45.464500427246094
2017-04-27,45.91899871826172
2017-04-28,46.2495002746582
2017-05-01,47.4114990234375
2017-05-02,47.34700012207031
2017-05-03,47.05149841308594
2017-05-04,46.87649917602539
2017-05-05,46.70750045776367
2017-05-08,47.45199966430664
2017-05-09,47.64099884033203
2017-05-10,47.4474983215332
2017-05-11,47.38100051879883
2017-05-12,48.067501068115234
2017-05-15,47.89849853515625
2017-05-16,48.30350112915039
2017-05-17,47.237998962402344
2017-05-18,47.92449951171875
2017-05-19,47.992000579833984
2017-05-22,48.53350067138672
2017-05-23,48.57699966430664
2017-05-24,49.01750183105469
2017-05-25,49.66899871826172
2017-05-26,49.78900146484375
2017-05-30,49.834999084472656
2017-05-31,49.73099899291992
2017-06-01,49.79750061035156
2017-06-02,50.33649826049805
2017-06-05,50.56700134277344
2017-06-06,50.150001525878906
2017-06-07,50.503501892089844
2017-06-08,50.51350021362305
2017-06-09,48.91550064086914
2017-06-12,48.24549865722656
2017-06-13,49.03950119018555
2017-06-14,48.82350158691406
2017-06-15,48.208499908447266
2017-06-16,49.385501861572266
2017-06-19,49.75849914550781
2017-06-20,49.62950134277344
2017-06-21,50.11149978637695
2017-06-22,50.064998626708984
2017-06-23,50.1870002746582
2017-06-26,49.69900131225586
2017-06-27,48.8390007019043
2017-06-28,49.51649856567383
2017-06-29,48.79650115966797
2017-06-30,48.400001525878906
2017-07-03,47.68299865722656
2017-07-05,48.56999969482422
2017-07-06,48.25699996948242
2017-07-07,48.9379997253418
2017-07-10,49.82350158691406
2017-07-11,49.70650100708008
2017-07-12,50.32550048828125
2017-07-13,50.03150177001953
2017-07-14,50.09049987792969
2017-07-17,50.50199890136719
2017-07-18,51.22249984741211
2017-07-19,51.34349822998047
2017-07-20,51.435001373291016
2017-07-21,51.28350067138672
2017-07-24,51.9474983215332
2017-07-25,51.993499755859375
2017-07-26,52.63999938964844
2017-07-27,52.29999923706055
2017-07-28,51.00199890136719
2017-07-31,49.388999938964844
2017-08-01,49.80950164794922
2017-08-02,49.794498443603516
2017-08-03,49.34600067138672
2017-08-04,49.37900161743164
2017-08-07,49.61349868774414
2017-08-08,49.492000579833984
2017-08-09,49.10049819946289
2017-08-10,47.84600067138672
2017-08-11,48.39950180053711
2017-08-14,49.165000915527344
2017-08-15,49.137001037597656
2017-08-16,48.909000396728516
2017-08-17,48.028499603271484
2017-08-18,47.923500061035156
2017-08-21,47.66450119018555
2017-08-22,48.345001220703125
2017-08-23,47.900001525878906
2017-08-24,47.622501373291016
2017-08-25,47.26300048828125
2017-08-28,47.30099868774414
2017-08-29,47.702999114990234
2017-08-30,48.37950134277344
2017-08-31,49.029998779296875
2017-09-01,48.912498474121094
2017-09-05,48.26350021362305
2017-09-06,48.38999938964844
2017-09-07,48.9734992980957
2017-09-08,48.29499816894531
2017-09-11,48.89799880981445
2017-09-12,49.12900161743164
2017-09-13,49.97999954223633
2017-09-14,49.61050033569336
2017-09-15,49.339500427246094
2017-09-18,48.70949935913086
2017-09-19,48.49300003051758
2017-09-20,48.660499572753906
2017-09-21,48.23249816894531
2017-09-22,47.755001068115234
2017-09-25,46.989498138427734
2017-09-26,46.93000030517578
2017-09-27,47.54349899291992
2017-09-28,47.81999969482422
2017-09-29,48.067501068115234
2017-10-02,47.95949935913086
2017-10-03,47.85499954223633
2017-10-04,48.272499084472656
2017-10-05,49.04249954223633
2017-10-06,49.479000091552734
2017-10-09,49.54949951171875
2017-10-10,49.36000061035156
2017-10-11,49.75
2017-10-12,50.04650115966797
2017-10-13,50.14699935913086
2017-10-16,50.31700134277344
2017-10-17,50.45650100708008
2017-10-18,49.849998474121094
2017-10-19,49.330501556396484
2017-10-20,49.14550018310547
2017-10-23,48.314998626708984
2017-10-24,48.79499816894531
2017-10-25,48.64550018310547
2017-10-26,48.621498107910156
2017-10-27,55.04750061035156
2017-10-30,55.54249954223633
2017-10-31,55.263999938964844
2017-11-01,55.183998107910156
2017-11-02,54.71099853515625
2017-11-03,55.58000183105469
2017-11-06,56.03300094604492
2017-11-07,56.15850067138672
2017-11-08,56.64400100708008
2017-11-09,56.45650100708008
2017-11-10,56.26750183105469
2017-11-13,56.458499908447266
2017-11-14,56.84199905395508
2017-11-15,56.33449935913086
2017-11-16,56.864498138427734
2017-11-17,56.49399948120117
2017-11-20,56.31549835205078
2017-11-21,56.9744987487793
2017-11-22,57.80799865722656
2017-11-24,59.29999923706055
2017-11-27,59.791500091552734
2017-11-28,59.68000030517578
2017-11-29,58.063499450683594
2017-11-30,58.837501525878906
2017-12-01,58.11750030517578
2017-12-04,56.6974983215332
2017-12-05,57.07849884033203
2017-12-06,57.61750030517578
2017-12-07,57.989498138427734
2017-12-08,58.099998474121094
2017-12-11,58.44599914550781
2017-12-12,58.25400161743164
2017-12-13,58.20650100708008
2017-12-14,58.7130012512207
2017-12-15,58.957000732421875
2017-12-18,59.52899932861328
2017-12-19,59.36899948120117
2017-12-20,58.88100051879883
2017-12-21,58.737998962402344
2017-12-22,58.417999267578125
2017-12-26,58.8380012512207
2017-12-27,59.112998962402344
2017-12-28,59.30500030517578
2017-12-29,58.4734992980957
2018-01-02,59.45050048828125
2018-01-03,60.209999084472656
2018-01-04,60.47949981689453
2018-01-05,61.457000732421875
2018-01-08,62.34349822998047
2018-01-09,62.6349983215332
2018-01-10,62.71649932861328
2018-01-11,63.83399963378906
2018-01-12,65.26000213623047
2018-01-16,65.24299621582031
2018-01-17,64.75
2018-01-18,64.66600036621094
2018-01-19,64.72899627685547
2018-01-22,66.3655014038086
2018-01-23,68.12699890136719
2018-01-24,67.87550354003906
2018-01-25,68.89749908447266
2018-01-26,70.10250091552734
2018-01-29,70.88400268554688
2018-01-30,71.89099884033203
2018-01-31,72.54450225830078
2018-02-01,69.5
2018-02-02,71.49749755859375
2018-02-05,69.5
2018-02-06,72.14199829101562
2018-02-07,70.83899688720703
2018-02-08,67.5250015258789
2018-02-09,66.9800033569336
2018-02-12,69.3115005493164
2018-02-13,70.72550201416016
2018-02-14,72.55249786376953
2018-02-15,73.08799743652344
2018-02-16,72.43450164794922
2018-02-20,73.4175033569336
2018-02-21,74.14600372314453
2018-02-22,74.26699829101562
2018-02-23,75.0
2018-02-26,76.09750366210938
2018-02-27,75.5989990234375
2018-02-28,75.62249755859375
2018-03-01,74.67250061035156
2018-03-02,75.01249694824219
2018-03-05,76.18049621582031
2018-03-06,76.88200378417969
2018-03-07,77.25
2018-03-08,77.59300231933594
2018-03-09,78.94450378417969
2018-03-12,79.91950225830078
2018-03-13,79.40899658203125
2018-03-14,79.55000305175781
2018-03-15,79.11599731445312
2018-03-16,78.58399963378906
2018-03-19,77.24649810791016
2018-03-20,79.32550048828125
2018-03-21,79.09300231933594
2018-03-22,77.24600219726562
2018-03-23,74.77799987792969
2018-03-26,77.79299926757812
2018-03-27,74.85250091552734
2018-03-28,71.57099914550781
2018-03-29,72.36699676513672
2018-04-02,68.59950256347656
2018-04-03,69.60250091552734
2018-04-04,70.52850341796875
2018-04-05,72.5875015258789
2018-04-06,70.2614974975586
2018-04-09,70.30400085449219
2018-04-10,71.81099700927734
2018-04-11,71.35250091552734
2018-04-12,72.42500305175781
2018-04-13,71.53949737548828
2018-04-16,72.07499694824219
2018-04-17,75.19149780273438
2018-04-18,76.39199829101562
2018-04-19,77.84549713134766
2018-04-20,76.37449645996094
2018-04-23,75.89299774169922
2018-04-24,73.00450134277344
2018-04-25,73.00849914550781
2018-04-26,75.89800262451172
2018-04-27,78.63099670410156
2018-04-30,78.30650329589844
2018-05-01,79.11299896240234
2018-05-02,78.48400115966797
2018-05-03,78.60399627685547
2018-05-04,79.04750061035156
2018-05-07,80.00700378417969
2018-05-08,79.61949920654297
2018-05-09,80.4000015258789
2018-05-10,80.4540023803711
2018-05-11,80.14550018310547
2018-05-14,80.0770034790039
2018-05-15,78.80599975585938
2018-05-16,79.36399841308594
2018-05-17,79.08799743652344
2018-05-18,78.71849822998047
2018-05-21,79.27300262451172
2018-05-22,79.06999969482422
2018-05-23,80.09300231933594
2018-05-24,80.15350341796875
2018-05-25,80.50749969482422
2018-05-29,80.64350128173828
2018-05-30,81.24449920654297
2018-05-31,81.48100280761719
2018-06-01,82.0770034790039
2018-06-04,83.26349639892578
2018-06-05,84.81749725341797
2018-06-06,84.7874984741211
2018-06-07,84.46499633789062
2018-06-08,84.19950103759766
2018-06-11,84.45600128173828
2018-06-12,84.9375
2018-06-13,85.24299621582031
2018-06-14,86.19300079345703
2018-06-15,85.79850006103516
2018-06-18,86.18949890136719
2018-06-19,86.73899841308594
2018-06-20,87.50399780273438
2018-06-21,86.51100158691406
2018-06-22,85.78350067138672
2018-06-25,83.15750122070312
2018-06-26,84.55449676513672
2018-06-27,83.02549743652344
2018-06-28,85.07250213623047
2018-06-29,84.98999786376953
2018-07-02,85.68900299072266
2018-07-03,84.697998046875
2018-07-05,84.98650360107422
2018-07-06,85.53150177001953
2018-07-09,86.95099639892578
2018-07-10,87.15350341796875
2018-07-11,87.75
2018-07-12,89.83100128173828
2018-07-13,90.65149688720703
2018-07-16,91.12449645996094
2018-07-17,92.19650268554688
2018-07-18,92.14600372314453
2018-07-19,90.64849853515625
2018-07-20,90.68499755859375
2018-07-23,90.0999984741211
2018-07-24,91.46199798583984
2018-07-25,93.18049621582031
2018-07-26,90.4000015258789
2018-07-27,90.8635025024414
2018-07-30,88.96099853515625
2018-07-31,88.87200164794922
2018-08-01,89.8584976196289
2018-08-02,91.71649932861328
2018-08-03,91.16449737548828
2018-08-06,92.38749694824219
2018-08-07,93.1240005493164
2018-08-08,94.32599639892578
2018-08-09,94.9260025024414
2018-08-10,94.31500244140625
2018-08-13,94.80999755859375
2018-08-14,95.98249816894531
2018-08-15,94.13099670410156
2018-08-16,94.32599639892578
2018-08-17,94.11100006103516
2018-08-20,93.83550262451172
2018-08-21,94.1709976196289
2018-08-22,95.24500274658203
2018-08-23,95.1449966430664
2018-08-24,95.26950073242188
2018-08-27,96.38400268554688
2018-08-28,96.64099884033203
2018-08-29,99.90499877929688
2018-08-30,100.11900329589844
2018-08-31,100.635498046875
2018-09-04,101.97550201416016
2018-09-05,99.74099731445312
2018-09-06,97.91549682617188
2018-09-07,97.60350036621094
2018-09-10,96.95050048828125
2018-09-11,99.35749816894531
2018-09-12,99.5
2018-09-13,99.49349975585938
2018-09-14,98.5094985961914
2018-09-17,95.40149688720703
2018-09-18,97.05249786376953
2018-09-19,96.32099914550781
2018-09-20,97.21499633789062
2018-09-21,95.75050354003906
2018-09-24,96.71800231933594
2018-09-25,98.72750091552734
2018-09-26,98.74250030517578
2018-09-27,100.64900207519531
2018-09-28,100.1500015258789
2018-10-01,100.21800231933594
2018-10-02,98.56549835205078
2018-10-03,97.63800048828125
2018-10-04,95.47100067138672
2018-10-05,94.48249816894531
2018-10-08,93.22100067138672
2018-10-09,93.51599884033203
2018-10-10,87.76249694824219
2018-10-11,85.96800231933594
2018-10-12,89.43049621582031
2018-10-15,88.04750061035156
2018-10-16,90.99800109863281
2018-10-17,91.58650207519531
2018-10-18,88.53600311279297
2018-10-19,88.20149993896484
2018-10-22,89.46499633789062
2018-10-23,88.43499755859375
2018-10-24,83.20999908447266
2018-10-25,89.1084976196289
2018-10-26,82.1405029296875
2018-10-29,76.94400024414062
2018-10-30,76.52100372314453
2018-10-31,79.90049743652344
2018-11-01,83.27649688720703
2018-11-02,83.27649688720703
2018-11-05,81.38999938964844
2018-11-06,82.1405029296875
2018-11-07,87.77449798583984
2018-11-08,87.74549865722656
2018-11-09,85.62149810791016
2018-11-12,81.84249877929688
2018-11-13,81.55850219726562
2018-11-14,79.95050048828125
2018-11-15,80.97200012207031
2018-11-16,79.67050170898438
2018-11-19,75.614501953125
2018-11-20,74.77300262451172
2018-11-21,75.83650207519531
2018-11-23,75.10299682617188
2018-11-26,79.06649780273438
2018-11-27,79.07099914550781
2018-11-28,83.88749694824219
2018-11-29,83.67849731445312
2018-11-30,84.50849914550781
2018-12-03,88.61799621582031
2018-12-04,83.41999816894531
2018-12-06,84.95950317382812
2018-12-07,81.45649719238281
2018-12-10,82.05149841308594
2018-12-11,82.16200256347656
2018-12-12,83.177001953125
2018-12-13,82.91899871826172
2018-12-14,79.59549713134766
2018-12-17,76.04550170898438
2018-12-18,77.5739974975586
2018-12-19,74.75399780273438
2018-12-20,73.04149627685547
2018-12-21,68.87249755859375
2018-12-24,67.197998046875
2018-12-26,73.54499816894531
2018-12-27,73.08200073242188
2018-12-28,73.9010009765625
2018-12-31,75.09850311279297
2019-01-02,76.95649719238281
2019-01-03,75.01399993896484
2019-01-04,78.76950073242188
2019-01-07,81.47550201416016
2019-01-08,82.8290023803711
2019-01-09,82.97100067138672
2019-01-10,82.81099700927734
2019-01-11,82.02799987792969
2019-01-14,80.8604965209961
2019-01-15,83.72799682617188
2019-01-16,84.18900299072266
2019-01-17,84.66100311279297
2019-01-18,84.80999755859375
2019-01-22,81.6084976196289
2019-01-23,82.0009994506836
2019-01-24,82.74649810791016
2019-01-25,83.52850341796875
2019-01-28,81.89450073242188
2019-01-29,79.69400024414062
2019-01-30,83.52149963378906
2019-01-31,85.9365005493164
2019-02-01,81.3115005493164
2019-02-04,81.66549682617188
2019-02-05,82.94049835205078
2019-02-06,82.01300048828125
2019-02-07,80.71849822998047
2019-02-08,79.41100311279297
2019-02-11,79.55000305175781
2019-02-12,81.90049743652344
2019-02-13,82.0
2019-02-14,81.13249969482422
2019-02-15,80.39749908447266
2019-02-19,81.37899780273438
2019-02-20,81.1050033569336
2019-02-21,80.97200012207031
2019-02-22,81.5780029296875
2019-02-25,81.6500015258789
2019-02-26,81.81999969482422
2019-02-27,82.05449676513672
2019-02-28,81.99150085449219
2019-03-01,83.58650207519531
2019-03-04,84.80850219726562
2019-03-05,84.62149810791016
2019-03-06,83.44750213623047
2019-03-07,81.29750061035156
2019-03-08,81.04000091552734
2019-03-11,83.53099822998047
2019-03-12,83.65499877929688
2019-03-13,84.54049682617188
2019-03-14,84.31099700927734
2019-03-15,85.61799621582031
2019-03-18,87.10749816894531
2019-03-19,88.09249877929688
2019-03-20,89.8635025024414
2019-03-21,90.96299743652344
2019-03-22,88.2385025024414
2019-03-25,88.71299743652344
2019-03-26,89.18800354003906
2019-03-27,88.28500366210938
2019-03-28,88.6709976196289
2019-03-29,89.0374984741211
2019-04-01,90.70950317382812
2019-04-02,90.6989974975586
2019-04-03,91.03500366210938
2019-04-04,90.94300079345703
2019-04-05,91.86399841308594
2019-04-08,92.49299621582031
2019-04-09,91.79199981689453
2019-04-10,92.36650085449219
2019-04-11,92.20349884033203
2019-04-12,92.15299987792969
2019-04-15,92.24349975585938
2019-04-16,93.1520004272461
2019-04-17,93.24099731445312
2019-04-18,93.08450317382812
2019-04-22,94.3655014038086
2019-04-23,96.1884994506836
2019-04-24,95.0875015258789
2019-04-25,95.11250305175781
2019-04-26,97.53150177001953
2019-04-29,96.92150115966797
2019-04-30,96.32599639892578
2019-05-01,95.57599639892578
2019-05-02,95.04100036621094
2019-05-03,98.12300109863281
2019-05-06,97.52749633789062
2019-05-07,96.05000305175781
2019-05-08,95.88849639892578
2019-05-09,94.99349975585938
2019-05-10,94.4990005493164
2019-05-13,91.13400268554688
2019-05-14,92.00599670410156
2019-05-15,93.55750274658203
2019-05-16,95.37850189208984
2019-05-17,93.44999694824219
2019-05-20,92.94850158691406
2019-05-21,92.8759994506836
2019-05-22,92.98400115966797
2019-05-23,90.77400207519531
2019-05-24,91.16400146484375
2019-05-28,91.82150268554688
2019-05-29,90.95950317382812
2019-05-30,90.81600189208984
2019-05-31,88.75350189208984
2019-06-03,84.6344985961914
2019-06-04,86.47799682617188
2019-06-05,86.92500305175781
2019-06-06,87.71800231933594
2019-06-07,90.20149993896484
2019-06-10,93.03150177001953
2019-06-11,93.18499755859375
2019-06-12,92.76599884033203
2019-06-13,93.51499938964844
2019-06-14,93.4834976196289
2019-06-17,94.30149841308594
2019-06-18,95.06849670410156
2019-06-19,95.43949890136719
2019-06-20,95.90950012207031
2019-06-21,95.56500244140625
2019-06-24,95.69499969482422
2019-06-25,93.91349792480469
2019-06-26,94.8915023803711
2019-06-27,95.21399688720703
2019-06-28,94.68150329589844
2019-07-01,96.1094970703125
2019-07-02,96.71549987792969
2019-07-03,96.94999694824219
2019-07-05,97.14550018310547
2019-07-08,97.61599731445312
2019-07-09,99.41500091552734
2019-07-10,100.87049865722656
2019-07-11,100.05349731445312
2019-07-12,100.55000305175781
2019-07-15,101.04949951171875
2019-07-16,100.49500274658203
2019-07-17,99.60150146484375
2019-07-18,98.8949966430664
2019-07-19,98.22599792480469
2019-07-22,99.28150177001953
2019-07-23,99.72450256347656
2019-07-24,100.04049682617188
2019-07-25,98.69100189208984
2019-07-26,97.15249633789062
2019-07-29,95.62249755859375
2019-07-30,94.92649841308594
2019-07-31,93.33899688720703
2019-08-01,92.76599884033203
2019-08-02,91.16200256347656
2019-08-05,88.25650024414062
2019-08-06,89.3915023803711
2019-08-07,89.66999816894531
2019-08-08,91.64450073242188
2019-08-09,90.37899780273438
2019-08-12,89.24600219726562
2019-08-13,91.21700286865234
2019-08-14,88.14800262451172
2019-08-15,88.80599975585938
2019-08-16,89.62850189208984
2019-08-19,90.80599975585938
2019-08-20,90.06900024414062
2019-08-21,91.177001953125
2019-08-22,90.23300170898438
2019-08-23,87.48100280761719
2019-08-26,88.44349670410156
2019-08-27,88.09149932861328
2019-08-28,88.2125015258789
2019-08-29,89.31999969482422
2019-08-30,88.81449890136719
2019-09-03,89.49199676513672
2019-09-04,90.03099822998047
2019-09-05,92.03600311279297
2019-09-06,91.67549896240234
2019-09-09,91.56749725341797
2019-09-10,91.02749633789062
2019-09-11,91.14949798583984
2019-09-12,92.17749786376953
2019-09-13,91.96700286865234
2019-09-16,90.39199829101562
2019-09-17,91.12750244140625
2019-09-18,90.87300109863281
2019-09-19,91.07499694824219
2019-09-20,89.70800018310547
2019-09-23,89.26499938964844
2019-09-24,87.08049774169922
2019-09-25,88.41649627685547
2019-09-26,86.99199676513672
2019-09-27,86.27249908447266
2019-09-30,86.79550170898438
2019-10-01,86.78250122070312
2019-10-02,85.6614990234375
2019-10-03,86.22100067138672
2019-10-04,86.98249816894531
2019-10-07,86.63300323486328
2019-10-08,85.27549743652344
2019-10-09,86.09950256347656
2019-10-10,86.01300048828125
2019-10-11,86.59600067138672
2019-10-14,86.82150268554688
2019-10-15,88.36900329589844
2019-10-16,88.87149810791016
2019-10-17,89.3740005493164
2019-10-18,87.87550354003906
2019-10-21,89.28299713134766
2019-10-22,88.2864990234375
2019-10-23,88.1084976196289
2019-10-24,89.03900146484375
2019-10-25,88.06649780273438
2019-10-28,88.85399627685547
2019-10-29,88.135498046875
2019-10-30,88.99949645996094
2019-10-31,88.83300018310547
2019-11-01,89.5719985961914
2019-11-04,90.23300170898438
2019-11-05,90.08550262451172
2019-11-06,89.78849792480469
2019-11-07,89.41000366210938
2019-11-08,89.29399871826172
2019-11-11,88.5824966430664
2019-11-12,88.9000015258789
2019-11-13,87.65550231933594
2019-11-14,87.7300033569336
2019-11-15,86.97450256347656
2019-11-18,87.62650299072266
2019-11-19,87.6395034790039
2019-11-20,87.27649688720703
2019-11-21,86.7354965209961
2019-11-22,87.28600311279297
2019-11-25,88.69200134277344
2019-11-26,89.84700012207031
2019-11-27,90.92549896240234
2019-11-29,90.04000091552734
2019-12-02,89.08000183105469
2019-12-03,88.49800109863281
2019-12-04,88.03450012207031
2019-12-05,87.02400207519531
2019-12-06,87.58000183105469
2019-12-09,87.47550201416016
2019-12-10,86.96050262451172
2019-12-11,87.43599700927734
2019-12-12,88.0165023803711
2019-12-13,88.0469970703125
2019-12-16,88.46050262451172
2019-12-17,89.53299713134766
2019-12-18,89.20149993896484
2019-12-19,89.61399841308594
2019-12-20,89.32499694824219
2019-12-23,89.6500015258789
2019-12-24,89.46050262451172
2019-12-26,93.4384994506836
2019-12-27,93.48999786376953
2019-12-30,92.34449768066406
2019-12-31,92.39199829101562
2020-01-02,94.90049743652344
2020-01-03,93.74849700927734
2020-01-06,95.14399719238281
2020-01-07,95.34300231933594
2020-01-08,94.59850311279297
2020-01-09,95.05249786376953
2020-01-10,94.15799713134766
2020-01-13,94.56500244140625
2020-01-14,93.47200012207031
2020-01-15,93.10099792480469
2020-01-16,93.89700317382812
2020-01-17,93.23600006103516
2020-01-21,94.5999984741211
2020-01-22,94.37300109863281
2020-01-23,94.22899627685547
2020-01-24,93.08200073242188
2020-01-27,91.41699981689453
2020-01-28,92.6624984741211
2020-01-29,92.9000015258789
2020-01-30,93.53399658203125
2020-01-31,100.43599700927734
2020-02-03,100.20999908447266
2020-02-04,102.4834976196289
2020-02-05,101.99349975585938
2020-02-06,102.5114974975586
2020-02-07,103.96399688720703
2020-02-10,106.69550323486328
2020-02-11,107.54000091552734
2020-02-12,108.0
2020-02-13,107.49349975585938
2020-02-14,106.74349975585938
2020-02-18,107.78350067138672
2020-02-19,108.51100158691406
2020-02-20,107.65499877929688
2020-02-21,104.79850006103516
2020-02-24,100.4645004272461
2020-02-25,98.63700103759766
2020-02-26,98.97949981689453
2020-02-27,94.21499633789062
2020-02-28,94.1875
2020-03-02,97.69750213623047
2020-03-03,95.44950103759766
2020-03-04,98.79149627685547
2020-03-05,96.20149993896484
2020-03-06,95.05449676513672
2020-03-09,90.03050231933594
2020-03-10,94.59100341796875
2020-03-11,91.04299926757812
2020-03-12,83.83049774169922
2020-03-13,89.25
2020-03-16,84.4574966430664
2020-03-17,90.39199829101562
2020-03-18,91.5
2020-03-19,94.04650115966797
2020-03-20,92.30449676513672
2020-03-23,95.1415023803711
2020-03-24,97.00499725341797
2020-03-25,94.29199981689453
2020-03-26,97.77449798583984
2020-03-27,95.00499725341797
2020-03-30,98.19750213623047
2020-03-31,97.48600006103516
2020-04-01,95.38500213623047
2020-04-02,95.94149780273438
2020-04-03,95.32949829101562
2020-04-06,99.87950134277344
2020-04-07,100.58000183105469
2020-04-08,102.1500015258789
2020-04-09,102.13800048828125
2020-04-13,108.44349670410156
2020-04-14,114.16600036621094
2020-04-15,115.38400268554688
2020-04-16,120.40950012207031
2020-04-17,118.75
2020-04-20,119.68049621582031
2020-04-21,116.40599822998047
2020-04-22,118.17449951171875
2020-04-23,119.97250366210938
2020-04-24,120.51100158691406
2020-04-27,118.80000305175781
2020-04-28,115.7040023803711
2020-04-29,118.635498046875
2020-04-30,123.69999694824219
2020-05-01,114.302001953125
2020-05-04,115.79949951171875
2020-05-05,115.88999938964844
2020-05-06,117.56300354003906
2020-05-07,118.38050079345703
2020-05-08,118.98049926757812
2020-05-11,120.44999694824219
2020-05-12,117.84750366210938
2020-05-13,118.39600372314453
2020-05-14,119.44249725341797
2020-05-15,120.48899841308594
2020-05-18,121.31300354003906
2020-05-19,122.46649932861328
2020-05-20,124.89700317382812
2020-05-21,122.33699798583984
2020-05-22,121.84400177001953
2020-05-26,121.09300231933594
2020-05-27,120.51950073242188
2020-05-28,120.05500030517578
2020-05-29,122.11849975585938
2020-06-01,123.552001953125
2020-06-02,123.62049865722656
2020-06-03,123.91999816894531
2020-06-04,123.02999877929688
2020-06-05,124.1500015258789
2020-06-08,126.2030029296875
2020-06-09,130.04299926757812
2020-06-10,132.37249755859375
2020-06-11,127.89800262451172
2020-06-12,127.2509994506836
2020-06-15,128.63400268554688
2020-06-16,130.7635040283203
2020-06-17,132.0489959716797
2020-06-18,132.69900512695312
2020-06-19,133.75050354003906
2020-06-22,135.6909942626953
2020-06-23,138.2205047607422
2020-06-24,136.72000122070312
2020-06-25,137.72900390625
2020-06-26,134.64349365234375
2020-06-29,134.0189971923828
2020-06-30,137.9409942626953
2020-07-01,143.93499755859375
2020-07-02,144.51499938964844
2020-07-06,152.8520050048828
2020-07-07,150.00599670410156
2020-07-08,154.0554962158203
2020-07-09,159.13150024414062
2020-07-10,160.0
2020-07-13,155.1999969482422
2020-07-14,154.1999969482422
2020-07-15,150.44349670410156
2020-07-16,149.9949951171875
2020-07-17,148.09849548339844
2020-07-20,159.8419952392578
2020-07-21,156.9145050048828
2020-07-22,154.99549865722656
2020-07-23,149.32749938964844
2020-07-24,150.44549560546875
2020-07-27,152.760498046875
2020-07-28,150.01649475097656
2020-07-29,151.67649841308594
2020-07-30,152.593994140625
2020-07-31,158.23399353027344
2020-08-03,155.59449768066406
2020-08-04,156.94149780273438
2020-08-05,160.25149536132812
2020-08-06,161.25
2020-08-07,158.3730010986328
2020-08-10,157.4080047607422
2020-08-11,154.0334930419922
2020-08-12,158.11199951171875
2020-08-13,158.05099487304688
2020-08-14,157.4010009765625
2020-08-17,159.12049865722656
2020-08-18,165.62449645996094
2020-08-19,163.0240020751953
2020-08-20,164.86849975585938
2020-08-21,164.23599243164062
2020-08-24,165.3730010986328
2020-08-25,167.32449340820312
2020-08-26,172.09249877929688
2020-08-27,170.0
2020-08-28,170.08999633789062
2020-08-31,172.54800415039062
2020-09-01,174.95599365234375
2020-09-02,176.57249450683594
2020-09-03,168.39999389648438
2020-09-04,164.7310028076172
2020-09-08,157.49200439453125
2020-09-09,163.4304962158203
2020-09-10,158.7554931640625
2020-09-11,155.81100463867188
2020-09-14,155.14849853515625
2020-09-15,157.80650329589844
2020-09-16,153.90499877929688
2020-09-17,150.43649291992188
2020-09-18,147.74549865722656
2020-09-21,148.02349853515625
2020-09-22,156.44949340820312
2020-09-23,149.9929962158203
2020-09-24,150.989501953125
2020-09-25,154.75650024414062
2020-09-28,158.70249938964844
2020-09-29,157.24400329589844
2020-09-30,157.43649291992188
2020-10-01,161.06300354003906
2020-10-02,156.25
2020-10-05,159.9600067138672
2020-10-06,154.9980010986328
2020-10-07,159.7845001220703
2020-10-08,159.52749633789062
2020-10-09,164.33250427246094
2020-10-12,172.14649963378906
2020-10-13,172.18150329589844
2020-10-14,168.1855010986328
2020-10-15,166.9324951171875
2020-10-16,163.635498046875
2020-10-19,160.36050415039062
2020-10-20,160.85049438476562
2020-10-21,159.2469940185547
2020-10-22,158.82000732421875
2020-10-23,160.22000122070312
2020-10-26,160.3520050048828
2020-10-27,164.31649780273438
2020-10-28,158.13900756835938
2020-10-29,160.55050659179688
2020-10-30,151.8074951171875
2020-11-02,150.2239990234375
2020-11-03,152.42050170898438
2020-11-04,162.05799865722656
2020-11-05,166.10000610351562
2020-11-06,165.56849670410156
2020-11-09,157.18699645996094
2020-11-10,151.75100708007812
2020-11-11,156.8695068359375
2020-11-12,155.51400756835938
2020-11-13,156.4405059814453
2020-11-16,156.55299377441406
2020-11-17,156.7830047607422
2020-11-18,155.2729949951172
2020-11-19,155.8509979248047
2020-11-20,154.97000122070312
2020-11-23,154.91949462890625
2020-11-24,155.9029998779297
2020-11-25,159.2534942626953
2020-11-27,159.76699829101562
2020-11-30,158.40199279785156
2020-12-01,161.00399780273438
2020-12-02,160.17649841308594
2020-12-03,159.3365020751953
2020-12-04,158.12899780273438
2020-12-07,157.89999389648438
2020-12-08,158.864501953125
2020-12-09,155.2100067138672
2020-12-10,155.07449340820312
2020-12-11,155.8209991455078
2020-12-14,157.84849548339844
2020-12-15,158.25599670410156
2020-12-16,162.04800415039062
2020-12-17,161.8040008544922
2020-12-18,160.08250427246094
2020-12-21,160.3090057373047
2020-12-22,160.3260040283203
2020-12-23,159.2635040283203
2020-12-24,158.63450622558594
2020-12-28,164.197998046875
2020-12-29,166.10000610351562
2020-12-30,164.29249572753906
2020-12-31,162.84649658203125
2021-01-04,159.3314971923828
2021-01-05,160.92550659179688
2021-01-06,156.91900634765625
2021-01-07,158.10800170898438
2021-01-08,159.13499450683594
2021-01-11,155.7104949951172
2021-01-12,156.04150390625
2021-01-13,158.29449462890625
2021-01-14,156.37350463867188
2021-01-15,155.21249389648438
2021-01-19,156.03799438476562
2021-01-20,163.16900634765625
2021-01-21,165.34950256347656
2021-01-22,164.6114959716797
2021-01-25,164.6999969482422
2021-01-26,166.30650329589844
2021-01-27,161.62899780273438
2021-01-28,161.88099670410156
2021-01-29,160.30999755859375
2021-02-01,167.1439971923828
2021-02-02,169.0
2021-02-03,165.62649536132812
2021-02-04,166.5500030517578
2021-02-05,167.6074981689453
2021-02-08,166.14700317382812
2021-02-09,165.25
2021-02-10,164.32899475097656
2021-02-11,163.10650634765625
2021-02-12,163.885498046875
2021-02-16,163.44749450683594
2021-02-17,165.4320068359375
2021-02-18,166.4114990234375
2021-02-19,162.4949951171875
2021-02-22,159.03700256347656
2021-02-23,159.72500610351562
2021-02-24,157.97650146484375
2021-02-25,152.85800170898438
2021-02-26,154.64649963378906
2021-03-01,157.3070068359375
2021-03-02,154.72650146484375
2021-03-03,150.25
2021-03-04,148.8784942626953
2021-03-05,150.0229949951172
2021-03-08,147.59750366210938
2021-03-09,153.1425018310547
2021-03-10,152.8820037841797
2021-03-11,155.67950439453125
2021-03-12,154.47450256347656
2021-03-15,154.08399963378906
2021-03-16,154.59300231933594
2021-03-17,156.7864990234375
2021-03-18,151.39950561523438
2021-03-19,153.7480010986328
2021-03-22,155.5435028076172
2021-03-23,156.875
2021-03-24,154.35350036621094
2021-03-25,152.31300354003906
2021-03-26,152.60150146484375
2021-03-29,153.7864990234375
2021-03-30,152.76449584960938
2021-03-31,154.70399475097656
2021-04-01,158.0500030517578
2021-04-05,161.3365020751953
2021-04-06,161.1909942626953
2021-04-07,163.96949768066406
2021-04-08,164.96499633789062
2021-04-09,168.61000061035156
2021-04-12,168.96949768066406
2021-04-13,170.0
2021-04-14,166.64999389648438
2021-04-15,168.95449829101562
2021-04-16,169.9720001220703
2021-04-19,168.60049438476562
2021-04-20,166.7344970703125
2021-04-21,168.1009979248047
2021-04-22,165.45199584960938
2021-04-23,167.04400634765625
2021-04-26,170.4499969482422
2021-04-27,170.8715057373047
2021-04-28,172.9250030517578
2021-04-29,173.5655059814453
2021-04-30,173.37100219726562
2021-05-03,169.32449340820312
2021-05-04,165.593505859375
2021-05-05,163.52699279785156
2021-05-06,165.31849670410156
2021-05-07,164.58050537109375
2021-05-10,159.52450561523438
2021-05-11,161.19549560546875
2021-05-12,157.5970001220703
2021-05-13,158.07350158691406
2021-05-14,161.14500427246094
2021-05-17,163.51950073242188
2021-05-18,161.61399841308594
2021-05-19,161.58999633789062
2021-05-20,162.38400268554688
2021-05-21,160.1540069580078
2021-05-24,162.24949645996094
2021-05-25,162.95249938964844
2021-05-26,163.25799560546875
2021-05-27,161.5054931640625
2021-05-28,161.15350341796875
2021-06-01,160.9324951171875
2021-06-02,161.69949340820312
2021-06-03,159.35049438476562
2021-06-04,160.31100463867188
2021-06-07,159.90049743652344
2021-06-08,163.20550537109375
2021-06-09,164.0574951171875
2021-06-10,167.4824981689453
2021-06-11,167.3415069580078
2021-06-14,169.19349670410156
2021-06-15,169.156494140625
2021-06-16,170.7624969482422
2021-06-17,174.46200561523438
2021-06-18,174.34500122070312
2021-06-21,172.697998046875
2021-06-22,175.27200317382812
2021-06-23,175.1909942626953
2021-06-24,172.45399475097656
2021-06-25,170.072998046875
2021-06-28,172.1945037841797
2021-06-29,172.40699768066406
2021-06-30,172.00799560546875
2021-07-01,171.64849853515625
2021-07-02,175.5489959716797
2021-07-06,183.78700256347656
2021-07-07,184.82899475097656
2021-07-08,186.57049560546875
2021-07-09,185.9669952392578
2021-07-12,185.92750549316406
2021-07-13,183.8679962158203
2021-07-14,184.08399963378906
2021-07-15,181.55999755859375
2021-07-16,178.68150329589844
2021-07-19,177.47950744628906
2021-07-20,178.6595001220703
2021-07-21,179.25999450683594
2021-07-22,181.90150451660156
2021-07-23,182.83200073242188
2021-07-26,184.99099731445312
2021-07-27,181.3195037841797
2021-07-28,181.51600646972656
2021-07-29,179.99600219726562
2021-07-30,166.37950134277344
2021-08-02,166.57400512695312
2021-08-03,168.31199645996094
2021-08-04,167.73599243164062
2021-08-05,168.79949951171875
2021-08-06,167.2469940185547
2021-08-09,167.093505859375
2021-08-10,166.03399658203125
2021-08-11,164.60549926757812
2021-08-12,165.1750030517578
2021-08-13,164.69850158691406
2021-08-16,164.94949340820312
2021-08-17,162.09800720214844
2021-08-18,160.06100463867188
2021-08-19,159.3874969482422
2021-08-20,159.99749755859375
2021-08-23,163.2935028076172
2021-08-24,165.28900146484375
2021-08-25,164.95899963378906
2021-08-26,165.8000030517578
2021-08-27,167.48150634765625
2021-08-30,171.07850646972656
2021-08-31,173.5395050048828
2021-09-01,173.9499969482422
2021-09-02,173.156005859375
2021-09-03,173.90249633789062
2021-09-07,175.46449279785156
2021-09-08,176.27499389648438
2021-09-09,174.20799255371094
2021-09-10,173.45750427246094
2021-09-13,172.85850524902344
2021-09-14,172.5
2021-09-15,173.7895050048828
2021-09-16,174.41200256347656
2021-09-17,173.12600708007812
2021-09-20,167.7864990234375
2021-09-21,167.18150329589844
2021-09-22,169.00250244140625
2021-09-23,170.8000030517578
2021-09-24,171.2760009765625
2021-09-27,170.2899932861328
2021-09-28,165.79800415039062
2021-09-29,165.05599975585938
2021-09-30,164.2519989013672
2021-10-01,164.16299438476562
2021-10-04,159.48899841308594
2021-10-05,161.0500030517578
2021-10-06,163.10049438476562
2021-10-07,165.1215057373047
2021-10-08,164.43099975585938
2021-10-11,162.31500244140625
2021-10-12,162.3665008544922
2021-10-13,164.21400451660156
2021-10-14,164.9929962158203
2021-10-15,170.4510040283203
2021-10-18,172.33700561523438
2021-10-19,172.20750427246094
2021-10-20,170.7530059814453
2021-10-21,171.75050354003906
2021-10-22,166.77749633789062
2021-10-25,166.01849365234375
2021-10-26,168.80349731445312
2021-10-27,169.62449645996094
2021-10-28,172.32850646972656
2021-10-29,168.6215057373047
2021-11-01,165.90550231933594
2021-11-02,165.6374969482422
2021-11-03,169.1999969482422
2021-11-04,173.85000610351562
2021-11-05,175.94949340820312
2021-11-08,174.44900512695312
2021-11-09,178.81149291992188
2021-11-10,174.1024932861328
2021-11-11,173.625
2021-11-12,176.25750732421875
2021-11-15,177.28399658203125
2021-11-16,177.03500366210938
2021-11-17,177.4499969482422
2021-11-18,184.80299377441406
2021-11-19,183.82850646972656
2021-11-22,178.6284942626953
2021-11-23,179.0019989013672
2021-11-24,179.02049255371094
2021-11-26,175.22799682617188
2021-11-29,178.07850646972656
2021-11-30,175.35350036621094
2021-12-01,172.18600463867188
2021-12-02,171.8679962158203
2021-12-03,169.489501953125
2021-12-06,171.36849975585938
2021-12-07,176.1645050048828
2021-12-08,176.1580047607422
2021-12-09,174.17100524902344
2021-12-10,172.21200561523438
2021-12-13,169.5675048828125
2021-12-14,169.0915069580078
2021-12-15,173.31500244140625
2021-12-16,168.87100219726562
2021-12-17,170.0175018310547
2021-12-20,167.07899475097656
2021-12-21,170.41700744628906
2021-12-22,171.03700256347656
2021-12-23,171.06849670410156
2021-12-27,169.66949462890625
2021-12-28,170.66099548339844
2021-12-29,169.2010040283203
2021-12-30,168.64450073242188
2021-12-31,166.7169952392578
2022-01-03,170.4044952392578
2022-01-04,167.52200317382812
2022-01-05,164.35699462890625
2022-01-06,163.25399780273438
2022-01-07,162.5540008544922
2022-01-10,161.48599243164062
2022-01-11,165.36199951171875
2022-01-12,165.20700073242188
2022-01-13,161.21400451660156
2022-01-14,162.13800048828125
2022-01-18,158.91749572753906
2022-01-19,156.2989959716797
2022-01-20,151.66749572753906
2022-01-21,142.64300537109375
2022-01-24,144.54400634765625
2022-01-25,139.98599243164062
2022-01-26,138.87249755859375
2022-01-27,139.6374969482422
2022-01-28,143.97799682617188
2022-01-31,149.57350158691406
2022-02-01,151.19349670410156
2022-02-02,150.6125030517578
2022-02-03,138.8455047607422
2022-02-04,157.63949584960938
2022-02-07,157.9355010986328
2022-02-08,161.4134979248047
2022-02-09,161.1894989013672
2022-02-10,159.0034942626953
2022-02-11,153.2935028076172
2022-02-14,155.16700744628906
2022-02-15,156.510498046875
2022-02-16,158.10049438476562
2022-02-17,154.65249633789062
2022-02-18,152.60150146484375
2022-02-22,150.19749450683594
2022-02-23,144.82699584960938
2022-02-24,151.35800170898438
2022-02-25,153.7884979248047
2022-02-28,153.56300354003906
2022-03-01,151.14199829101562
2022-03-02,152.05250549316406
2022-03-03,147.89849853515625
2022-03-04,145.64100646972656
2022-03-07,137.4530029296875
2022-03-08,136.01449584960938
2022-03-09,139.2790069580078
2022-03-10,146.8175048828125
2022-03-11,145.52450561523438
2022-03-14,141.85299682617188
2022-03-15,147.3665008544922
2022-03-16,153.10400390625
2022-03-17,157.23899841308594
2022-03-18,161.25050354003906
2022-03-21,161.4915008544922
2022-03-22,164.88900756835938
2022-03-23,163.4080047607422
2022-03-24,163.64950561523438
2022-03-25,164.77349853515625
2022-03-28,168.99049377441406
2022-03-29,169.31500244140625
2022-03-30,166.30099487304688
2022-03-31,162.99749755859375
2022-04-01,163.55999755859375
2022-04-04,168.34649658203125
2022-04-05,164.05499267578125
2022-04-06,158.75599670410156
2022-04-07,157.7845001220703
2022-04-08,154.4604949951172
2022-04-11,151.1219940185547
2022-04-12,150.78750610351562
2022-04-13,155.54100036621094
2022-04-14,151.7064971923828
2022-04-18,152.78500366210938
2022-04-19,158.11549377441406
2022-04-20,153.9980010986328
2022-04-21,148.29600524902344
2022-04-22,144.35000610351562
2022-04-25,146.07400512695312
2022-04-26,139.39100646972656
2022-04-27,138.16700744628906
2022-04-28,144.59649658203125
2022-04-29,124.28150177001953
2022-05-02,124.5
2022-05-03,124.25350189208984
2022-05-04,125.92849731445312
2022-05-05,116.40699768066406
2022-05-06,114.77249908447266
2022-05-09,108.78900146484375
2022-05-10,108.85900115966797
2022-05-11,105.37200164794922
2022-05-12,106.93049621582031
2022-05-13,113.05500030517578
2022-05-16,110.81050109863281
2022-05-17,115.36849975585938
2022-05-18,107.11250305175781
2022-05-19,107.31900024414062
2022-05-20,107.59100341796875
2022-05-23,107.55699920654297
2022-05-24,104.0999984741211
2022-05-25,106.7750015258789
2022-05-26,111.07749938964844
2022-05-27,115.14649963378906
2022-05-31,120.20950317382812
2022-06-01,121.68399810791016
2022-06-02,125.51100158691406
2022-06-03,122.3499984741211
2022-06-06,124.79000091552734
2022-06-07,123.0
2022-06-08,121.18000030517578
2022-06-09,116.1500015258789
2022-06-10,109.6500015258789
2022-06-13,103.66999816894531
2022-06-14,102.30999755859375
2022-06-15,107.66999816894531
2022-06-16,103.66000366210938
2022-06-17,106.22000122070312
2022-06-21,108.68000030517578
2022-06-22,108.94999694824219
2022-06-23,112.44000244140625
2022-06-24,116.45999908447266
2022-06-27,113.22000122070312
2022-06-28,107.4000015258789
2022-06-29,108.91999816894531
2022-06-30,106.20999908447266
2022-07-01,109.55999755859375
2022-07-05,113.5
2022-07-06,114.33000183105469
2022-07-07,116.33000183105469
2022-07-08,115.54000091552734
2022-07-11,111.75
2022-07-12,109.22000122070312
2022-07-13,110.4000015258789
2022-07-14,110.62999725341797
2022-07-15,113.55000305175781
2022-07-18,113.76000213623047
2022-07-19,118.20999908447266
2022-07-20,122.7699966430664
2022-07-21,124.62999725341797
2022-07-22,122.41999816894531
2022-07-25,121.13999938964844
2022-07-26,114.80999755859375
2022-07-27,120.97000122070312
2022-07-28,122.27999877929688
2022-07-29,134.9499969482422
2022-08-01,135.38999938964844
2022-08-02,134.16000366210938
2022-08-03,139.52000427246094
2022-08-04,142.57000732421875
2022-08-05,140.8000030517578
2022-08-08,139.41000366210938
2022-08-09,137.8300018310547
2022-08-10,142.69000244140625
2022-08-11,140.63999938964844
2022-08-12,143.5500030517578
2022-08-15,143.17999267578125
2022-08-16,144.77999877929688
2022-08-17,142.10000610351562
2022-08-18,142.3000030517578
2022-08-19,138.22999572753906
2022-08-22,133.22000122070312
2022-08-23,133.6199951171875
2022-08-24,133.8000030517578
2022-08-25,137.27999877929688
2022-08-26,130.75
2022-08-29,129.7899932861328
2022-08-30,128.72999572753906
2022-08-31,126.7699966430664
2022-09-01,127.81999969482422
2022-09-02,127.51000213623047
2022-09-06,126.11000061035156
2022-09-07,129.47999572753906
2022-09-08,129.82000732421875
2022-09-09,133.27000427246094
2022-09-12,136.4499969482422
2022-09-13,126.81999969482422
2022-09-14,128.5500030517578
2022-09-15,126.27999877929688
2022-09-16,123.52999877929688
2022-09-19,124.66000366210938
2022-09-20,122.19000244140625
2022-09-21,118.54000091552734
2022-09-22,117.30999755859375
2022-09-23,113.77999877929688
2022-09-26,115.1500015258789
2022-09-27,114.41000366210938
2022-09-28,118.01000213623047
2022-09-29,114.80000305175781
2022-09-30,113.0
2022-10-03,115.87999725341797
2022-10-04,121.08999633789062
2022-10-05,120.94999694824219
2022-10-06,120.30000305175781
2022-10-07,114.55999755859375
2022-10-10,113.66999816894531
2022-10-11,112.20999908447266
2022-10-12,112.9000015258789
2022-10-13,112.52999877929688
2022-10-14,106.9000015258789
2022-10-17,113.79000091552734
2022-10-18,116.36000061035156
2022-10-19,115.06999969482422
2022-10-20,115.25
2022-10-21,119.31999969482422
2022-10-24,119.81999969482422
2022-10-25,120.5999984741211
2022-10-26,115.66000366210938
2022-10-27,110.95999908447266
2022-10-28,103.41000366210938
2022-10-31,102.44000244140625
2022-11-01,96.79000091552734
2022-11-02,92.12000274658203
2022-11-03,89.30000305175781
2022-11-04,90.9800033569336
2022-11-07,90.52999877929688
2022-11-08,89.9800033569336
2022-11-09,86.13999938964844
2022-11-10,96.62999725341797
2022-11-11,100.79000091552734
2022-11-14,98.48999786376953
2022-11-15,98.94000244140625
2022-11-16,97.12000274658203
2022-11-17,94.8499984741211
2022-11-18,94.13999938964844
2022-11-21,92.45999908447266
2022-11-22,93.19999694824219
2022-11-23,94.12999725341797
2022-11-25,93.41000366210938
2022-11-28,93.94999694824219
2022-11-29,92.41999816894531
2022-11-30,96.54000091552734
2022-12-01,95.5
2022-12-02,94.12999725341797
2022-12-05,91.01000213623047
2022-12-06,88.25
2022-12-07,88.45999908447266
2022-12-08,90.3499984741211
2022-12-09,89.08999633789062
2022-12-12,90.55000305175781
2022-12-13,92.48999786376953
2022-12-14,91.58000183105469
2022-12-15,88.44999694824219
2022-12-16,87.86000061035156
2022-12-19,84.91999816894531
2022-12-20,85.19000244140625
2022-12-21,86.7699966430664
2022-12-22,83.79000091552734
2022-12-23,85.25
2022-12-27,83.04000091552734
2022-12-28,81.81999969482422
2022-12-29,84.18000030517578
2022-12-30,84.0
2023-01-03,85.81999969482422
2023-01-04,85.13999938964844
2023-01-05,83.12000274658203
2023-01-06,86.08000183105469
2023-01-09,87.36000061035156
2023-01-10,89.87000274658203
2023-01-11,95.08999633789062
2023-01-12,95.2699966430664
2023-01-13,98.12000274658203
2023-01-17,96.05000305175781
2023-01-18,95.45999908447266
2023-01-19,93.68000030517578
2023-01-20,97.25
2023-01-23,97.5199966430664
2023-01-24,96.31999969482422
2023-01-25,97.18000030517578
2023-01-26,99.22000122070312
2023-01-27,102.23999786376953
2023-01-30,100.55000305175781
2023-01-31,103.12999725341797
2023-02-01,105.1500015258789
2023-02-02,112.91000366210938
2023-02-03,103.38999938964844
2023-02-06,102.18000030517578
2023-02-07,102.11000061035156
2023-02-08,100.05000305175781
2023-02-09,98.23999786376953
2023-02-10,97.61000061035156
2023-02-13,99.54000091552734
2023-02-14,99.69999694824219
2023-02-15,101.16000366210938
2023-02-16,98.1500015258789
2023-02-17,97.19999694824219
2023-02-21,94.58000183105469
2023-02-22,95.79000091552734
2023-02-23,95.81999969482422
2023-02-24,93.5
2023-02-27,93.76000213623047
2023-02-28,94.2300033569336
2023-03-01,92.16999816894531
2023-03-02,92.12999725341797
2023-03-03,94.9000015258789
2023-03-06,93.75
2023-03-07,93.55000305175781
2023-03-08,93.91999816894531
2023-03-09,92.25
2023-03-10,90.7300033569336
2023-03-13,92.43000030517578
2023-03-14,94.87999725341797
2023-03-15,96.19999694824219
2023-03-16,100.04000091552734
2023-03-17,98.94999694824219
2023-03-20,97.70999908447266
2023-03-21,100.61000061035156
2023-03-22,98.69999694824219
2023-03-23,98.70999908447266
2023-03-24,98.12999725341797
2023-03-27,98.04000091552734
2023-03-28,97.23999786376953
2023-03-29,100.25
2023-03-30,102.0
2023-03-31,103.29000091552734
2023-04-03,102.41000366210938
2023-04-04,103.94999694824219
2023-04-05,101.0999984741211
2023-04-06,102.05999755859375
2023-04-10,102.16999816894531
2023-04-11,99.91999816894531
2023-04-12,97.83000183105469
2023-04-13,102.4000015258789
2023-04-14,102.51000213623047
2023-04-17,102.73999786376953
2023-04-18,102.30000305175781
2023-04-19,104.30000305175781
2023-04-20,103.80999755859375
2023-04-21,106.95999908447266
2023-04-24,106.20999908447266
2023-04-25,102.56999969482422
2023-04-26,104.9800033569336
2023-04-27,109.81999969482422
2023-04-28,105.44999694824219
2023-05-01,102.05000305175781
2023-05-02,103.62999725341797
2023-05-03,103.6500015258789
2023-05-04,104.0
2023-05-05,105.66000366210938
2023-05-08,105.83000183105469
2023-05-09,106.62000274658203
2023-05-10,110.19000244140625
2023-05-11,112.18000030517578
2023-05-12,110.26000213623047
2023-05-15,111.19999694824219
2023-05-16,113.4000015258789
2023-05-17,115.5
2023-05-18,118.1500015258789
2023-05-19,116.25
2023-05-22,115.01000213623047
2023-05-23,114.98999786376953
2023-05-24,116.75
2023-05-25,115.0
2023-05-26,120.11000061035156
2023-05-30,121.66000366210938
2023-05-31,120.58000183105469
2023-06-01,122.7699966430664
2023-06-02,124.25
2023-06-05,125.30000305175781
2023-06-06,126.61000061035156
2023-06-07,121.2300033569336
2023-06-08,124.25
2023-06-09,123.43000030517578
2023-06-12,126.56999969482422
2023-06-13,126.66000366210938
2023-06-14,126.41999816894531
2023-06-15,127.11000061035156
2023-06-16,125.48999786376953
2023-06-20,125.77999877929688
2023-06-21,124.83000183105469
2023-06-22,130.14999389648438
2023-06-23,129.3300018310547
2023-06-26,127.33000183105469
2023-06-27,129.17999267578125
2023-06-28,129.0399932861328
2023-06-29,127.9000015258789
2023-06-30,130.36000061035156
2023-07-03,130.22000122070312
2023-07-05,130.3800048828125
2023-07-06,128.36000061035156
2023-07-07,129.77999877929688
2023-07-10,127.12999725341797
2023-07-11,128.77999877929688
2023-07-12,130.8000030517578
2023-07-13,134.3000030517578
2023-07-14,134.67999267578125
2023-07-17,133.55999755859375
2023-07-18,132.8300018310547
2023-07-19,135.36000061035156
2023-07-20,129.9600067138672
2023-07-21,130.0
2023-07-24,128.8000030517578
2023-07-25,129.1300048828125
2023-07-26,128.14999389648438
2023-07-27,128.25
2023-07-28,132.2100067138672
2023-07-31,133.67999267578125
2023-08-01,131.69000244140625
2023-08-02,128.2100067138672
2023-08-03,128.91000366210938
2023-08-04,139.57000732421875
2023-08-07,142.22000122070312
2023-08-08,139.94000244140625
2023-08-09,137.85000610351562
2023-08-10,138.55999755859375
2023-08-11,138.41000366210938
2023-08-14,140.57000732421875
2023-08-15,137.6699981689453
2023-08-16,135.07000732421875
2023-08-17,133.97999572753906
2023-08-18,133.22000122070312
2023-08-21,134.67999267578125
2023-08-22,134.25
2023-08-23,135.52000427246094
2023-08-24,131.83999633789062
2023-08-25,133.25999450683594
2023-08-28,133.13999938964844
2023-08-29,134.91000366210938
2023-08-30,135.07000732421875
2023-08-31,138.00999450683594
2023-09-01,138.1199951171875
2023-09-05,137.27000427246094
2023-09-06,135.36000061035156
2023-09-07,137.85000610351562
2023-09-08,138.22999572753906
2023-09-11,143.10000610351562
2023-09-12,141.22999572753906
2023-09-13,144.85000610351562
2023-09-14,144.72000122070312
2023-09-15,140.38999938964844
2023-09-18,139.97999572753906
2023-09-19,137.6300048828125
2023-09-20,135.2899932861328
2023-09-21,129.3300018310547
2023-09-22,129.1199951171875
2023-09-25,131.27000427246094
2023-09-26,125.9800033569336
2023-09-27,125.9800033569336
2023-09-28,125.9800033569336
2023-09-29,127.12000274658203
2023-10-02,129.4600067138672
2023-10-03,124.72000122070312
2023-10-04,127.0
2023-10-05,125.95999908447266
2023-10-06,127.95999908447266
2023-10-09,128.25999450683594
2023-10-10,129.47999572753906
2023-10-11,131.8300018310547
2023-10-12,132.3300018310547
2023-10-13,129.7899932861328
2023-10-16,132.5500030517578
2023-10-17,131.47000122070312
2023-10-18,128.1300048828125
2023-10-19,128.39999389648438
2023-10-20,125.16999816894531
2023-10-23,126.55999755859375
2023-10-24,128.55999755859375
2023-10-25,121.38999938964844
2023-10-26,119.56999969482422
2023-10-27,127.73999786376953
2023-10-30,132.7100067138672
2023-10-31,133.08999633789062
2023-11-01,137.0
2023-11-02,138.07000732421875
2023-11-03,138.60000610351562
2023-11-06,139.74000549316406
2023-11-07,142.7100067138672
2023-11-08,142.0800018310547
2023-11-09,140.60000610351562
2023-11-10,143.55999755859375
2023-11-13,142.58999633789062
2023-11-14,145.8000030517578
2023-11-15,143.1999969482422
2023-11-16,142.8300018310547
2023-11-17,145.17999267578125
2023-11-20,146.1300048828125
2023-11-21,143.89999389648438
2023-11-22,146.7100067138672
2023-11-24,146.74000549316406
2023-11-27,147.72999572753906
2023-11-28,147.02999877929688
2023-11-29,146.32000732421875
2023-11-30,146.08999633789062
2023-12-01,147.02999877929688
2023-12-04,144.83999633789062
2023-12-05,146.8800048828125
2023-12-06,144.52000427246094
2023-12-07,146.8800048828125
2023-12-08,147.4199981689453
2023-12-11,145.88999938964844
2023-12-12,147.47999572753906
2023-12-13,148.83999633789062
2023-12-14,147.4199981689453
2023-12-15,149.97000122070312
2023-12-18,154.07000732421875
2023-12-19,153.7899932861328
2023-12-20,152.1199951171875
2023-12-21,153.83999633789062
2023-12-22,153.4199981689453
2023-12-26,153.41000366210938
2023-12-27,153.33999633789062
2023-12-28,153.3800048828125
2023-12-29,151.94000244140625
2024-01-02,149.92999267578125
2024-01-03,148.47000122070312
2024-01-04,144.57000732421875
2024-01-05,145.24000549316406
2024-01-08,149.10000610351562
2024-01-09,151.3699951171875
2024-01-10,153.72999572753906
2024-01-11,155.17999267578125
2024-01-12,154.6199951171875
2024-01-16,153.16000366210938
2024-01-17,151.7100067138672
2024-01-18,153.5
2024-01-19,155.33999633789062
2024-01-22,154.77999877929688
2024-01-23,156.02000427246094
2024-01-24,156.8699951171875
2024-01-25,157.75
2024-01-26,159.1199951171875
2024-01-29,161.25999450683594
2024-01-30,159.0
2024-01-31,155.1999969482422
2024-02-01,159.27999877929688
2024-02-02,171.80999755859375
2024-02-05,170.30999755859375
2024-02-06,169.14999389648438
2024-02-07,170.52999877929688
2024-02-08,169.83999633789062
2024-02-09,174.4499969482422
2024-02-12,172.33999633789062
2024-02-13,168.63999938964844
2024-02-14,170.97999572753906
2024-02-15,169.8000030517578
2024-02-16,169.50999450683594
2024-02-20,167.0800018310547
2024-02-21,168.58999633789062
2024-02-22,174.5800018310547
2024-02-23,174.99000549316406
2024-02-26,174.72999572753906
2024-02-27,173.5399932861328
2024-02-28,173.16000366210938
2024-02-29,176.75999450683594
2024-03-01,178.22000122070312
2024-03-04,177.5800018310547
2024-03-05,174.1199951171875
2024-03-06,173.50999450683594
2024-03-07,176.82000732421875
2024-03-08,175.35000610351562
2024-03-11,171.9600067138672
2024-03-12,175.38999938964844
2024-03-13,176.55999755859375
2024-03-14,178.75
2024-03-15,174.4199981689453
2024-03-18,174.47999572753906
2024-03-19,175.89999389648438
2024-03-20,178.14999389648438
2024-03-21,178.14999389648438
2024-03-22,178.8699951171875
2024-03-25,179.7100067138672
2024-03-26,178.3000030517578
2024-03-27,179.8300018310547
2024-03-28,180.3800048828125
2024-04-01,180.97000122070312
2024-04-02,180.69000244140625
2024-04-03,182.41000366210938
2024-04-04,180.0
2024-04-05,185.07000732421875
2024-04-08,185.19000244140625
2024-04-09,185.6699981689453
2024-04-10,185.9499969482422
2024-04-11,189.0500030517578
2024-04-12,186.1300048828125
2024-04-15,183.6199951171875
2024-04-16,183.32000732421875
2024-04-17,181.27999877929688
2024-04-18,179.22000122070312
2024-04-19,174.6300048828125
2024-04-22,177.22999572753906
2024-04-23,179.5399932861328
2024-04-24,176.58999633789062
2024-04-25,173.6699981689453
2024-04-26,179.6199951171875
2024-04-29,180.9600067138672
2024-04-30,175.0
2024-05-01,179.0
2024-05-02,184.72000122070312
2024-05-03,186.2100067138672
2024-05-06,188.6999969482422
2024-05-07,188.75999450683594
2024-05-08,188.0
2024-05-09,189.5
2024-05-10,187.47999572753906
2024-05-13,186.57000732421875
2024-05-14,187.07000732421875
2024-05-15,185.99000549316406
2024-05-16,183.6300048828125
2024-05-17,184.6999969482422
2024-05-20,183.5399932861328
2024-05-21,183.14999389648438
2024-05-22,183.1300048828125
2024-05-23,181.0500030517578
2024-05-24,180.75
2024-05-28,182.14999389648438
2024-05-29,182.02000427246094
2024-05-30,179.32000732421875
2024-05-31,176.44000244140625
2024-06-03,178.33999633789062
2024-06-04,179.33999633789062
2024-06-05,181.27999877929688
2024-06-06,185.0
2024-06-07,184.3000030517578
2024-06-10,187.05999755859375
2024-06-11,187.22999572753906
2024-06-12,186.88999938964844
2024-06-13,183.8300018310547
2024-06-14,183.66000366210938
2024-06-17,184.05999755859375
2024-06-18,182.80999755859375
2024-06-20,186.10000610351562
2024-06-21,189.0800018310547
2024-06-24,185.57000732421875
2024-06-25,186.33999633789062
2024-06-26,193.61000061035156
2024-06-27,197.85000610351562
2024-06-28,193.25
2024-07-01,197.1999969482422
2024-07-02,200.0
2024-07-03,197.58999633789062
2024-07-05,200.0
2024-07-08,199.2899932861328
2024-07-09,199.33999633789062
2024-07-10,199.7899932861328
2024-07-11,195.0500030517578
2024-07-12,194.49000549316406
2024-07-15,192.72000122070312
2024-07-16,193.02000427246094
2024-07-17,187.92999267578125
2024-07-18,183.75
2024-07-19,183.1300048828125
2024-07-22,182.5500030517578
2024-07-23,186.41000366210938
2024-07-24,180.8300018310547
2024-07-25,179.85000610351562
2024-07-26,182.5
2024-07-29,183.1999969482422
2024-07-30,181.7100067138672
2024-07-31,186.97999572753906
2024-08-01,184.07000732421875
2024-08-02,167.89999389648438
2024-08-05,161.02000427246094
2024-08-06,161.92999267578125
2024-08-07,162.77000427246094
2024-08-08,165.8000030517578
2024-08-09,166.94000244140625
2024-08-12,166.8000030517578
2024-08-13,170.22999572753906
2024-08-14,170.10000610351562
2024-08-15,177.58999633789062
2024-08-16,177.05999755859375
2024-08-19,178.22000122070312
2024-08-20,178.8800048828125
2024-08-21,180.11000061035156
2024-08-22,176.1300048828125
2024-08-23,177.0399932861328
2024-08-26,175.5
2024-08-27,173.1199951171875
2024-08-28,170.8000030517578
2024-08-29,172.1199951171875
2024-08-30,178.5
2024-09-03,176.25
2024-09-04,173.3300018310547
2024-09-05,177.88999938964844
2024-09-06,171.38999938964844
2024-09-09,175.39999389648438
2024-09-10,179.5500030517578
2024-09-11,184.52000427246094
2024-09-12,187.0
2024-09-13,186.49000549316406
2024-09-16,184.88999938964844
2024-09-17,186.8800048828125
2024-09-18,186.42999267578125
2024-09-19,189.8699951171875
2024-09-20,191.60000610351562
2024-09-23,193.8800048828125
2024-09-24,193.9600067138672
2024-09-25,192.52999877929688
2024-09-26,191.16000366210938
2024-09-27,187.97000122070312
2024-09-30,186.3300018310547
2024-10-01,185.1300048828125
2024-10-02,184.75999450683594
2024-10-03,181.9600067138672
2024-10-04,186.50999450683594
2024-10-07,180.8000030517578
2024-10-08,182.72000122070312
2024-10-09,185.1699981689453
2024-10-10,186.64999389648438
2024-10-11,188.82000732421875
2024-10-14,187.5399932861328
2024-10-15,187.69000244140625
2024-10-16,186.88999938964844
2024-10-17,187.52999877929688
2024-10-18,188.99000549316406
2024-10-21,189.07000732421875
2024-10-22,189.6999969482422
2024-10-23,184.7100067138672
2024-10-24,186.3800048828125
2024-10-25,187.8300018310547
2024-10-28,188.38999938964844
2024-10-29,190.8300018310547
2024-10-30,192.72999572753906
2024-10-31,186.39999389648438
2024-11-01,197.92999267578125
2024-11-04,195.77999877929688
2024-11-05,199.5
2024-11-06,207.08999633789062
2024-11-07,210.0500030517578
2024-11-08,208.17999267578125
2024-11-11,206.83999633789062
2024-11-12,208.91000366210938
2024-11-13,214.10000610351562
2024-11-14,211.47999572753906
2024-11-15,202.61000061035156
2024-11-18,201.6999969482422
2024-11-19,204.61000061035156
2024-11-20,202.8800048828125
2024-11-21,198.3800048828125
2024-11-22,197.1199951171875
2024-11-25,201.4499969482422
2024-11-26,207.86000061035156
2024-11-27,205.74000549316406
2024-11-29,207.88999938964844
2024-12-02,210.7100067138672
2024-12-03,213.44000244140625
2024-12-04,218.16000366210938
2024-12-05,220.5500030517578
2024-12-06,227.02999877929688
2024-12-09,226.08999633789062
2024-12-10,225.0399932861328
2024-12-11,230.25999450683594
2024-12-12,228.97000122070312
2024-12-13,227.4600067138672
2024-12-16,232.92999267578125
2024-12-17,231.14999389648438
2024-12-18,220.52000427246094
2024-12-19,223.2899932861328
2024-12-20,224.9199981689453
2024-12-23,225.05999755859375
2024-12-24,229.0500030517578
2024-12-26,227.0500030517578
2024-12-27,223.75
2024-12-30,221.3000030517578
2024-12-31,219.38999938964844
2025-01-02,220.22000122070312
2025-01-03,224.19000244140625
2025-01-06,227.61000061035156
2025-01-07,222.11000061035156
2025-01-08,222.1300048828125
2025-01-10,218.94000244140625
2025-01-13,218.4600067138672
2025-01-14,217.75999450683594
2025-01-15,223.35000610351562
2025-01-16,220.66000366210938
2025-01-17,225.94000244140625
2025-01-21,230.7100067138672
2025-01-22,235.00999450683594
2025-01-23,235.4199981689453
2025-01-24,234.85000610351562
2025-01-27,235.4199981689453
2025-01-28,238.14999389648438
2025-01-29,237.07000732421875
2025-01-30,234.63999938964844
2025-01-31,237.67999267578125
2025-02-03,237.4199981689453
2025-02-04,242.05999755859375
2025-02-05,236.1699981689453
2025-02-06,238.8300018310547
2025-02-07,229.14999389648438
2025-02-10,233.13999938964844
2025-02-11,232.75999450683594
2025-02-12,228.92999267578125
2025-02-13,230.3699951171875
2025-02-14,228.67999267578125
2025-02-18,226.64999389648438
2025-02-19,226.6300048828125
2025-02-20,222.8800048828125
2025-02-21,216.5800018310547
2025-02-24,212.7100067138672
2025-02-25,212.8000030517578
2025-02-26,214.35000610351562
2025-02-27,208.74000549316406
2025-02-28,212.27999877929688
2025-03-03,205.02000427246094
2025-03-04,203.8000030517578
2025-03-05,208.36000061035156
2025-03-06,200.6999969482422
2025-03-07,199.25
2025-03-10,194.5399932861328
2025-03-11,196.58999633789062
2025-03-12,198.88999938964844
2025-03-13,193.88999938964844
2025-03-14,197.9499969482422
2025-03-17,195.74000549316406
2025-03-18,192.82000732421875
2025-03-19,195.5399932861328
2025-03-20,194.9499969482422
2025-03-21,196.2100067138672
2025-03-24,203.25999450683594
2025-03-25,205.7100067138672
2025-03-26,201.1300048828125
2025-03-27,201.36000061035156
2025-03-28,192.72000122070312
2025-03-31,190.25999450683594
2025-04-01,192.1699981689453
2025-04-02,196.00999450683594
2025-04-03,178.41000366210938
2025-04-04,171.0
2025-04-07,175.25999450683594
2025-04-08,170.66000366210938
2025-04-09,191.10000610351562
2025-04-10,181.22000122070312
2025-04-11,184.8699951171875
2025-04-14,182.1199951171875
2025-04-15,179.58999633789062
2025-04-16,174.3300018310547
2025-04-17,172.61000061035156
2025-04-21,167.32000732421875
2025-04-22,173.17999267578125
2025-04-23,180.60000610351562
2025-04-24,186.5399932861328
2025-04-25,188.99000549316406
2025-04-28,187.6999969482422
2025-04-29,187.38999938964844
2025-04-30,184.4199981689453
2025-05-01,190.1999969482422
2025-05-02,189.97999572753906
2025-05-05,186.35000610351562
2025-05-06,185.00999450683594
2025-05-07,188.7100067138672
2025-05-08,192.0800018310547
2025-05-09,193.05999755859375
2025-05-12,208.63999938964844
2025-05-13,211.3699951171875
2025-05-14,210.25
2025-05-15,205.1699981689453
2025-05-16,205.58999633789062
2025-05-19,206.16000366210938
2025-05-20,204.07000732421875
2025-05-21,201.1199951171875
2025-05-22,203.10000610351562
2025-05-23,200.99000549316406
2025-05-27,206.02000427246094
2025-05-28,204.72000122070312
2025-05-29,205.6999969482422
2025-05-30,205.00999450683594
2025-06-02,206.64999389648438
2025-06-03,205.7100067138672
2025-06-04,207.22999572753906
2025-06-05,207.91000366210938
2025-06-06,213.57000732421875
2025-06-09,216.97999572753906
2025-06-10,217.61000061035156
2025-06-11,213.1999969482422
2025-06-12,213.24000549316406
2025-06-13,212.10000610351562
2025-06-16,216.10000610351562
2025-06-17,214.82000732421875
2025-06-18,212.52000427246094
2025-06-20,209.69000244140625
2025-06-23,208.47000122070312
2025-06-24,212.77000427246094
2025-06-25,211.99000549316406
2025-06-26,217.1199951171875
2025-06-27,223.3000030517578
2025-06-30,219.38999938964844
2025-07-01,220.4600067138672
2025-07-02,219.9199981689453
2025-07-03,223.41000366210938
2025-07-07,223.47000122070312
2025-07-08,219.36000061035156
2025-07-09,222.5399932861328
2025-07-10,222.25999450683594
2025-07-11,225.02000427246094
2025-07-14,225.69000244140625
2025-07-15,226.35000610351562
2025-07-16,223.19000244140625
2025-07-17,223.8800048828125
2025-07-18,226.1300048828125
2025-07-21,229.3000030517578
2025-07-22,227.47000122070312
2025-07-23,228.2899932861328
2025-07-24,232.22999572753906
2025-07-25,231.44000244140625
2025-07-28,232.7899932861328
2025-07-29,231.00999450683594
2025-07-30,230.19000244140625
2025-07-31,234.11000061035156
2025-08-01,214.75
2025-08-04,211.64999389648438
2025-08-05,213.75
2025-08-06,222.30999755859375
2025-08-07,223.1300048828125
2025-08-08,222.69000244140625
2025-08-11,221.3000030517578
2025-08-12,221.47000122070312
2025-08-13,224.55999755859375
2025-08-14,230.97999572753906
2025-08-15,231.02999877929688
2025-08-18,231.49000549316406
2025-08-19,228.00999450683594
2025-08-20,223.80999755859375
2025-08-21,221.9499969482422
2025-08-22,228.83999633789062
2025-08-25,227.94000244140625
2025-08-26,228.7100067138672
2025-08-27,229.1199951171875
2025-08-28,231.60000610351562
2025-08-29,229.0
2025-09-02,225.33999633789062
2025-09-03,225.99000549316406
2025-09-04,235.67999267578125
2025-09-05,232.3300018310547
2025-09-08,235.83999633789062
2025-09-09,238.24000549316406
2025-09-10,230.3300018310547
2025-09-11,229.9499969482422
2025-09-12,228.14999389648438
2025-09-15,231.42999267578125
2025-09-16,234.0500030517578
2025-09-17,231.6199951171875
2025-09-18,231.22999572753906
2025-09-19,231.47999572753906
2025-09-22,227.6300048828125
2025-09-23,220.7100067138672
2025-09-24,220.2100067138672
2025-09-25,218.14999389648438
2025-09-26,219.77999877929688
2025-09-29,222.1699981689453
2025-09-30,219.57000732421875
2025-10-01,220.6300048828125
2025-10-02,222.41000366210938
2025-10-03,219.50999450683594
2025-10-06,220.89999389648438
2025-10-07,221.77999877929688
2025-10-08,225.22000122070312
2025-10-09,227.74000549316406
2025-10-10,216.3699951171875
2025-10-13,220.07000732421875
2025-10-14,216.38999938964844
2025-10-15,215.57000732421875
2025-10-16,214.47000122070312
2025-10-17,213.0399932861328
2025-10-20,216.47999572753906
2025-10-21,222.02999877929688
2025-10-22,217.9499969482422
2025-10-23,221.08999633789062
2025-10-24,224.2100067138672
2025-10-27,226.97000122070312
2025-10-28,229.25
2025-10-29,230.3000030517578
2025-10-30,222.86000061035156
2025-10-31,244.22000122070312
2025-11-03,254.0
2025-11-04,249.32000732421875
2025-11-05,250.1999969482422
2025-11-06,243.0399932861328
2025-11-07,244.41000366210938
2025-11-10,248.39999389648438
2025-11-11,249.10000610351562
2025-11-12,244.1999969482422
2025-11-13,237.5800018310547
2025-11-14,234.69000244140625
2025-11-17,232.8699951171875
2025-11-18,222.5500030517578
2025-11-19,222.69000244140625
2025-11-20,217.13999938964844
2025-11-21,220.69000244140625
2025-11-24,226.27999877929688
2025-11-25,229.6699981689453
2025-11-26,229.16000366210938
2025-11-28,233.22000122070312
2025-12-01,233.8800048828125
2025-12-02,234.4199981689453
2025-12-03,232.3800048828125
2025-12-04,229.11000061035156
2025-12-05,229.52999877929688
2025-12-08,226.88999938964844
2025-12-09,227.9199981689453
2025-12-10,231.77999877929688
2025-12-11,230.27999877929688
2025-12-12,226.19000244140625
2025-12-15,222.5399932861328
2025-12-16,222.55999755859375
2025-12-17,221.27000427246094
2025-12-18,226.75999450683594
2025-12-19,227.35000610351562
2025-12-22,228.42999267578125
2025-12-23,232.13999938964844
2025-12-24,232.3800048828125
2025-12-26,232.52000427246094
2025-12-29,232.07000732421875
2025-12-30,232.52999877929688
2025-12-31,230.82000732421875
2026-01-02,226.5
2026-01-05,233.05999755859375
2026-01-06,240.92999267578125
2026-01-07,241.55999755859375
2026-01-08,246.2899932861328
2026-01-09,247.3800048828125
2026-01-12,246.47000122070312
2026-01-13,242.60000610351562
2026-01-14,236.64999389648438
2026-01-15,238.17999267578125
2026-01-16,239.1199951171875
2026-01-20,231.0
2026-01-21,231.30999755859375
2026-01-22,234.33999633789062
2026-01-23,239.16000366210938
2026-01-26,238.4199981689453
2026-01-27,244.67999267578125
2026-01-28,243.00999450683594
2026-01-29,241.72999572753906
2026-01-30,239.3000030517578
2026-02-02,242.9600067138672
2026-02-03,238.6199951171875
2026-02-04,232.99000549316406
2026-02-05,222.69000244140625
2026-02-06,210.32000732421875
2026-02-09,208.72000122070312
2026-02-10,206.9600067138672
2026-02-11,204.0800018310547
2026-02-12,199.60000610351562
2026-02-13,198.7899932861328
2026-02-17,201.14999389648438
2026-02-18,204.7899932861328
2026-02-19,204.86000061035156
2026-02-20,210.11000061035156
2026-02-23,205.27000427246094
2026-02-24,208.55999755859375
2026-02-25,210.63999938964844
2026-02-26,207.9199981689453
2026-02-27,210.0
2026-03-02,208.38999938964844
2026-03-03,208.72999572753906
2026-03-04,216.82000732421875
2026-03-05,218.94000244140625
2026-03-06,213.2100067138672
2026-03-09,213.49000549316406
2026-03-10,214.3300018310547
2026-03-11,212.64999389648438
2026-03-12,209.52999877929688
2026-03-13,207.6699981689453
2026-03-16,211.74000549316406
2026-03-17,215.1999969482422
2026-03-18,209.8699951171875
2026-03-19,208.75999450683594
2026-03-20,205.3699951171875
2026-03-23,210.13999938964844
2026-03-24,207.24000549316406
2026-03-25,211.7100067138672
2026-03-26,207.5399932861328
2026-03-27,199.33999633789062
2026-03-30,200.9499969482422
2026-03-31,208.27000427246094
2026-04-01,210.57000732421875
2026-04-02,209.77000427246094
2026-04-06,212.7899932861328
2026-04-07,213.77000427246094
2026-04-08,221.25
2026-04-09,233.64999389648438
2026-04-10,238.3800048828125
2026-04-13,239.88999938964844
2026-04-14,249.02000427246094
2026-04-15,248.5
2026-04-16,249.6999969482422
2026-04-17,250.55999755859375
2026-04-20,248.27999877929688
2026-04-21,249.91000366210938
2026-04-22,255.36000061035156
2026-04-23,255.0800018310547
2026-04-24,263.989990234375
2026-04-27,261.1199951171875
2026-04-28,259.70001220703125
2026-04-29,263.0400085449219
2026-04-30,265.05999755859375
2026-05-01,268.260009765625
2026-05-04,272.04998779296875
2026-05-05,273.54998779296875
2026-05-06,274.989990234375
2026-05-07,271.1700134277344
2026-05-08,272.67999267578125
2026-05-11,268.989990234375
2026-05-12,265.82000732421875
2026-05-13,270.1300048828125
2026-05-14,267.2200012207031
2026-05-15,264.1400146484375
2026-05-18,264.8599853515625
2026-05-19,259.3399963378906
2026-05-20,265.010009765625
2026-05-21,268.4599914550781
2026-05-22,266.32000732421875
2026-05-26,265.2900085449219
2026-05-27,271.8500061035156
2026-05-28,274.0
2026-05-29,270.6400146484375
2026-06-01,261.260009765625
2026-06-02,256.5199890136719
2026-06-03,250.02000427246094
2026-06-04,253.7899932861328
2026-06-05,246.02999877929688
2026-06-08,245.22000122070312
2026-06-09,244.19000244140625
2026-06-10,238.0
2026-06-11,241.50999450683594
2026-06-12,238.5500030517578
2026-06-15,246.02000427246094
2026-06-16,246.0
2026-06-17,237.5
2026-06-18,244.38999938964844
2026-06-22,232.7899932861328
2026-06-23,234.11000061035156
2026-06-24,234.27000427246094
2026-06-25,227.00999450683594
2026-06-26,232.69000244140625
2026-06-29,240.13999938964844
2026-06-30,238.33999633789062
2026-07-01,241.6999969482422
2026-07-02,242.6699981689453
2026-07-06,244.16000366210938
2026-07-07,245.97999572753906
2026-07-08,243.6199951171875
2026-07-09,247.0399932861328
2026-07-10,245.33999633789062
2026-07-13,247.30999755859375
2026-07-14,247.49000549316406
2026-07-15,254.9600067138672
2026-07-16,249.88999938964844
2026-07-17,247.22999572753906
2026-07-20,249.99000549316406
2026-07-21,247.5500030517578
2026-07-22,244.85000610351562
2026-07-23,233.66000366210938
2026-07-24,232.11000061035156
2026-07-27,231.38999938964844
2026-07-28,230.86000061035156
2026-07-29,226.64999389648438
2026-07-30,235.5
2026-07-31,271.5799865722656
2026-08-03,284.0199890136719
2026-08-04,277.4200134277344
2026-08-05,272.6499938964844
2026-08-06,272.260009765625
2026-08-07,274.4800109863281
2026-08-10,278.0899963378906
2026-08-11,272.2699890136719
2026-08-12,267.2799987792969
2026-08-13,265.1300048828125
2026-08-14,262.6499938964844
2026-08-17,261.30999755859375
2026-08-18,259.45001220703125
2026-08-19,265.8399963378906
2026-08-20,260.1099853515625
2026-08-21,258.6300048828125
