Date,Close
2010-01-04,15.546578407287598
2010-01-05,15.478116989135742
2010-01-06,15.087931632995605
2010-01-07,14.736693382263184
2010-01-08,14.933151245117188
2010-01-11,14.910577774047852
2010-01-12,14.646900177001953
2010-01-13,14.562810897827148
2010-01-14,14.63127326965332
2010-01-15,14.386942863464355
2010-01-19,14.575958251953125
2010-01-20,14.397110939025879
2010-01-21,14.460861206054688
2010-01-22,13.643037796020508
2010-01-25,13.39474105834961
2010-01-26,13.454767227172852
2010-01-27,13.446830749511719
2010-01-28,13.253101348876953
2010-01-29,13.145200729370117
2010-02-01,13.221598625183105
2010-02-02,13.174470901489258
2010-02-03,13.415080070495605
2010-02-04,13.066816329956055
2010-02-05,13.17868709564209
2010-02-08,13.23276138305664
2010-02-09,13.306432723999023
2010-02-10,13.257070541381836
2010-02-11,13.305440902709961
2010-02-12,13.224079132080078
2010-02-16,13.426985740661621
2010-02-17,13.350336074829102
2010-02-18,13.474611282348633
2010-02-19,13.413592338562012
2010-02-22,13.464194297790527
2010-02-23,13.27245044708252
2010-02-24,13.18315315246582
2010-02-25,13.058135032653809
2010-02-26,13.06731128692627
2010-03-01,13.213414192199707
2010-03-02,13.421032905578613
2010-03-03,13.526702880859375
2010-03-04,13.756645202636719
2010-03-05,13.995267868041992
2010-03-08,13.952357292175293
2010-03-09,13.895554542541504
2010-03-10,14.2988862991333
2010-03-11,14.4152193069458
2010-03-12,14.375533103942871
2010-03-15,13.969720840454102
2010-03-16,14.019826889038086
2010-03-17,14.02875804901123
2010-03-18,14.049592971801758
2010-03-19,13.89084243774414
2010-03-22,13.828828811645508
2010-03-23,13.617986679077148
2010-03-24,13.82461166381836
2010-03-25,13.962279319763184
2010-03-26,13.95756721496582
2010-03-29,13.951611518859863
2010-03-30,14.057283401489258
2010-03-31,14.067453384399414
2010-04-01,14.109126091003418
2010-04-05,14.163945198059082
2010-04-06,14.094738960266113
2010-04-07,13.978650093078613
2010-04-08,14.076631546020508
2010-04-09,14.045129776000977
2010-04-12,14.206609725952148
2010-04-13,14.554872512817383
2010-04-14,14.610187530517578
2010-04-15,14.766458511352539
2010-04-16,13.646512985229492
2010-04-19,13.645271301269531
2010-04-20,13.767807960510254
2010-04-21,13.749451637268066
2010-04-22,13.569863319396973
2010-04-23,13.518516540527344
2010-04-26,13.187371253967285
2010-04-27,13.123372077941895
2010-04-28,13.126596450805664
2010-04-29,13.196296691894531
2010-04-30,13.04002571105957
2010-05-03,13.161572456359863
2010-05-04,12.560544967651367
2010-05-05,12.644633293151855
2010-05-06,12.36954402923584
2010-05-07,12.232373237609863
2010-05-10,12.939565658569336
2010-05-11,12.627021789550781
2010-05-12,12.536233901977539
2010-05-13,12.672416687011719
2010-05-14,12.589317321777344
2010-05-17,12.60023307800293
2010-05-18,12.362102508544922
2010-05-19,12.264370918273926
2010-05-20,11.782657623291016
2010-05-21,11.709233283996582
2010-05-24,11.835988998413086
2010-05-25,11.833755493164062
2010-05-26,11.7940673828125
2010-05-27,12.165894508361816
2010-05-28,12.046086311340332
2010-06-01,11.965221405029297
2010-06-02,12.238079071044922
2010-06-03,12.541444778442383
2010-06-04,12.3707857131958
2010-06-07,12.04335880279541
2010-06-08,12.025003433227539
2010-06-09,11.758101463317871
2010-06-10,12.08031940460205
2010-06-11,12.117278099060059
2010-06-14,11.985562324523926
2010-06-15,12.352676391601562
2010-06-16,12.434038162231445
2010-06-17,12.404521942138672
2010-06-18,12.403279304504395
2010-06-21,12.118765830993652
2010-06-22,12.061467170715332
2010-06-23,11.957284927368164
2010-06-24,11.784889221191406
2010-06-25,11.724862098693848
2010-06-28,11.709978103637695
2010-06-29,11.267952919006348
2010-06-30,11.037016868591309
2010-07-01,10.901582717895508
2010-07-02,10.828655242919922
2010-07-06,10.81674861907959
2010-07-07,11.167243957519531
2010-07-08,11.325004577636719
2010-07-09,11.596122741699219
2010-07-12,11.802997589111328
2010-07-13,12.134641647338867
2010-07-14,12.187725067138672
2010-07-15,12.254201889038086
2010-07-16,11.400660514831543
2010-07-19,11.563630104064941
2010-07-20,11.94587516784668
2010-07-21,11.84442138671875
2010-07-22,12.025747299194336
2010-07-23,12.155974388122559
2010-07-26,12.128936767578125
2010-07-27,12.219722747802734
2010-07-28,12.014337539672852
2010-07-29,12.030211448669434
2010-07-30,12.026737213134766
2010-08-02,12.164655685424805
2010-08-03,12.1502685546875
2010-08-04,12.559304237365723
2010-08-05,12.6034574508667
2010-08-06,12.40799331665039
2010-08-09,12.535244941711426
2010-08-10,12.494564056396484
2010-08-11,12.197646141052246
2010-08-12,12.204343795776367
2010-08-13,12.063947677612305
2010-08-16,12.045096397399902
2010-08-17,12.167384147644043
2010-08-18,11.959766387939453
2010-08-19,11.608030319213867
2010-08-20,11.460440635681152
2010-08-23,11.511290550231934
2010-08-24,11.19676399230957
2010-08-25,11.27688217163086
2010-08-26,11.186591148376465
2010-08-27,11.381311416625977
2010-08-30,11.229009628295898
2010-08-31,11.162778854370117
2010-09-01,11.418519020080566
2010-09-02,11.489212036132812
2010-09-03,11.665824890136719
2010-09-07,11.519474983215332
2010-09-08,11.672769546508789
2010-09-09,11.811678886413574
2010-09-10,11.810686111450195
2010-09-13,11.962743759155273
2010-09-14,11.917099952697754
2010-09-15,11.922309875488281
2010-09-16,11.932727813720703
2010-09-17,12.158206939697266
2010-09-20,12.60792350769043
2010-09-21,12.736412048339844
2010-09-22,12.799418449401855
2010-09-23,12.736907958984375
2010-09-24,13.079465866088867
2010-09-27,13.156861305236816
2010-09-28,13.076489448547363
2010-09-29,13.089387893676758
2010-09-30,13.04226016998291
2010-10-01,13.038043022155762
2010-10-04,12.956930160522461
2010-10-05,13.350834846496582
2010-10-06,13.25458812713623
2010-10-07,13.14693832397461
2010-10-08,13.30419921875
2010-10-11,13.365964889526367
2010-10-12,13.429219245910645
2010-10-13,13.47659683227539
2010-10-14,13.417808532714844
2010-10-15,14.919011116027832
2010-10-18,15.322341918945312
2010-10-19,15.07726764678955
2010-10-20,15.080988883972168
2010-10-21,15.18045711517334
2010-10-22,15.193851470947266
2010-10-25,15.292328834533691
2010-10-26,15.344417572021484
2010-10-27,15.291584014892578
2010-10-28,15.343921661376953
2010-10-29,15.222872734069824
2010-11-01,15.255120277404785
2010-11-02,15.270003318786621
2010-11-03,15.383609771728516
2010-11-04,15.485061645507812
2010-11-05,15.505155563354492
2010-11-08,15.547075271606445
2010-11-09,15.498705863952637
2010-11-10,15.450583457946777
2010-11-11,15.309442520141602
2010-11-12,14.964652061462402
2010-11-15,14.770676612854004
2010-11-16,14.479217529296875
2010-11-17,14.47499942779541
2010-11-18,14.797715187072754
2010-11-19,14.655582427978516
2010-11-22,14.665254592895508
2010-11-23,14.461605072021484
2010-11-24,14.75827407836914
2010-11-26,14.634992599487305
2010-11-29,14.439282417297363
2010-11-30,13.78442668914795
2010-12-01,13.998744010925293
2010-12-02,14.184037208557129
2010-12-03,14.213305473327637
2010-12-06,14.346261024475098
2010-12-07,14.56404972076416
2010-12-08,14.648387908935547
2010-12-09,14.672201156616211
2010-12-10,14.689811706542969
2010-12-13,14.749592781066895
2010-12-14,14.756786346435547
2010-12-15,14.642434120178223
2010-12-16,14.677409172058105
2010-12-17,14.654836654663086
2010-12-20,14.760505676269531
2010-12-21,14.959196090698242
2010-12-22,15.019222259521484
2010-12-23,14.987968444824219
2010-12-27,14.9420804977417
2010-12-28,14.856255531311035
2010-12-29,14.90785026550293
2010-12-30,14.854765892028809
2010-12-31,14.733468055725098
2011-01-03,14.990946769714355
2011-01-04,14.935630798339844
2011-01-05,15.108024597167969
2011-01-06,15.217912673950195
2011-01-07,15.290840148925781
2011-01-10,15.23552417755127
2011-01-11,15.280173301696777
2011-01-12,15.301506042480469
2011-01-13,15.297040939331055
2011-01-14,15.482830047607422
2011-01-18,15.866068840026855
2011-01-19,15.670604705810547
2011-01-20,15.547075271606445
2011-01-21,15.17648696899414
2011-01-24,15.157883644104004
2011-01-25,15.376912117004395
2011-01-26,15.292328834533691
2011-01-27,15.299520492553711
2011-01-28,14.907601356506348
2011-01-31,14.891974449157715
2011-02-01,15.156892776489258
2011-02-02,15.180704116821289
2011-02-03,15.134815216064453
2011-02-04,15.15540599822998
2011-02-07,15.237507820129395
2011-02-08,15.338960647583008
2011-02-09,15.292328834533691
2011-02-10,15.290840148925781
2011-02-11,15.490767478942871
2011-02-14,15.581305503845215
2011-02-15,15.482085227966309
2011-02-16,15.483823776245117
2011-02-17,15.509620666503906
2011-02-18,15.629179954528809
2011-02-22,15.13630485534668
2011-02-23,15.163836479187012
2011-02-24,15.101824760437012
2011-02-25,15.132086753845215
2011-02-28,15.215431213378906
2011-03-01,14.901895523071289
2011-03-02,14.902639389038086
2011-03-03,15.120179176330566
2011-03-04,14.898425102233887
2011-03-07,14.676167488098145
2011-03-08,14.692291259765625
2011-03-09,14.678897857666016
2011-03-10,14.394384384155273
2011-03-11,14.305334091186523
2011-03-14,14.138643264770508
2011-03-15,14.127978324890137
2011-03-16,13.8189058303833
2011-03-17,13.924576759338379
2011-03-18,13.917134284973145
2011-03-21,14.300124168395996
2011-03-22,14.320464134216309
2011-03-23,14.440522193908691
2011-03-24,14.557849884033203
2011-03-25,14.380492210388184
2011-03-28,14.271846771240234
2011-03-29,14.429854393005371
2011-03-30,14.432583808898926
2011-03-31,14.5546236038208
2011-04-01,14.679642677307129
2011-04-04,14.577445983886719
2011-04-05,14.116318702697754
2011-04-06,14.242576599121094
2011-04-07,14.386942863464355
2011-04-08,14.341300010681152
2011-04-11,14.321704864501953
2011-04-12,14.154022216796875
2011-04-13,14.294666290283203
2011-04-14,14.349982261657715
2011-04-15,13.16405200958252
2011-04-18,13.068305015563965
2011-04-19,12.936590194702148
2011-04-20,13.040771484375
2011-04-21,13.02514362335205
2011-04-25,13.023902893066406
2011-04-26,13.21663761138916
2011-04-27,13.339174270629883
2011-04-28,13.344388008117676
2011-04-29,13.496438980102539
2011-05-02,13.359020233154297
2011-05-03,13.243181228637695
2011-05-04,13.290310859680176
2011-05-05,13.252608299255371
2011-05-06,13.278157234191895
2011-05-09,13.337190628051758
2011-05-10,13.460721015930176
2011-05-11,13.281874656677246
2011-05-12,13.271953582763672
2011-05-13,13.135525703430176
2011-05-16,12.859444618225098
2011-05-17,13.158099174499512
2011-05-18,13.141976356506348
2011-05-19,13.177695274353027
2011-05-20,12.998600959777832
2011-05-23,12.858701705932617
2011-05-24,12.855477333068848
2011-05-25,12.890451431274414
2011-05-26,12.852252006530762
2011-05-27,12.9209623336792
2011-05-31,13.1223783493042
2011-06-01,13.03754711151123
2011-06-02,13.098567008972168
2011-06-03,12.97503662109375
2011-06-06,12.924933433532715
2011-06-07,12.874577522277832
2011-06-08,12.878047943115234
2011-06-09,12.817525863647461
2011-06-10,12.638434410095215
2011-06-13,12.519864082336426
2011-06-14,12.610157012939453
2011-06-15,12.475712776184082
2011-06-16,12.411714553833008
2011-06-17,12.030956268310547
2011-06-20,12.020044326782227
2011-06-21,12.228901863098145
2011-06-22,12.08031940460205
2011-06-23,11.911893844604492
2011-06-24,11.779433250427246
2011-06-27,11.975887298583984
2011-06-28,12.245026588439941
2011-06-29,12.34226131439209
2011-06-30,12.56079387664795
2011-07-01,12.924188613891602
2011-07-05,13.207213401794434
2011-07-06,13.279644966125488
2011-07-07,13.558454513549805
2011-07-08,13.196050643920898
2011-07-11,13.079217910766602
2011-07-12,13.246156692504883
2011-07-13,13.351577758789062
2011-07-14,13.120397567749023
2011-07-15,14.824007034301758
2011-07-18,14.757529258728027
2011-07-19,14.946297645568848
2011-07-20,14.767701148986816
2011-07-21,15.05643081665039
2011-07-22,15.335240364074707
2011-07-25,15.35384464263916
2011-07-26,15.441654205322266
2011-07-27,15.062135696411133
2011-07-28,15.154412269592285
2011-07-29,14.97457504272461
2011-08-01,15.050973892211914
2011-08-02,14.694526672363281
2011-08-03,14.912065505981445
2011-08-04,14.325424194335938
2011-08-05,14.363126754760742
2011-08-08,13.544066429138184
2011-08-09,14.223478317260742
2011-08-10,13.618231773376465
2011-08-11,13.943675994873047
2011-08-12,13.984354972839355
2011-08-15,13.822132110595703
2011-08-16,13.369935035705566
2011-08-17,13.224822044372559
2011-08-18,12.52358627319336
2011-08-19,12.177306175231934
2011-08-22,12.357141494750977
2011-08-23,12.869366645812988
2011-08-24,12.980247497558594
2011-08-25,12.899629592895508
2011-08-26,13.068799018859863
2011-08-29,13.371917724609375
2011-08-30,13.412103652954102
2011-08-31,13.418553352355957
2011-09-01,13.208701133728027
2011-09-02,13.018694877624512
2011-09-06,12.952714920043945
2011-09-07,13.24665355682373
2011-09-08,13.269721984863281
2011-09-09,13.018942832946777
2011-09-12,13.149664878845215
2011-09-13,13.134782791137695
2011-09-14,13.19803524017334
2011-09-15,13.45824146270752
2011-09-16,13.560437202453613
2011-09-19,13.560189247131348
2011-09-20,13.559196472167969
2011-09-21,13.374896049499512
2011-09-22,12.915010452270508
2011-09-23,13.03531551361084
2011-09-26,13.193570137023926
2011-09-27,13.378368377685547
2011-09-28,13.117916107177734
2011-09-29,13.084674835205078
2011-09-30,12.775605201721191
2011-10-03,12.291409492492676
2011-10-04,12.449665069580078
2011-10-05,12.519119262695312
2011-10-06,12.76741886138916
2011-10-07,12.777589797973633
2011-10-10,13.324542045593262
2011-10-11,13.473618507385254
2011-10-12,13.605581283569336
2011-10-13,13.865788459777832
2011-10-14,14.676665306091309
2011-10-17,14.446722984313965
2011-10-18,14.64764404296875
2011-10-19,14.404305458068848
2011-10-20,14.477975845336914
2011-10-21,14.647147178649902
2011-10-24,14.794240951538086
2011-10-25,14.465327262878418
2011-10-26,14.543461799621582
2011-10-27,14.850051879882812
2011-10-28,14.886515617370605
2011-10-31,14.700477600097656
2011-11-01,14.353455543518066
2011-11-02,14.506502151489258
2011-11-03,14.821029663085938
2011-11-04,14.787296295166016
2011-11-07,15.089669227600098
2011-11-08,15.189139366149902
2011-11-09,14.906608581542969
2011-11-10,14.761003494262695
2011-11-11,15.090166091918945
2011-11-14,15.2055082321167
2011-11-15,15.293814659118652
2011-11-16,15.167556762695312
2011-11-17,14.904624938964844
2011-11-18,14.75604248046875
2011-11-21,14.410258293151855
2011-11-22,14.386942863464355
2011-11-23,14.141619682312012
2011-11-25,13.965255737304688
2011-11-28,14.590095520019531
2011-11-29,14.45962142944336
2011-11-30,14.867913246154785
2011-12-01,15.224610328674316
2011-12-02,15.388075828552246
2011-12-05,15.519293785095215
2011-12-06,15.472661018371582
2011-12-07,15.463233947753906
2011-12-08,15.28116512298584
2011-12-09,15.563199043273926
2011-12-12,15.51284408569336
2011-12-13,15.518797874450684
2011-12-14,15.33127212524414
2011-12-15,15.3677339553833
2011-12-16,15.526985168457031
2011-12-19,15.424539566040039
2011-12-20,15.636374473571777
2011-12-21,15.52351188659668
2011-12-22,15.619752883911133
2011-12-23,15.705085754394531
2011-12-27,15.881447792053223
2011-12-28,15.867805480957031
2011-12-29,15.934781074523926
2011-12-30,16.021596908569336
2012-01-03,16.505544662475586
2012-01-04,16.576738357543945
2012-01-05,16.346792221069336
2012-01-06,16.123794555664062
2012-01-09,15.440165519714355
2012-01-10,15.457032203674316
2012-01-11,15.526985168457031
2012-01-12,15.618265151977539
2012-01-13,15.502922058105469
2012-01-17,15.591972351074219
2012-01-18,15.699378967285156
2012-01-19,15.864581108093262
2012-01-20,14.535524368286133
2012-01-23,14.5238676071167
2012-01-24,14.410011291503906
2012-01-25,14.126241683959961
2012-01-26,14.09176254272461
2012-01-27,14.386445999145508
2012-01-30,14.329644203186035
2012-01-31,14.389671325683594
2012-02-01,14.407530784606934
2012-02-02,14.513696670532227
2012-02-03,14.792008399963379
2012-02-06,15.108521461486816
2012-02-07,15.050973892211914
2012-02-08,15.127373695373535
2012-02-09,15.167308807373047
2012-02-10,15.029642105102539
2012-02-13,15.18566608428955
2012-02-14,15.125140190124512
2012-02-15,15.020959854125977
2012-02-16,15.044772148132324
2012-02-17,14.998139381408691
2012-02-21,15.230315208435059
2012-02-22,15.079996109008789
2012-02-23,15.034603118896484
2012-02-24,15.12861442565918
2012-02-27,15.11397933959961
2012-02-28,15.339208602905273
2012-02-29,15.335735321044922
2012-03-01,15.438677787780762
2012-03-02,15.410151481628418
2012-03-05,15.236517906188965
2012-03-06,15.00607681274414
2012-03-07,15.051717758178711
2012-03-08,15.060152053833008
2012-03-09,14.889243125915527
2012-03-12,15.010790824890137
2012-03-13,15.324077606201172
2012-03-14,15.27967643737793
2012-03-15,15.407175064086914
2012-03-16,15.50416374206543
2012-03-19,15.725919723510742
2012-03-20,15.713764190673828
2012-03-21,15.874750137329102
2012-03-22,16.025320053100586
2012-03-23,15.93949031829834
2012-03-26,16.106678009033203
2012-03-27,16.049379348754883
2012-03-28,16.26617431640625
2012-03-29,16.0838565826416
2012-03-30,15.906005859375
2012-04-02,16.046897888183594
2012-04-03,15.94023609161377
2012-04-04,15.75494384765625
2012-04-05,15.684744834899902
2012-04-09,15.648033142089844
2012-04-10,15.549308776855469
2012-04-11,15.775033950805664
2012-04-12,16.148351669311523
2012-04-13,15.493250846862793
2012-04-16,15.033609390258789
2012-04-17,15.120429039001465
2012-04-18,15.067841529846191
2012-04-19,14.865679740905762
2012-04-20,14.785310745239258
2012-04-23,14.823511123657227
2012-04-24,14.914546966552734
2012-04-25,15.124147415161133
2012-04-26,15.266779899597168
2012-04-27,15.254624366760254
2012-04-30,15.003349304199219
2012-05-01,14.992931365966797
2012-05-02,15.063129425048828
2012-05-03,15.156394958496094
2012-05-04,14.807884216308594
2012-05-07,15.070323944091797
2012-05-08,15.200300216674805
2012-05-09,15.110010147094727
2012-05-10,15.221880912780762
2012-05-11,15.012774467468262
2012-05-14,14.98226261138916
2012-05-15,15.158629417419434
2012-05-16,15.600653648376465
2012-05-17,15.45479965209961
2012-05-18,14.892966270446777
2012-05-21,15.233043670654297
2012-05-22,14.902888298034668
2012-05-23,15.117698669433594
2012-05-24,14.973831176757812
2012-05-25,14.672944068908691
2012-05-29,14.742647171020508
2012-05-30,14.591086387634277
2012-05-31,14.40827465057373
2012-06-01,14.163201332092285
2012-06-04,14.35196590423584
2012-06-05,14.149062156677246
2012-06-06,14.401081085205078
2012-06-07,14.343035697937012
2012-06-08,14.398103713989258
2012-06-11,14.101683616638184
2012-06-12,14.017345428466797
2012-06-13,13.917879104614258
2012-06-14,13.867276191711426
2012-06-15,14.002711296081543
2012-06-18,14.159976959228516
2012-06-19,14.424895286560059
2012-06-20,14.325177192687988
2012-06-21,14.020074844360352
2012-06-22,14.175602912902832
2012-06-25,13.908206939697266
2012-06-26,14.006927490234375
2012-06-27,14.121528625488281
2012-06-28,13.997750282287598
2012-06-29,14.388677597045898
2012-07-02,14.398598670959473
2012-07-03,14.58116626739502
2012-07-05,14.781841278076172
2012-07-06,14.535277366638184
2012-07-09,14.53602123260498
2012-07-10,14.429112434387207
2012-07-11,14.16840934753418
2012-07-12,14.150796890258789
2012-07-13,14.30062198638916
2012-07-16,14.260931968688965
2012-07-17,14.305829048156738
2012-07-18,14.405795097351074
2012-07-19,14.710896492004395
2012-07-20,15.151434898376465
2012-07-23,15.267770767211914
2012-07-24,15.070817947387695
2012-07-25,15.081236839294434
2012-07-26,15.214438438415527
2012-07-27,15.750228881835938
2012-07-30,15.684247016906738
2012-07-31,15.70086669921875
2012-08-01,15.693673133850098
2012-08-02,15.59618854522705
2012-08-03,15.908236503601074
2012-08-06,15.945199012756348
2012-08-07,15.888643264770508
2012-08-08,15.930560111999512
2012-08-09,15.933538436889648
2012-08-10,15.924856185913086
2012-08-13,16.371597290039062
2012-08-14,16.58616065979004
2012-08-15,16.558380126953125
2012-08-16,16.690589904785156
2012-08-17,16.796506881713867
2012-08-20,16.756818771362305
2012-08-21,16.60724449157715
2012-08-22,16.797496795654297
2012-08-23,16.788074493408203
2012-08-24,16.833467483520508
2012-08-27,16.600051879882812
2012-08-28,16.79923439025879
2012-08-29,17.06613540649414
2012-08-30,16.909120559692383
2012-08-31,16.993703842163086
2012-09-04,16.89324378967285
2012-09-05,16.88530921936035
2012-09-06,17.348669052124023
2012-09-07,17.516101837158203
2012-09-10,17.382652282714844
2012-09-11,17.169824600219727
2012-09-12,17.137327194213867
2012-09-13,17.51337432861328
2012-09-14,17.60366439819336
2012-09-17,17.611106872558594
2012-09-18,17.816987991333008
2012-09-19,18.04568862915039
2012-09-20,18.061073303222656
2012-09-21,18.20667839050293
2012-09-24,18.588430404663086
2012-09-25,18.582969665527344
2012-09-26,18.68962860107422
2012-09-27,18.76504135131836
2012-09-28,18.71542739868164
2012-10-01,18.89600944519043
2012-10-02,18.777191162109375
2012-10-03,18.913867950439453
2012-10-04,19.051538467407227
2012-10-05,19.04161262512207
2012-10-08,18.798276901245117
2012-10-09,18.45720672607422
2012-10-10,18.46886444091797
2012-10-11,18.64051628112793
2012-10-12,18.47357749938965
2012-10-15,18.380064010620117
2012-10-16,18.472339630126953
2012-10-17,18.739986419677734
2012-10-18,17.239526748657227
2012-10-19,16.911853790283203
2012-10-22,16.834463119506836
2012-10-23,16.876131057739258
2012-10-24,16.80047607421875
2012-10-25,16.8118839263916
2012-10-26,16.74714469909668
2012-10-31,16.874887466430664
2012-11-01,17.05571937561035
2012-11-02,17.063905715942383
2012-11-05,16.94087028503418
2012-11-06,16.91011619567871
2012-11-07,16.54796028137207
2012-11-08,16.180099487304688
2012-11-09,16.446504592895508
2012-11-12,16.517698287963867
2012-11-13,16.3477840423584
2012-11-14,16.18655014038086
2012-11-15,16.05533218383789
2012-11-16,16.0533504486084
2012-11-19,16.57499885559082
2012-11-20,16.61865234375
2012-11-21,16.516952514648438
2012-11-23,16.569046020507812
2012-11-26,16.39987564086914
2012-11-27,16.63701057434082
2012-11-28,16.95848274230957
2012-11-29,17.162384033203125
2012-11-30,17.3231201171875
2012-12-03,17.245731353759766
2012-12-04,17.141050338745117
2012-12-05,17.061424255371094
2012-12-06,17.143531799316406
2012-12-07,16.971879959106445
2012-12-10,17.001893997192383
2012-12-11,17.286157608032227
2012-12-12,17.303028106689453
2012-12-13,17.430526733398438
2012-12-14,17.412166595458984
2012-12-17,17.878999710083008
2012-12-18,17.886194229125977
2012-12-19,17.862380981445312
2012-12-20,17.918193817138672
2012-12-21,17.751251220703125
2012-12-24,17.599201202392578
2012-12-26,17.583572387695312
2012-12-27,17.519573211669922
2012-12-28,17.363798141479492
2012-12-31,17.546613693237305
2013-01-02,17.940265655517578
2013-01-03,17.950687408447266
2013-01-04,18.30539894104004
2013-01-07,18.225526809692383
2013-01-08,18.189559936523438
2013-01-09,18.309123992919922
2013-01-10,18.3924617767334
2013-01-11,18.35550880432129
2013-01-14,17.940265655517578
2013-01-15,17.981945037841797
2013-01-16,17.740339279174805
2013-01-17,17.64434242248535
2013-01-18,17.475421905517578
2013-01-22,17.434743881225586
2013-01-23,18.392961502075195
2013-01-24,18.708232879638672
2013-01-25,18.694839477539062
2013-01-28,18.621910095214844
2013-01-29,18.695087432861328
2013-01-30,18.698810577392578
2013-01-31,18.744945526123047
2013-02-01,19.238813400268555
2013-02-04,18.827545166015625
2013-02-05,18.994239807128906
2013-02-06,19.104124069213867
2013-02-07,19.19788360595703
2013-02-08,19.48116111755371
2013-02-11,19.40798568725586
2013-02-12,19.36532211303711
2013-02-13,19.418899536132812
2013-02-14,19.541934967041016
2013-02-15,19.667694091796875
2013-02-19,20.01397132873535
2013-02-20,19.657026290893555
2013-02-21,19.733177185058594
2013-02-22,19.836862564086914
2013-02-25,19.615108489990234
2013-02-26,19.59922981262207
2013-02-27,19.838600158691406
2013-02-28,19.873825073242188
2013-03-01,19.997600555419922
2013-03-04,20.377365112304688
2013-03-05,20.801532745361328
2013-03-06,20.622440338134766
2013-03-07,20.652706146240234
2013-03-08,20.625917434692383
2013-03-11,20.707773208618164
2013-03-12,20.5289249420166
2013-03-13,20.47187042236328
2013-03-14,20.37836265563965
2013-03-15,20.19877052307129
2013-03-18,20.037290573120117
2013-03-19,20.124853134155273
2013-03-20,20.208938598632812
2013-03-21,20.12336540222168
2013-03-22,20.09979820251465
2013-03-25,20.08317756652832
2013-03-26,20.15213966369629
2013-03-27,19.9100399017334
2013-03-28,19.699935913085938
2013-04-01,19.87357521057129
2013-04-02,20.167516708374023
2013-04-03,19.997848510742188
2013-04-04,19.721769332885742
2013-04-05,19.423614501953125
2013-04-08,19.220211029052734
2013-04-09,19.289663314819336
2013-04-10,19.600473403930664
2013-04-11,19.605682373046875
2013-04-12,19.597251892089844
2013-04-15,19.395830154418945
2013-04-16,19.679601669311523
2013-04-17,19.411457061767578
2013-04-18,18.998455047607422
2013-04-19,19.840835571289062
2013-04-22,19.84678840637207
2013-04-23,20.040019989013672
2013-04-24,20.17768669128418
2013-04-25,20.069786071777344
2013-04-26,19.879283905029297
2013-04-29,20.316843032836914
2013-04-30,20.45351791381836
2013-05-01,20.3508243560791
2013-05-02,20.578536987304688
2013-05-03,20.978145599365234
2013-05-06,21.370813369750977
2013-05-07,21.26365089416504
2013-05-08,21.67045783996582
2013-05-09,21.61712646484375
2013-05-10,21.834169387817383
2013-05-13,21.767196655273438
2013-05-14,22.004581451416016
2013-05-15,22.718717575073242
2013-05-16,22.420564651489258
2013-05-17,22.552276611328125
2013-05-20,22.536155700683594
2013-05-21,22.49745750427246
2013-05-22,22.0621280670166
2013-05-23,21.897668838500977
2013-05-24,21.66276741027832
2013-05-28,21.859966278076172
2013-05-29,21.53849220275879
2013-05-30,21.59926414489746
2013-05-31,21.610675811767578
2013-06-03,21.521623611450195
2013-06-04,21.31003761291504
2013-06-05,21.324920654296875
2013-06-06,21.44745635986328
2013-06-07,21.821767807006836
2013-06-10,22.081972122192383
2013-06-11,21.82375144958496
2013-06-12,21.62952995300293
2013-06-13,21.754051208496094
2013-06-14,21.70543098449707
2013-06-17,21.983495712280273
2013-06-18,22.33994483947754
2013-06-19,22.341432571411133
2013-06-20,21.946041107177734
2013-06-21,21.85153579711914
2013-06-24,21.575204849243164
2013-06-25,21.486156463623047
2013-06-26,21.67095184326172
2013-06-27,21.755786895751953
2013-06-28,21.837642669677734
2013-07-01,22.02392578125
2013-07-02,21.885765075683594
2013-07-03,21.98796272277832
2013-07-05,22.163082122802734
2013-07-08,22.450822830200195
2013-07-09,22.454545974731445
2013-07-10,22.473148345947266
2013-07-11,22.826622009277344
2013-07-12,22.895082473754883
2013-07-15,22.937002182006836
2013-07-16,22.810993194580078
2013-07-17,22.784698486328125
2013-07-18,22.589479446411133
2013-07-19,22.240230560302734
2013-07-22,22.589981079101562
2013-07-23,22.418827056884766
2013-07-24,22.396501541137695
2013-07-25,22.01946258544922
2013-07-26,21.96116828918457
2013-07-29,21.88477325439453
2013-07-30,22.099334716796875
2013-07-31,22.020702362060547
2013-08-01,22.429243087768555
2013-08-02,22.48753547668457
2013-08-05,22.448593139648438
2013-08-06,22.239482879638672
2013-08-07,22.092641830444336
2013-08-08,22.142499923706055
2013-08-09,22.086685180664062
2013-08-12,21.96514129638672
2013-08-13,21.859468460083008
2013-08-14,21.575700759887695
2013-08-15,21.323930740356445
2013-08-16,21.25571632385254
2013-08-19,21.472511291503906
2013-08-20,21.46680450439453
2013-08-21,21.56379508972168
2013-08-22,21.672441482543945
2013-08-23,21.585620880126953
2013-08-26,21.49086570739746
2013-08-27,21.08803367614746
2013-08-28,21.04834747314453
2013-08-29,21.21900177001953
2013-08-30,21.007413864135742
2013-09-03,21.341787338256836
2013-09-04,21.620845794677734
2013-09-05,21.817546844482422
2013-09-06,21.81804847717285
2013-09-09,22.02814483642578
2013-09-10,22.04352569580078
2013-09-11,22.230056762695312
2013-09-12,22.15241813659668
2013-09-13,22.05344581604004
2013-09-16,22.020952224731445
2013-09-17,21.980022430419922
2013-09-18,22.406917572021484
2013-09-19,22.284629821777344
2013-09-20,22.401710510253906
2013-09-23,21.989694595336914
2013-09-24,21.99812889099121
2013-09-25,21.759756088256836
2013-09-26,21.783071517944336
2013-09-27,21.738916397094727
2013-09-30,21.727014541625977
2013-10-01,22.00210189819336
2013-10-02,22.026660919189453
2013-10-03,21.731473922729492
2013-10-04,21.638704299926758
2013-10-07,21.47474479675293
2013-10-08,21.17534828186035
2013-10-09,21.22966766357422
2013-10-10,21.53675651550293
2013-10-11,21.629776000976562
2013-10-14,21.73197364807129
2013-10-15,21.878324508666992
2013-10-16,22.275699615478516
2013-10-17,22.0465030670166
2013-10-18,25.088096618652344
2013-10-21,24.886932373046875
2013-10-22,24.97870445251465
2013-10-23,25.58420181274414
2013-10-24,25.438844680786133
2013-10-25,25.182111740112305
2013-10-28,25.177148818969727
2013-10-29,25.704011917114258
2013-10-30,25.559640884399414
2013-10-31,25.563613891601562
2013-11-01,25.475799560546875
2013-11-04,25.452733993530273
2013-11-05,25.338876724243164
2013-11-06,25.369388580322266
2013-11-07,25.002273559570312
2013-11-08,25.202699661254883
2013-11-11,25.067752838134766
2013-11-12,25.09727668762207
2013-11-13,25.61049461364746
2013-11-14,25.678955078125
2013-11-15,25.637531280517578
2013-11-18,25.587671279907227
2013-11-19,25.43016242980957
2013-11-20,25.358470916748047
2013-11-21,25.65018653869629
2013-11-22,25.596105575561523
2013-11-25,25.944368362426758
2013-11-26,26.253934860229492
2013-11-27,26.370521545410156
2013-11-29,26.283206939697266
2013-12-02,26.156452178955078
2013-12-03,26.126192092895508
2013-12-04,26.24822998046875
2013-12-05,26.22739601135254
2013-12-06,26.538204193115234
2013-12-09,26.74333953857422
2013-12-10,26.905071258544922
2013-12-11,26.72225570678711
2013-12-12,26.540435791015625
2013-12-13,26.312973022460938
2013-12-16,26.615346908569336
2013-12-17,26.53795623779297
2013-12-18,26.907304763793945
2013-12-19,26.94376564025879
2013-12-20,27.30095863342285
2013-12-23,27.660139083862305
2013-12-24,27.57927131652832
2013-12-26,27.718677520751953
2013-12-27,27.741994857788086
2013-12-30,27.520233154296875
2013-12-31,27.799293518066406
2014-01-02,27.61102294921875
2014-01-03,27.40960693359375
2014-01-06,27.71520233154297
2014-01-07,28.249507904052734
2014-01-08,28.308292388916016
2014-01-09,28.035688400268555
2014-01-10,28.034198760986328
2014-01-13,27.855602264404297
2014-01-14,28.510950088500977
2014-01-15,28.491601943969727
2014-01-16,28.68012237548828
2014-01-17,28.53898048400879
2014-01-21,28.86566734313965
2014-01-22,28.898406982421875
2014-01-23,28.7763671875
2014-01-24,27.876686096191406
2014-01-27,27.316089630126953
2014-01-28,27.85634422302246
2014-01-29,27.457229614257812
2014-01-30,28.163434982299805
2014-01-31,29.294050216674805
2014-02-03,28.11481285095215
2014-02-04,28.23214340209961
2014-02-05,28.35715675354004
2014-02-06,28.772891998291016
2014-02-07,29.206485748291016
2014-02-10,29.094615936279297
2014-02-11,29.52250099182129
2014-02-12,29.43593406677246
2014-02-13,29.763608932495117
2014-02-14,29.835542678833008
2014-02-18,30.035966873168945
2014-02-19,29.82413101196289
2014-02-20,29.8680362701416
2014-02-21,29.860097885131836
2014-02-24,30.076398849487305
2014-02-25,30.262189865112305
2014-02-26,30.26640510559082
2014-02-27,30.24259376525879
2014-02-28,30.154287338256836
2014-03-03,29.832813262939453
2014-03-04,30.135929107666016
2014-03-05,30.219024658203125
2014-03-06,30.252517700195312
2014-03-07,30.132949829101562
2014-03-10,30.053085327148438
2014-03-11,29.765836715698242
2014-03-12,29.947166442871094
2014-03-13,29.494720458984375
2014-03-14,29.091386795043945
2014-03-17,29.57012939453125
2014-03-18,30.045391082763672
2014-03-19,29.747482299804688
2014-03-20,29.695640563964844
2014-03-21,29.345394134521484
2014-03-24,28.722536087036133
2014-03-25,28.742136001586914
2014-03-26,28.078598022460938
2014-03-27,27.639795303344727
2014-03-28,27.785400390625
2014-03-31,27.64550018310547
2014-04-01,28.151029586791992
2014-04-02,28.156240463256836
2014-04-03,28.323848724365234
2014-04-04,27.02288055419922
2014-04-07,26.793912887573242
2014-04-08,27.6304931640625
2014-04-09,28.10280418395996
2014-04-10,27.09424591064453
2014-04-11,26.65167236328125
2014-04-14,27.020404815673828
2014-04-15,27.193866729736328
2014-04-16,27.947185516357422
2014-04-17,26.92822265625
2014-04-21,26.731468200683594
2014-04-22,27.035274505615234
2014-04-23,26.639284133911133
2014-04-24,26.487133026123047
2014-04-25,25.92511749267578
2014-04-28,25.919170379638672
2014-04-29,26.58080291748047
2014-04-30,26.50893783569336
2014-05-01,26.689836502075195
2014-05-02,26.458885192871094
2014-05-05,26.53124237060547
2014-05-06,25.898849487304688
2014-05-07,25.6723575592041
2014-05-08,25.779903411865234
2014-05-09,26.099567413330078
2014-05-12,26.684877395629883
2014-05-13,26.839014053344727
2014-05-14,26.485647201538086
2014-05-15,26.223468780517578
2014-05-16,26.18283462524414
2014-05-19,26.704702377319336
2014-05-20,26.78201675415039
2014-05-21,27.243427276611328
2014-05-22,27.528400421142578
2014-05-23,27.942230224609375
2014-05-27,28.490867614746094
2014-05-28,28.271808624267578
2014-05-29,28.277257919311523
2014-05-30,28.331279754638672
2014-06-02,27.968992233276367
2014-06-03,27.481813430786133
2014-06-04,27.44464111328125
2014-06-05,27.998233795166016
2014-06-06,28.052751541137695
2014-06-09,28.28568458557129
2014-06-10,28.165252685546875
2014-06-11,28.1256046295166
2014-06-12,27.72911834716797
2014-06-13,27.771244049072266
2014-06-16,27.372283935546875
2014-06-17,27.289024353027344
2014-06-18,27.78661346435547
2014-06-19,28.001209259033203
2014-06-20,28.07703399658203
2014-06-23,28.462120056152344
2014-06-24,28.37538719177246
2014-06-25,29.039005279541016
2014-06-26,28.98151397705078
2014-06-27,29.027111053466797
2014-06-30,28.9765567779541
2014-07-01,29.314558029174805
2014-07-02,29.279373168945312
2014-07-03,29.393360137939453
2014-07-07,29.278383255004883
2014-07-08,28.665815353393555
2014-07-09,28.911632537841797
2014-07-10,28.747095108032227
2014-07-11,29.07468605041504
2014-07-14,29.45184326171875
2014-07-15,29.392372131347656
2014-07-16,29.271438598632812
2014-07-17,28.785749435424805
2014-07-18,29.989574432373047
2014-07-21,29.65900993347168
2014-07-22,29.913251876831055
2014-07-23,29.99354362487793
2014-07-24,29.885499954223633
2014-07-25,29.641162872314453
2014-07-28,29.687753677368164
2014-07-29,29.436481475830078
2014-07-30,29.510326385498047
2014-07-31,28.722808837890625
2014-08-01,28.42792510986328
2014-08-04,28.85761260986328
2014-08-05,28.405122756958008
2014-08-06,28.47203254699707
2014-08-07,28.339210510253906
2014-08-08,28.643014907836914
2014-08-11,28.60881996154785
2014-08-12,28.354576110839844
2014-08-13,28.97110939025879
2014-08-14,28.97556495666504
2014-08-15,28.928979873657227
2014-08-18,29.374530792236328
2014-08-19,29.593090057373047
2014-08-20,29.508838653564453
2014-08-21,29.36065101623535
2014-08-22,29.36660385131836
2014-08-25,29.268964767456055
2014-08-26,29.147541046142578
2014-08-27,28.8937931060791
2014-08-28,28.760969161987305
2014-08-29,28.86207389831543
2014-09-02,29.17281723022461
2014-09-03,29.2169246673584
2014-09-04,29.39633560180664
2014-09-05,29.626296997070312
2014-09-08,29.817102432250977
2014-09-09,29.338350296020508
2014-09-10,29.41021156311035
2014-09-11,29.29572868347168
2014-09-12,28.987957000732422
2014-09-15,28.826391220092773
2014-09-16,29.18025016784668
2014-09-17,29.40376853942871
2014-09-18,29.60102081298828
2014-09-19,30.003948211669922
2014-09-22,29.60102081298828
2014-09-23,29.299198150634766
2014-09-24,29.658016204833984
2014-09-25,29.00530242919922
2014-09-26,29.136638641357422
2014-09-29,29.132179260253906
2014-09-30,29.161916732788086
2014-10-01,28.72677230834961
2014-10-02,28.788724899291992
2014-10-03,29.05486297607422
2014-10-06,29.13069725036621
2014-10-07,28.45270538330078
2014-10-08,28.93046760559082
2014-10-09,28.28964614868164
2014-10-10,27.51551628112793
2014-10-13,26.99810218811035
2014-10-14,27.193368911743164
2014-10-15,26.798871994018555
2014-10-16,26.61004066467285
2014-10-17,25.918672561645508
2014-10-20,26.385034561157227
2014-10-21,26.665056228637695
2014-10-22,26.896007537841797
2014-10-23,27.439189910888672
2014-10-24,27.203781127929688
2014-10-27,27.25234603881836
2014-10-28,27.701366424560547
2014-10-29,27.677080154418945
2014-10-30,27.76728057861328
2014-10-31,28.143939971923828
2014-11-03,27.940744400024414
2014-11-04,27.961559295654297
2014-11-05,27.553178787231445
2014-11-06,27.342050552368164
2014-11-07,27.348495483398438
2014-11-10,27.666179656982422
2014-11-11,27.817834854125977
2014-11-12,27.66716957092285
2014-11-13,27.577465057373047
2014-11-14,27.51551628112793
2014-11-17,27.091772079467773
2014-11-18,26.986207962036133
2014-11-19,27.11952781677246
2014-11-20,26.94903564453125
2014-11-21,27.054597854614258
2014-11-24,27.13340187072754
2014-11-25,27.220134735107422
2014-11-26,27.14579200744629
2014-11-28,27.21269989013672
2014-12-01,26.745342254638672
2014-12-02,26.69281005859375
2014-12-03,26.61252212524414
2014-12-04,26.89055633544922
2014-12-05,26.17192840576172
2014-12-08,26.303264617919922
2014-12-09,26.56989860534668
2014-12-10,26.169946670532227
2014-12-11,26.371658325195312
2014-12-12,25.846315383911133
2014-12-15,25.565305709838867
2014-12-16,24.68907928466797
2014-12-17,25.099933624267578
2014-12-18,25.504844665527344
2014-12-19,25.773460388183594
2014-12-22,26.381074905395508
2014-12-23,26.70172882080078
2014-12-24,26.610538482666016
2014-12-26,26.8380184173584
2014-12-29,26.62937355041504
2014-12-30,26.52876091003418
2014-12-31,26.299793243408203
2015-01-02,26.244779586791992
2015-01-05,25.744714736938477
2015-01-06,25.109350204467773
2015-01-07,25.035505294799805
2015-01-08,25.122732162475586
2015-01-09,24.815950393676758
2015-01-12,24.63456153869629
2015-01-13,24.869476318359375
2015-01-14,25.074155807495117
2015-01-15,24.979005813598633
2015-01-16,25.29867172241211
2015-01-20,25.272897720336914
2015-01-21,25.79080581665039
2015-01-22,26.628877639770508
2015-01-23,26.859329223632812
2015-01-26,26.600128173828125
2015-01-27,25.83045196533203
2015-01-28,25.396303176879883
2015-01-29,25.43595314025879
2015-01-30,26.641265869140625
2015-02-02,26.37611961364746
2015-02-03,26.430633544921875
2015-02-04,26.07379913330078
2015-02-05,26.25865936279297
2015-02-06,26.459379196166992
2015-02-09,26.231403350830078
2015-02-10,26.77061653137207
2015-02-11,26.6635684967041
2015-02-12,27.060550689697266
2015-02-13,27.315786361694336
2015-02-17,27.010988235473633
2015-02-18,26.89402198791504
2015-02-19,27.08235740661621
2015-02-20,26.851900100708008
2015-02-23,26.5148868560791
2015-02-24,26.695781707763672
2015-02-25,27.12596893310547
2015-02-26,27.718713760375977
2015-02-27,27.88424301147461
2015-03-02,28.498300552368164
2015-03-03,28.685144424438477
2015-03-04,28.662342071533203
2015-03-05,28.815980911254883
2015-03-06,28.393232345581055
2015-03-09,28.45270538330078
2015-03-10,27.74646759033203
2015-03-11,27.540294647216797
2015-03-12,27.811885833740234
2015-03-13,27.4069766998291
2015-03-16,27.835182189941406
2015-03-17,27.63545036315918
2015-03-18,28.059194564819336
2015-03-19,27.9357852935791
2015-03-20,27.999223709106445
2015-03-23,28.02004051208496
2015-03-24,28.623193740844727
2015-03-25,28.100820541381836
2015-03-26,27.934301376342773
2015-03-27,27.632478713989258
2015-03-30,27.81039810180664
2015-03-31,27.491228103637695
2015-04-01,27.233020782470703
2015-04-02,26.827613830566406
2015-04-06,26.958452224731445
2015-04-07,27.00355339050293
2015-04-08,27.2008056640625
2015-04-09,27.1601619720459
2015-04-10,27.185935974121094
2015-04-13,27.190893173217773
2015-04-14,26.751789093017578
2015-04-15,26.814233779907227
2015-04-16,26.937143325805664
2015-04-17,26.402881622314453
2015-04-20,26.987197875976562
2015-04-21,26.907407760620117
2015-04-22,27.217653274536133
2015-04-23,27.628013610839844
2015-04-24,28.430898666381836
2015-04-27,28.05721092224121
2015-04-28,27.97047996520996
2015-04-29,27.822790145874023
2015-04-30,27.197336196899414
2015-05-01,27.315786361694336
2015-05-04,27.399045944213867
2015-05-05,26.913354873657227
2015-05-06,26.518850326538086
2015-05-07,26.86379051208496
2015-05-08,27.206256866455078
2015-05-11,27.049148559570312
2015-05-12,26.699748992919922
2015-05-13,26.737417221069336
2015-05-14,27.218645095825195
2015-05-15,27.084335327148438
2015-05-18,27.093259811401367
2015-05-19,27.222612380981445
2015-05-20,27.382692337036133
2015-05-21,27.595800399780273
2015-05-22,27.482309341430664
2015-05-26,27.119028091430664
2015-05-27,27.46892547607422
2015-05-28,27.4654598236084
2015-05-29,27.026350021362305
2015-06-01,27.21914291381836
2015-06-02,27.454059600830078
2015-06-03,27.520469665527344
2015-06-04,27.342050552368164
2015-06-05,27.235000610351562
2015-06-08,26.93515968322754
2015-06-09,26.869739532470703
2015-06-10,27.387149810791016
2015-06-11,27.260278701782227
2015-06-12,27.132909774780273
2015-06-15,26.91136932373047
2015-06-16,27.004051208496094
2015-06-17,27.08979034423828
2015-06-18,27.564579010009766
2015-06-19,27.63098907470703
2015-06-22,27.738039016723633
2015-06-23,27.921913146972656
2015-06-24,27.683025360107422
2015-06-25,27.652297973632812
2015-06-26,27.409948348999023
2015-06-29,26.82463836669922
2015-06-30,26.764673233032227
2015-07-01,26.92624282836914
2015-07-02,27.126462936401367
2015-07-06,27.04121971130371
2015-07-07,27.25977897644043
2015-07-08,26.846942901611328
2015-07-09,26.993144989013672
2015-07-10,27.561107635498047
2015-07-13,28.33524513244629
2015-07-14,28.952272415161133
2015-07-15,28.94137191772461
2015-07-16,29.824541091918945
2015-07-17,34.67353820800781
2015-07-20,34.3375129699707
2015-07-21,34.461917877197266
2015-07-22,34.44953155517578
2015-07-23,33.439979553222656
2015-07-24,32.45075607299805
2015-07-27,32.62422180175781
2015-07-28,32.6931037902832
2015-07-29,32.78082275390625
2015-07-30,32.93594741821289
2015-07-31,32.58605194091797
2015-08-03,32.94387435913086
2015-08-04,32.77338790893555
2015-08-05,33.36860656738281
2015-08-06,33.21299743652344
2015-08-07,32.92752456665039
2015-08-10,32.865577697753906
2015-08-11,34.211639404296875
2015-08-12,34.26962661743164
2015-08-13,34.02379608154297
2015-08-14,34.16554260253906
2015-08-17,34.40046310424805
2015-08-18,34.133827209472656
2015-08-19,34.39699172973633
2015-08-20,33.67539596557617
2015-08-21,31.918474197387695
2015-08-24,30.633861541748047
2015-08-25,30.354341506958008
2015-08-26,32.69707107543945
2015-08-27,33.10445022583008
2015-08-28,32.6945915222168
2015-08-31,32.10630798339844
2015-09-01,31.201330184936523
2015-09-02,31.962085723876953
2015-09-03,31.572542190551758
2015-09-04,31.171594619750977
2015-09-08,31.911041259765625
2015-09-09,31.887744903564453
2015-09-10,32.26787185668945
2015-09-11,32.477012634277344
2015-09-14,32.336761474609375
2015-09-15,32.96122741699219
2015-09-16,32.98352813720703
2015-09-17,33.28832244873047
2015-09-18,32.755550384521484
2015-09-21,33.055885314941406
2015-09-22,32.37294006347656
2015-09-23,32.377403259277344
2015-09-24,32.45769119262695
2015-09-25,31.726177215576172
2015-09-28,30.93816375732422
2015-09-29,30.856884002685547
2015-09-30,31.637958526611328
2015-10-01,31.817859649658203
2015-10-02,32.56078338623047
2015-10-05,33.288822174072266
2015-10-06,33.286842346191406
2015-10-07,33.20555877685547
2015-10-08,33.05687713623047
2015-10-09,33.26701736450195
2015-10-12,33.52423095703125
2015-10-13,33.85826873779297
2015-10-14,33.72148513793945
2015-10-15,34.3464469909668
2015-10-16,34.46043014526367
2015-10-19,34.68989944458008
2015-10-20,33.70116424560547
2015-10-21,33.294769287109375
2015-10-22,33.757667541503906
2015-10-23,35.6503791809082
2015-10-26,36.234703063964844
2015-10-27,36.318946838378906
2015-10-28,36.52215576171875
2015-10-29,36.9151725769043
2015-10-30,36.545448303222656
2015-11-02,37.058387756347656
2015-11-03,37.111915588378906
2015-11-04,37.433563232421875
2015-11-05,37.69921112060547
2015-11-06,37.745304107666016
2015-11-09,37.406803131103516
2015-11-10,37.57977294921875
2015-11-11,37.92619705200195
2015-11-12,37.49403381347656
2015-11-13,36.67826461791992
2015-11-16,37.19121551513672
2015-11-17,36.97116470336914
2015-11-18,37.666500091552734
2015-11-19,37.66303634643555
2015-11-20,38.50852966308594
2015-11-23,38.4936637878418
2015-11-24,38.14326858520508
2015-11-25,38.124935150146484
2015-11-27,38.25924301147461
2015-11-30,37.80725860595703
2015-12-01,38.84504699707031
2015-12-02,38.55066680908203
2015-12-03,38.0723991394043
2015-12-04,38.61806106567383
2015-12-07,38.30979919433594
2015-12-08,38.416351318359375
2015-12-09,37.79237747192383
2015-12-10,37.66798782348633
2015-12-11,37.19121551513672
2015-12-14,37.79188919067383
2015-12-15,37.67046356201172
2015-12-16,38.48821258544922
2015-12-17,38.1531867980957
2015-12-18,37.5098876953125
2015-12-21,37.705650329589844
2015-12-22,38.01936721801758
2015-12-23,38.0877685546875
2015-12-24,37.955440521240234
2015-12-28,38.76823043823242
2015-12-29,39.349082946777344
2015-12-30,39.167694091796875
2015-12-31,38.558589935302734
2016-01-04,37.63825607299805
2016-01-05,37.74183654785156
2016-01-06,37.63280487060547
2016-01-07,36.724365234375
2016-01-08,36.22429275512695
2016-01-11,36.33134078979492
2016-01-12,36.93944549560547
2016-01-13,35.66227340698242
2016-01-14,36.248085021972656
2016-01-15,35.21226501464844
2016-01-19,35.63798904418945
2016-01-20,35.61221694946289
2016-01-21,36.014156341552734
2016-01-22,36.945396423339844
2016-01-25,36.35860061645508
2016-01-26,36.367027282714844
2016-01-27,35.56365203857422
2016-01-28,37.08614730834961
2016-01-29,37.732913970947266
2016-02-01,38.19977569580078
2016-02-02,38.70232009887695
2016-02-03,37.13968276977539
2016-02-04,36.1806755065918
2016-02-05,34.878719329833984
2016-02-08,34.89855194091797
2016-02-09,34.742919921875
2016-02-10,35.031864166259766
2016-02-11,35.0075798034668
2016-02-12,35.03384780883789
2016-02-16,35.56661605834961
2016-02-17,36.276824951171875
2016-02-18,35.5601806640625
2016-02-19,35.78815841674805
2016-02-22,36.132110595703125
2016-02-23,35.54926681518555
2016-02-24,35.728187561035156
2016-02-25,36.13557815551758
2016-02-26,35.9244499206543
2016-02-29,35.545806884765625
2016-03-01,36.782344818115234
2016-03-02,36.64902114868164
2016-03-03,36.25798797607422
2016-03-04,36.190093994140625
2016-03-07,35.326751708984375
2016-03-08,35.36292266845703
2016-03-09,35.95170974731445
2016-03-10,36.28673553466797
2016-03-11,36.91615676879883
2016-03-14,37.18230056762695
2016-03-15,37.19865036010742
2016-03-16,37.53517150878906
2016-03-17,37.590667724609375
2016-03-18,37.43852233886719
2016-03-21,37.7730598449707
2016-03-22,37.668487548828125
2016-03-23,37.545074462890625
2016-03-24,37.410274505615234
2016-03-28,37.33295440673828
2016-03-29,37.95791244506836
2016-03-30,38.07933807373047
2016-03-31,37.80973434448242
2016-04-01,38.145263671875
2016-04-04,37.91975402832031
2016-04-05,37.59513473510742
2016-04-06,38.06595230102539
2016-04-07,37.67195510864258
2016-04-08,37.63973617553711
2016-04-11,37.54408264160156
2016-04-12,37.88011169433594
2016-04-13,38.25627517700195
2016-04-14,38.428749084472656
2016-04-15,38.6572151184082
2016-04-18,39.037837982177734
2016-04-19,38.47136688232422
2016-04-20,38.40544891357422
2016-04-21,38.6572151184082
2016-04-22,36.564273834228516
2016-04-25,36.78431701660156
2016-04-26,35.94972229003906
2016-04-27,35.75594711303711
2016-04-28,34.94314956665039
2016-04-29,35.082908630371094
2016-05-02,35.40654373168945
2016-05-03,35.11067199707031
2016-05-04,35.25587844848633
2016-05-05,35.421409606933594
2016-05-06,35.9403076171875
2016-05-09,36.13607406616211
2016-05-10,36.644073486328125
2016-05-11,36.20644760131836
2016-05-12,36.08354187011719
2016-05-13,35.92295837402344
2016-05-16,36.194061279296875
2016-05-17,35.6930046081543
2016-05-18,35.77180480957031
2016-05-19,35.45114517211914
2016-05-20,35.76833724975586
2016-05-23,35.54729461669922
2016-05-24,36.32936096191406
2016-05-25,36.58062744140625
2016-05-26,36.52264404296875
2016-05-27,37.051456451416016
2016-05-31,37.1134147644043
2016-06-01,37.09408187866211
2016-06-02,36.886417388916016
2016-06-03,36.46961975097656
2016-06-06,36.18216323852539
2016-06-07,36.23320770263672
2016-06-08,36.820011138916016
2016-06-09,36.7996940612793
2016-06-10,36.3372917175293
2016-06-13,36.272369384765625
2016-06-14,36.34026336669922
2016-06-15,36.2877311706543
2016-06-16,35.894222259521484
2016-06-17,34.90300369262695
2016-06-20,34.99618148803711
2016-06-21,35.13247299194336
2016-06-22,35.211273193359375
2016-06-23,35.42934036254883
2016-06-24,33.9588737487793
2016-06-27,33.757667541503906
2016-06-28,34.25921630859375
2016-06-29,34.4539909362793
2016-06-30,34.8673210144043
2016-07-01,35.20037078857422
2016-07-05,34.934722900390625
2016-07-06,35.136932373046875
2016-07-07,35.05218505859375
2016-07-08,35.57356262207031
2016-07-11,36.04042434692383
2016-07-12,36.3035888671875
2016-07-13,36.153419494628906
2016-07-14,36.46664047241211
2016-07-15,36.45821762084961
2016-07-18,37.32899856567383
2016-07-19,37.33940124511719
2016-07-20,37.52128601074219
2016-07-21,37.38896560668945
2016-07-22,37.63031768798828
2016-07-25,37.54309844970703
2016-07-26,37.54954147338867
2016-07-27,37.763641357421875
2016-07-28,37.955440521240234
2016-07-29,39.21923828125
2016-08-01,39.69501495361328
2016-08-02,39.65436935424805
2016-08-03,39.59489822387695
2016-08-04,39.51213836669922
2016-08-05,39.99188232421875
2016-08-08,39.90763473510742
2016-08-09,40.01913833618164
2016-08-10,40.06919860839844
2016-08-11,40.05482864379883
2016-08-12,39.997825622558594
2016-08-15,39.943809509277344
2016-08-16,39.70740509033203
2016-08-17,39.91704559326172
2016-08-18,39.78472137451172
2016-08-19,39.63107681274414
2016-08-22,39.49726486206055
2016-08-23,39.47941589355469
2016-08-24,39.33123779296875
2016-08-25,39.217254638671875
2016-08-26,39.312408447265625
2016-08-29,39.44126510620117
2016-08-30,39.24797439575195
2016-08-31,39.1453857421875
2016-09-01,39.222206115722656
2016-09-02,39.49330139160156
2016-09-06,40.04590606689453
2016-09-07,40.04441452026367
2016-09-08,39.789180755615234
2016-09-09,39.07749557495117
2016-09-12,39.58995056152344
2016-09-13,39.089385986328125
2016-09-14,39.175621032714844
2016-09-15,39.70939254760742
2016-09-16,39.547821044921875
2016-09-19,39.41994857788086
2016-09-20,39.63751983642578
2016-09-21,39.8977165222168
2016-09-22,40.43892288208008
2016-09-23,40.38985824584961
2016-09-26,39.77976608276367
2016-09-27,40.18021011352539
2016-09-28,40.14699935913086
2016-09-29,39.77927780151367
2016-09-30,39.84964370727539
2016-10-03,39.667259216308594
2016-10-04,39.78669738769531
2016-10-05,39.70939254760742
2016-10-06,39.80107498168945
2016-10-07,39.68361282348633
2016-10-10,40.35070037841797
2016-10-11,40.12273025512695
2016-10-12,40.23175811767578
2016-10-13,39.85063552856445
2016-10-14,39.876407623291016
2016-10-17,39.987422943115234
2016-10-18,40.7134895324707
2016-10-19,40.97863006591797
2016-10-20,40.72041702270508
2016-10-21,40.840850830078125
2016-10-24,41.41971969604492
2016-10-25,41.063385009765625
2016-10-26,40.74371337890625
2016-10-27,40.50830841064453
2016-10-28,40.61783218383789
2016-10-31,40.13908386230469
2016-11-01,39.920021057128906
2016-11-02,39.074520111083984
2016-11-03,38.7657585144043
2016-11-04,38.711734771728516
2016-11-07,39.74904251098633
2016-11-08,40.24216079711914
2016-11-09,39.925472259521484
2016-11-10,38.671592712402344
2016-11-11,38.24834442138672
2016-11-14,37.32998275756836
2016-11-15,38.41734313964844
2016-11-16,38.656227111816406
2016-11-17,38.9625129699707
2016-11-18,38.457489013671875
2016-11-21,38.895111083984375
2016-11-22,38.90502166748047
2016-11-23,38.60765838623047
2016-11-25,38.66861343383789
2016-11-28,38.944175720214844
2016-11-29,39.12507247924805
2016-11-30,38.45302963256836
2016-12-01,37.88059997558594
2016-12-02,37.88705062866211
2016-12-05,38.56900405883789
2016-12-06,38.4678955078125
2016-12-07,39.225677490234375
2016-12-08,39.409053802490234
2016-12-09,40.11677169799805
2016-12-12,40.03995895385742
2016-12-13,40.4086799621582
2016-12-14,40.53506851196289
2016-12-15,40.42405319213867
2016-12-16,40.1361083984375
2016-12-19,40.26793670654297
2016-12-20,40.40174102783203
2016-12-21,40.25306701660156
2016-12-22,40.128177642822266
2016-12-23,40.03499984741211
2016-12-27,40.140560150146484
2016-12-28,39.87492370605469
2016-12-29,39.791168212890625
2016-12-30,39.27424621582031
2017-01-03,40.045406341552734
2017-01-04,40.03351974487305
2017-01-05,40.29370880126953
2017-01-06,40.897850036621094
2017-01-09,40.995479583740234
2017-01-10,40.937496185302734
2017-01-11,41.1283073425293
2017-01-12,41.11195373535156
2017-01-13,41.18183135986328
2017-01-17,41.00936508178711
2017-01-18,41.08667755126953
2017-01-19,40.85621643066406
2017-01-20,41.044551849365234
2017-01-23,41.850406646728516
2017-01-24,42.10316467285156
2017-01-25,42.54524230957031
2017-01-26,42.47238540649414
2017-01-27,41.8801383972168
2017-01-30,40.8294563293457
2017-01-31,40.64905548095703
2017-02-01,40.40373611450195
2017-02-02,40.55339813232422
2017-02-03,40.64607620239258
2017-02-06,40.71992874145508
2017-02-07,41.09708023071289
2017-02-08,41.129302978515625
2017-02-09,41.138221740722656
2017-02-10,41.375614166259766
2017-02-13,41.57931137084961
2017-02-14,41.63233184814453
2017-02-15,41.498023986816406
2017-02-16,41.738399505615234
2017-02-17,41.95546340942383
2017-02-21,42.09027862548828
2017-02-22,42.19385528564453
2017-02-23,42.17601776123047
2017-02-24,42.017921447753906
2017-02-27,42.110111236572266
2017-02-28,41.87518310546875
2017-03-01,42.46099090576172
2017-03-02,42.119014739990234
2017-03-03,42.08086013793945
2017-03-06,41.99115753173828
2017-03-07,42.18344497680664
2017-03-08,42.306854248046875
2017-03-09,42.51500701904297
2017-03-10,42.69194030761719
2017-03-13,42.84904861450195
2017-03-14,42.91496658325195
2017-03-15,43.03787612915039
2017-03-16,43.117671966552734
2017-03-17,43.2351188659668
2017-03-20,43.01408386230469
2017-03-21,42.13339614868164
2017-03-22,42.116546630859375
2017-03-23,41.613502502441406
2017-03-24,41.389984130859375
2017-03-27,41.557003021240234
2017-03-28,41.66207504272461
2017-03-29,42.12001419067383
2017-03-30,42.100685119628906
2017-03-31,42.017425537109375
2017-04-03,42.46099090576172
2017-04-04,42.25382614135742
2017-04-05,42.07242965698242
2017-04-06,41.88361358642578
2017-04-07,41.734920501708984
2017-04-10,41.71510314941406
2017-04-11,41.62490463256836
2017-04-12,41.70320510864258
2017-04-13,41.6397705078125
2017-04-17,42.38070297241211
2017-04-18,42.32420349121094
2017-04-19,42.449092864990234
2017-04-20,42.626033782958984
2017-04-21,42.57001495361328
2017-04-24,43.560245513916016
2017-04-25,44.05138397216797
2017-04-26,44.066253662109375
2017-04-27,44.180240631103516
2017-04-28,45.819705963134766
2017-05-01,46.23105239868164
2017-05-02,46.44268035888672
2017-05-03,47.00569534301758
2017-05-04,47.316436767578125
2017-05-05,47.09638977050781
2017-05-08,47.513187408447266
2017-05-09,47.41506576538086
2017-05-10,47.32238006591797
2017-05-11,47.37441635131836
2017-05-12,47.337249755859375
2017-05-15,47.53944778442383
2017-05-16,47.806583404541016
2017-05-17,46.6944465637207
2017-05-18,47.1072883605957
2017-05-19,47.312965393066406
2017-05-22,47.77982711791992
2017-05-23,48.100975036621094
2017-05-24,48.450870513916016
2017-05-25,49.15711212158203
2017-05-26,49.22699737548828
2017-05-30,49.3707160949707
2017-05-31,48.920711517333984
2017-06-01,48.98019027709961
2017-06-02,49.36824417114258
2017-06-05,49.75282669067383
2017-06-06,49.39599609375
2017-06-07,49.6348762512207
2017-06-08,49.77265548706055
2017-06-09,48.07966995239258
2017-06-12,47.66781997680664
2017-06-13,48.0984992980957
2017-06-14,47.971134185791016
2017-06-15,47.5870361328125
2017-06-16,47.50971603393555
2017-06-19,48.332427978515625
2017-06-20,48.02366638183594
2017-06-21,48.49945068359375
2017-06-22,48.40181350708008
2017-06-23,48.87115478515625
2017-06-26,48.17729568481445
2017-06-27,46.98784637451172
2017-06-28,47.62816619873047
2017-06-29,46.478858947753906
2017-06-30,46.075439453125
2017-07-03,45.568931579589844
2017-07-05,46.203304290771484
2017-07-06,45.976810455322266
2017-07-07,46.62704849243164
2017-07-10,47.13207244873047
2017-07-11,47.25746536254883
2017-07-12,47.95774841308594
2017-07-13,48.01673126220703
2017-07-14,48.41618347167969
2017-07-17,48.36909866333008
2017-07-18,48.91376876831055
2017-07-19,49.202213287353516
2017-07-20,49.173465728759766
2017-07-21,49.255245208740234
2017-07-24,49.47677993774414
2017-07-25,48.02564239501953
2017-07-26,47.841278076171875
2017-07-27,47.206905364990234
2017-07-28,47.49535369873047
2017-07-31,46.85948944091797
2017-08-01,46.91201400756836
2017-08-02,46.96554183959961
2017-08-03,46.60176467895508
2017-08-04,46.873863220214844
2017-08-07,46.87186813354492
2017-08-08,46.7945671081543
2017-08-09,46.59086608886719
2017-08-10,45.773616790771484
2017-08-11,46.09575653076172
2017-08-14,46.53387451171875
2017-08-15,46.49174880981445
2017-08-16,46.79853439331055
2017-08-17,45.97532653808594
2017-08-18,45.9019775390625
2017-08-21,45.6388053894043
2017-08-22,46.60673141479492
2017-08-23,46.71477127075195
2017-08-24,46.432769775390625
2017-08-25,46.116085052490234
2017-08-28,45.998619079589844
2017-08-29,46.37626647949219
2017-08-30,46.76680374145508
2017-08-31,47.34220504760742
2017-09-01,47.18113708496094
2017-09-05,46.66025161743164
2017-09-06,46.68701934814453
2017-09-07,47.077056884765625
2017-09-08,46.656776428222656
2017-09-11,46.74995803833008
2017-09-12,46.91648483276367
2017-09-13,47.104312896728516
2017-09-14,46.593345642089844
2017-09-15,46.35347366333008
2017-09-18,46.07890319824219
2017-09-19,46.43128204345703
2017-09-20,46.96058654785156
2017-09-21,46.961082458496094
2017-09-22,46.748470306396484
2017-09-25,46.30341339111328
2017-09-26,46.459537506103516
2017-09-27,47.57315444946289
2017-09-28,47.81650161743164
2017-09-29,48.258087158203125
2017-10-02,47.948333740234375
2017-10-03,48.17679977416992
2017-10-04,47.91413879394531
2017-10-05,48.82654571533203
2017-10-06,49.24532699584961
2017-10-09,49.17941665649414
2017-10-10,48.955894470214844
2017-10-11,49.84055709838867
2017-10-12,49.84055709838867
2017-10-13,49.9505729675293
2017-10-16,50.023929595947266
2017-10-17,50.1057014465332
2017-10-18,50.19193649291992
2017-10-19,49.65172576904297
2017-10-20,49.811805725097656
2017-10-23,48.84388732910156
2017-10-24,48.99009323120117
2017-10-25,49.137290954589844
2017-10-26,49.13530731201172
2017-10-27,51.2292366027832
2017-10-30,51.202476501464844
2017-10-31,51.198020935058594
2017-11-01,51.671817779541016
2017-11-02,51.69015121459961
2017-11-03,52.03806686401367
2017-11-06,51.67578125
2017-11-07,52.15700912475586
2017-11-08,52.44942092895508
2017-11-09,51.925567626953125
2017-11-10,51.748634338378906
2017-11-13,51.60243225097656
2017-11-14,51.62424087524414
2017-11-15,51.36503601074219
2017-11-16,51.96273422241211
2017-11-17,51.339263916015625
2017-11-20,51.27830505371094
2017-11-21,52.05343246459961
2017-11-22,52.13371658325195
2017-11-24,52.3616943359375
2017-11-27,53.129390716552734
2017-11-28,52.697227478027344
2017-11-29,51.41310501098633
2017-11-30,51.353145599365234
2017-12-01,50.80302047729492
2017-12-04,50.14881134033203
2017-12-05,50.531917572021484
2017-12-06,51.182151794433594
2017-12-07,51.76945114135742
2017-12-08,52.00783157348633
2017-12-11,52.13619613647461
2017-12-12,51.977603912353516
2017-12-13,52.107452392578125
2017-12-14,52.408782958984375
2017-12-15,53.12889099121094
2017-12-18,53.77764129638672
2017-12-19,53.51447296142578
2017-12-20,53.206207275390625
2017-12-21,53.0718994140625
2017-12-22,52.97328186035156
2017-12-26,52.8240966796875
2017-12-27,52.5440788269043
2017-12-28,52.33345031738281
2017-12-29,52.207069396972656
2018-01-02,53.188865661621094
2018-01-03,54.096309661865234
2018-01-04,54.30644989013672
2018-01-05,55.02656555175781
2018-01-08,55.22084045410156
2018-01-09,55.15046691894531
2018-01-10,55.019134521484375
2018-01-11,55.11379623413086
2018-01-12,56.035621643066406
2018-01-16,56.0380973815918
2018-01-17,56.454410552978516
2018-01-18,56.299278259277344
2018-01-19,56.6724739074707
2018-01-22,57.69639205932617
2018-01-23,58.2916145324707
2018-01-24,58.04976272583008
2018-01-25,58.58749008178711
2018-01-26,58.85610580444336
2018-01-29,58.802589416503906
2018-01-30,58.35108184814453
2018-01-31,58.59145736694336
2018-02-01,58.56023025512695
2018-02-02,55.46814727783203
2018-02-05,52.65261459350586
2018-02-06,53.74493408203125
2018-02-07,52.30668640136719
2018-02-08,49.942657470703125
2018-02-09,51.853702545166016
2018-02-12,52.264564514160156
2018-02-13,52.24374771118164
2018-02-14,53.163578033447266
2018-02-15,54.0883903503418
2018-02-16,54.29357147216797
2018-02-20,54.694515228271484
2018-02-21,55.19804763793945
2018-02-22,55.007240295410156
2018-02-23,55.90874099731445
2018-02-26,56.68238830566406
2018-02-27,55.3843994140625
2018-02-28,54.71086120605469
2018-03-01,53.09965515136719
2018-03-02,53.73055648803711
2018-03-05,54.25688934326172
2018-03-06,54.561195373535156
2018-03-07,55.26197814941406
2018-03-08,55.97268295288086
2018-03-09,57.53185272216797
2018-03-12,57.784114837646484
2018-03-13,56.49454879760742
2018-03-14,56.93960189819336
2018-03-15,57.024845123291016
2018-03-16,56.22246170043945
2018-03-19,54.52006149291992
2018-03-20,54.30843734741211
2018-03-21,54.2192268371582
2018-03-22,52.194679260253906
2018-03-23,50.876365661621094
2018-03-26,52.24126052856445
2018-03-27,49.904483795166016
2018-03-28,49.81725311279297
2018-03-29,51.40121078491211
2018-04-02,50.186485290527344
2018-04-03,50.48632049560547
2018-04-04,51.032989501953125
2018-04-05,51.17819595336914
2018-04-06,50.05366516113281
2018-04-09,50.556209564208984
2018-04-10,51.369503021240234
2018-04-11,50.80251693725586
2018-04-12,51.40864562988281
2018-04-13,51.346702575683594
2018-04-16,51.84528350830078
2018-04-17,53.49365997314453
2018-04-18,53.29690933227539
2018-04-19,53.99372482299805
2018-04-20,53.39255905151367
2018-04-23,53.21860122680664
2018-04-24,50.682594299316406
2018-04-25,50.69993209838867
2018-04-26,51.70699691772461
2018-04-27,51.11920928955078
2018-04-30,50.48137664794922
2018-05-01,51.58012771606445
2018-05-02,50.85158920288086
2018-05-03,50.863975524902344
2018-05-04,52.0881233215332
2018-05-07,52.507408142089844
2018-05-08,52.46428680419922
2018-05-09,53.96894073486328
2018-05-10,54.787681579589844
2018-05-11,54.68410110473633
2018-05-14,54.84368896484375
2018-05-15,53.76673889160156
2018-05-16,53.72808074951172
2018-05-17,53.587825775146484
2018-05-18,53.011924743652344
2018-05-21,53.724124908447266
2018-05-22,53.292930603027344
2018-05-23,53.820762634277344
2018-05-24,53.79548263549805
2018-05-25,53.72758102416992
2018-05-29,52.93412399291992
2018-05-30,53.39999008178711
2018-05-31,54.51659393310547
2018-06-01,56.2512092590332
2018-06-04,57.14527893066406
2018-06-05,57.045166015625
2018-06-06,56.84345245361328
2018-06-07,56.22246170043945
2018-06-08,56.137718200683594
2018-06-11,56.543617248535156
2018-06-12,56.904911041259766
2018-06-13,56.708648681640625
2018-06-14,57.49567413330078
2018-06-15,57.454044342041016
2018-06-18,58.65885543823242
2018-06-19,58.41651153564453
2018-06-20,58.68313980102539
2018-06-21,57.95806884765625
2018-06-22,57.95063781738281
2018-06-25,56.463321685791016
2018-06-26,56.13325119018555
2018-06-27,55.356143951416016
2018-06-28,55.84382629394531
2018-06-29,55.9632568359375
2018-07-02,56.60358428955078
2018-07-03,55.32343673706055
2018-07-05,56.56294250488281
2018-07-06,57.24638748168945
2018-07-09,57.85102462768555
2018-07-10,57.84408187866211
2018-07-11,58.058189392089844
2018-07-12,59.53508377075195
2018-07-13,59.69169998168945
2018-07-16,59.29967498779297
2018-07-17,60.12089157104492
2018-07-18,60.11247253417969
2018-07-19,59.428043365478516
2018-07-20,59.36758041381836
2018-07-23,60.01780700683594
2018-07-24,62.354591369628906
2018-07-25,63.23627853393555
2018-07-26,63.71007537841797
2018-07-27,62.093902587890625
2018-07-30,60.96144485473633
2018-07-31,60.82167434692383
2018-08-01,61.10764694213867
2018-08-02,61.51106262207031
2018-08-03,61.36387634277344
2018-08-06,61.33958435058594
2018-08-07,62.240108489990234
2018-08-08,62.5121955871582
2018-08-09,62.66731262207031
2018-08-10,62.07506561279297
2018-08-13,61.88326644897461
2018-08-14,62.354095458984375
2018-08-15,61.069480895996094
2018-08-16,60.66506576538086
2018-08-17,60.258174896240234
2018-08-20,60.56049346923828
2018-08-21,60.33548355102539
2018-08-22,60.55058288574219
2018-08-23,60.521339416503906
2018-08-24,61.29399108886719
2018-08-27,62.261409759521484
2018-08-28,61.745487213134766
2018-08-29,62.676719665527344
2018-08-30,62.17072677612305
2018-08-31,61.04866409301758
2018-09-04,60.033172607421875
2018-09-05,59.428043365478516
2018-09-06,58.67918014526367
2018-09-07,58.36199951171875
2018-09-10,58.23659896850586
2018-09-11,58.97654342651367
2018-09-12,58.065128326416016
2018-09-13,58.58749008178711
2018-09-14,58.38132095336914
2018-09-17,57.48179626464844
2018-09-18,57.842594146728516
2018-09-19,58.197452545166016
2018-09-20,59.054847717285156
2018-09-21,58.09089279174805
2018-09-24,58.459625244140625
2018-09-25,59.16982650756836
2018-09-26,59.178260803222656
2018-09-27,59.83740234375
2018-09-28,59.82353210449219
2018-10-01,59.89539337158203
2018-10-02,59.851287841796875
2018-10-03,60.04407501220703
2018-10-04,58.33622360229492
2018-10-05,57.87828063964844
2018-10-08,57.28801727294922
2018-10-09,56.755245208740234
2018-10-10,54.12803649902344
2018-10-11,54.05766296386719
2018-10-12,55.53456115722656
2018-10-15,54.63752365112305
2018-10-16,56.15605163574219
2018-10-17,55.88396453857422
2018-10-18,54.41300964355469
2018-10-19,54.7733154296875
2018-10-22,55.08009338378906
2018-10-23,55.25553894042969
2018-10-24,52.39142990112305
2018-10-25,54.694515228271484
2018-10-26,53.71123504638672
2018-10-29,51.281776428222656
2018-10-30,52.0142707824707
2018-10-31,54.04972457885742
2018-11-01,53.821754455566406
2018-11-02,53.103614807128906
2018-11-05,52.32254409790039
2018-11-06,53.008460998535156
2018-11-07,54.92496871948242
2018-11-08,54.25044631958008
2018-11-09,53.377689361572266
2018-11-12,52.0068473815918
2018-11-13,51.93795394897461
2018-11-14,52.26554489135742
2018-11-15,53.081809997558594
2018-11-16,52.94403839111328
2018-11-19,50.91948318481445
2018-11-20,51.06964874267578
2018-11-21,51.71295166015625
2018-11-23,51.052310943603516
2018-11-26,52.33295440673828
2018-11-27,52.15155792236328
2018-11-28,54.10969543457031
2018-11-29,54.24796676635742
2018-11-30,54.994842529296875
2018-12-03,55.327396392822266
2018-12-04,52.65658187866211
2018-12-06,53.43022537231445
2018-12-07,51.86906051635742
2018-12-10,52.196163177490234
2018-12-11,52.615943908691406
2018-12-12,53.21463394165039
2018-12-13,53.20521926879883
2018-12-14,52.12331008911133
2018-12-17,50.831756591796875
2018-12-18,51.71195983886719
2018-12-19,51.31795120239258
2018-12-20,50.72917556762695
2018-12-21,49.12688064575195
2018-12-24,48.800777435302734
2018-12-26,51.932010650634766
2018-12-27,52.182289123535156
2018-12-28,51.8740234375
2018-12-31,51.788780212402344
2019-01-02,52.2705078125
2019-01-03,50.82284164428711
2019-01-04,53.429725646972656
2019-01-07,53.323177337646484
2019-01-08,53.7915153503418
2019-01-09,53.60715103149414
2019-01-10,53.46738815307617
2019-01-11,52.755706787109375
2019-01-14,52.11339569091797
2019-01-15,53.8480110168457
2019-01-16,53.99669647216797
2019-01-17,54.47297286987305
2019-01-18,54.878379821777344
2019-01-22,53.45747756958008
2019-01-23,53.74394607543945
2019-01-24,53.72362518310547
2019-01-25,54.5914306640625
2019-01-28,53.51844024658203
2019-01-29,53.03274917602539
2019-01-30,54.41697692871094
2019-01-31,55.799705505371094
2019-02-01,55.43940734863281
2019-02-04,56.56938552856445
2019-02-05,57.0872917175293
2019-02-06,55.65102767944336
2019-02-07,54.80949401855469
2019-02-08,54.63454055786133
2019-02-11,54.62165451049805
2019-02-12,55.88346862792969
2019-02-13,55.935508728027344
2019-02-14,55.96375274658203
2019-02-15,55.48945999145508
2019-02-19,55.8304443359375
2019-02-20,55.53704071044922
2019-02-21,54.72523880004883
2019-02-22,55.337310791015625
2019-02-25,55.37546920776367
2019-02-26,55.607418060302734
2019-02-27,55.65102767944336
2019-02-28,55.83241653442383
2019-03-01,56.921268463134766
2019-03-04,57.16411209106445
2019-03-05,57.945682525634766
2019-03-06,57.73505401611328
2019-03-07,57.03673553466797
2019-03-08,56.993133544921875
2019-03-11,58.44476318359375
2019-03-12,59.33634567260742
2019-03-13,59.42605209350586
2019-03-14,59.1024284362793
2019-03-15,58.99190902709961
2019-03-18,58.90517807006836
2019-03-19,59.594566345214844
2019-03-20,60.782527923583984
2019-03-21,61.26325988769531
2019-03-22,59.851783752441406
2019-03-25,59.34278869628906
2019-03-26,58.96910858154297
2019-03-27,58.38280487060547
2019-03-28,58.09832763671875
2019-03-29,58.32730484008789
2019-04-01,59.42209243774414
2019-04-02,59.74721145629883
2019-04-03,60.008392333984375
2019-04-04,60.43659973144531
2019-04-05,60.04011535644531
2019-04-08,59.88300323486328
2019-04-09,59.605960845947266
2019-04-10,59.79231262207031
2019-04-11,59.94792175292969
2019-04-12,60.59915542602539
2019-04-15,60.78748321533203
2019-04-16,61.05412292480469
2019-04-17,61.46200180053711
2019-04-18,61.527915954589844
2019-04-22,62.137020111083984
2019-04-23,62.97112274169922
2019-04-24,62.44874954223633
2019-04-25,62.81005096435547
2019-04-26,63.30961990356445
2019-04-29,64.24036407470703
2019-04-30,59.421104431152344
2019-05-01,58.150367736816406
2019-05-02,57.81285858154297
2019-05-03,58.95473861694336
2019-05-06,59.14851760864258
2019-05-07,58.4249382019043
2019-05-08,58.02448654174805
2019-05-09,57.88521194458008
2019-05-10,57.86886215209961
2019-05-13,56.33000564575195
2019-05-14,55.7486572265625
2019-05-15,58.025474548339844
2019-05-16,58.704444885253906
2019-05-17,57.92536163330078
2019-05-20,56.7299690246582
2019-05-21,57.214664459228516
2019-05-22,57.2845458984375
2019-05-23,56.7636604309082
2019-05-24,56.43012619018555
2019-05-28,56.477203369140625
2019-05-29,55.50482177734375
2019-05-30,55.57767868041992
2019-05-31,54.8387336730957
2019-06-03,51.48051071166992
2019-06-04,52.26109313964844
2019-06-05,51.772918701171875
2019-06-06,51.92754364013672
2019-06-07,52.9489860534668
2019-06-10,53.662166595458984
2019-06-11,53.57691955566406
2019-06-12,53.480770111083984
2019-06-13,54.07103729248047
2019-06-14,53.837608337402344
2019-06-17,54.21377944946289
2019-06-18,54.77629089355469
2019-06-19,54.74010467529297
2019-06-20,55.17078399658203
2019-06-21,55.77394104003906
2019-06-24,55.34424591064453
2019-06-25,53.90104675292969
2019-06-26,53.54123306274414
2019-06-27,53.358360290527344
2019-06-28,53.664154052734375
2019-07-01,54.51659393310547
2019-07-02,55.14105224609375
2019-07-03,55.65599060058594
2019-07-05,56.1357307434082
2019-07-08,55.34870910644531
2019-07-09,55.72040939331055
2019-07-10,56.54411697387695
2019-07-11,56.70121383666992
2019-07-12,56.7636604309082
2019-07-15,57.019893646240234
2019-07-16,57.166099548339844
2019-07-17,56.83304977416992
2019-07-18,56.85783004760742
2019-07-19,56.080223083496094
2019-07-22,56.45985412597656
2019-07-23,56.89796829223633
2019-07-24,56.48563003540039
2019-07-25,56.297794342041016
2019-07-26,61.713768005371094
2019-07-29,61.546260833740234
2019-07-30,60.86033630371094
2019-07-31,60.37464141845703
2019-08-01,60.05646896362305
2019-08-02,59.290260314941406
2019-08-05,57.23002624511719
2019-08-06,58.03935241699219
2019-08-07,58.27873229980469
2019-08-08,59.779422760009766
2019-08-09,58.922523498535156
2019-08-12,58.20884323120117
2019-08-13,59.31058120727539
2019-08-14,57.70085144042969
2019-08-15,57.95212936401367
2019-08-16,58.44227981567383
2019-08-19,59.49444580078125
2019-08-20,58.6563835144043
2019-08-21,59.05534362792969
2019-08-22,59.052371978759766
2019-08-23,57.17203903198242
2019-08-26,58.04430389404297
2019-08-27,58.026466369628906
2019-08-28,58.17168045043945
2019-08-29,59.18717575073242
2019-08-30,59.00330352783203
2019-09-03,57.96352767944336
2019-09-04,58.59393310546875
2019-09-05,60.0767822265625
2019-09-06,59.78587341308594
2019-09-09,59.733829498291016
2019-09-10,59.75514221191406
2019-09-11,60.46385192871094
2019-09-12,61.20577621459961
2019-09-13,61.4565544128418
2019-09-16,61.04024887084961
2019-09-17,60.95350646972656
2019-09-18,61.090797424316406
2019-09-19,61.39311599731445
2019-09-20,60.951534271240234
2019-09-23,61.19189453125
2019-09-24,60.38108444213867
2019-09-25,61.74945831298828
2019-09-26,61.56855392456055
2019-09-27,60.75873565673828
2019-09-30,60.520347595214844
2019-10-01,59.77000427246094
2019-10-02,58.37834548950195
2019-10-03,58.948787689208984
2019-10-04,60.01582336425781
2019-10-07,59.88151168823242
2019-10-08,58.98347854614258
2019-10-09,59.591583251953125
2019-10-10,59.941978454589844
2019-10-11,60.251243591308594
2019-10-14,60.35334014892578
2019-10-15,61.56608200073242
2019-10-16,61.6037483215332
2019-10-17,62.089439392089844
2019-10-18,61.67362594604492
2019-10-21,61.667179107666016
2019-10-22,61.51454162597656
2019-10-23,62.328819274902344
2019-10-24,62.40216827392578
2019-10-25,62.65938186645508
2019-10-28,63.882537841796875
2019-10-29,62.478981018066406
2019-10-30,62.48097229003906
2019-10-31,62.38679885864258
2019-11-01,63.05338668823242
2019-11-04,63.913753509521484
2019-11-05,64.00445556640625
2019-11-06,63.983150482177734
2019-11-07,64.77265167236328
2019-11-08,64.8747329711914
2019-11-11,64.34345245361328
2019-11-12,64.29042053222656
2019-11-13,64.2393798828125
2019-11-14,64.88217163085938
2019-11-15,66.09095764160156
2019-11-18,65.41197967529297
2019-11-19,65.05266571044922
2019-11-20,64.52088165283203
2019-11-21,64.43563842773438
2019-11-22,64.11497497558594
2019-11-25,64.70820617675781
2019-11-26,65.0729751586914
2019-11-27,65.02986145019531
2019-11-29,64.63140106201172
2019-12-02,63.876590728759766
2019-12-03,64.16799926757812
2019-12-04,65.36737823486328
2019-12-05,65.76485443115234
2019-12-06,66.38087463378906
2019-12-09,66.55929565429688
2019-12-10,66.5543441772461
2019-12-11,66.62174987792969
2019-12-12,66.83187866210938
2019-12-13,66.75160217285156
2019-12-16,67.43702697753906
2019-12-17,67.14907836914062
2019-12-18,67.00138092041016
2019-12-19,67.22590637207031
2019-12-20,66.96719360351562
2019-12-23,66.93794250488281
2019-12-24,66.63067626953125
2019-12-26,67.52474212646484
2019-12-27,67.13668823242188
2019-12-30,66.39673614501953
2019-12-31,66.38087463378906
2020-01-02,67.83251190185547
2020-01-03,67.47765350341797
2020-01-06,69.2762222290039
2020-01-07,69.14240264892578
2020-01-08,69.63453674316406
2020-01-09,70.36555480957031
2020-01-10,70.82002258300781
2020-01-13,71.36865997314453
2020-01-14,70.90081024169922
2020-01-15,71.32752227783203
2020-01-16,71.87071228027344
2020-01-17,73.32579040527344
2020-01-21,73.46111297607422
2020-01-22,73.54138946533203
2020-01-23,73.58201599121094
2020-01-24,72.6641616821289
2020-01-27,70.95731353759766
2020-01-28,71.88756561279297
2020-01-29,72.19482421875
2020-01-30,72.07341003417969
2020-01-31,71.00934600830078
2020-02-03,73.47843933105469
2020-02-04,71.63529205322266
2020-02-05,71.6669921875
2020-02-06,73.14987182617188
2020-02-07,73.30547332763672
2020-02-10,74.77000427246094
2020-02-11,74.83938598632812
2020-02-12,75.26412963867188
2020-02-13,75.00442504882812
2020-02-14,75.26907348632812
2020-02-18,75.30426788330078
2020-02-19,75.5733642578125
2020-02-20,75.18283081054688
2020-02-21,73.52107238769531
2020-02-24,70.36901092529297
2020-02-25,68.70677185058594
2020-02-26,68.91243743896484
2020-02-27,65.16963195800781
2020-02-28,66.37394714355469
2020-03-02,68.70677185058594
2020-03-03,66.2981185913086
2020-03-04,68.47284698486328
2020-03-05,65.16020965576172
2020-03-06,64.21756744384766
2020-03-09,60.25520324707031
2020-03-10,63.1981086730957
2020-03-11,60.012855529785156
2020-03-12,55.08900833129883
2020-03-13,60.179874420166016
2020-03-16,53.17845916748047
2020-03-17,55.411651611328125
2020-03-18,54.079959869384766
2020-03-19,55.09495544433594
2020-03-20,52.94106674194336
2020-03-23,52.243247985839844
2020-03-24,56.00389862060547
2020-03-25,54.59688186645508
2020-03-26,57.63493728637695
2020-03-27,55.025081634521484
2020-03-30,56.811737060546875
2020-03-31,57.58686828613281
2020-04-01,54.62066650390625
2020-04-02,55.36060333251953
2020-04-03,54.15479278564453
2020-04-06,58.63953399658203
2020-04-07,58.608306884765625
2020-04-08,59.81956481933594
2020-04-09,59.79825973510742
2020-04-13,59.988563537597656
2020-04-14,62.70547866821289
2020-04-15,62.312461853027344
2020-04-16,62.318904876708984
2020-04-17,63.3879280090332
2020-04-20,62.50326919555664
2020-04-21,60.07529830932617
2020-04-22,62.36748123168945
2020-04-23,62.99986267089844
2020-04-24,63.268978118896484
2020-04-27,62.984500885009766
2020-04-28,61.087825775146484
2020-04-29,66.51915740966797
2020-04-30,66.74317169189453
2020-05-01,65.28707885742188
2020-05-04,65.56364440917969
2020-05-05,66.85814666748047
2020-05-06,66.68022155761719
2020-05-07,67.86225128173828
2020-05-08,68.60862731933594
2020-05-11,69.56266021728516
2020-05-12,68.15465545654297
2020-05-13,66.8239517211914
2020-05-14,67.24671173095703
2020-05-15,68.0495834350586
2020-05-18,68.6502685546875
2020-05-19,68.11601257324219
2020-05-20,69.83871459960938
2020-05-21,69.71927642822266
2020-05-22,70.04093933105469
2020-05-26,70.44385528564453
2020-05-27,70.38983917236328
2020-05-28,70.28874206542969
2020-05-29,71.04602813720703
2020-06-01,71.11292266845703
2020-06-02,71.48165130615234
2020-06-03,71.32999420166016
2020-06-04,70.09346771240234
2020-06-05,71.3681640625
2020-06-08,71.76563262939453
2020-06-09,71.96585845947266
2020-06-10,72.59130859375
2020-06-11,69.47891235351562
2020-06-12,70.02507781982422
2020-06-15,70.41263580322266
2020-06-16,71.68783569335938
2020-06-17,71.98866271972656
2020-06-18,71.07575225830078
2020-06-19,70.60591888427734
2020-06-22,71.89549255371094
2020-06-23,72.5556411743164
2020-06-24,71.00537109375
2020-06-25,71.42168426513672
2020-06-26,67.52821350097656
2020-06-29,69.24449157714844
2020-06-30,70.27931213378906
2020-07-01,71.46629333496094
2020-07-02,72.85050964355469
2020-07-06,74.32345581054688
2020-07-07,73.84123229980469
2020-07-08,74.51922607421875
2020-07-09,75.26560974121094
2020-07-10,76.27416229248047
2020-07-13,74.94692993164062
2020-07-14,75.37464141845703
2020-07-15,75.1773910522461
2020-07-16,75.08026123046875
2020-07-17,75.17588806152344
2020-07-20,77.50475311279297
2020-07-21,77.11222076416016
2020-07-22,77.5548095703125
2020-07-23,75.17094421386719
2020-07-24,74.7477035522461
2020-07-27,75.79936981201172
2020-07-28,74.52169799804688
2020-07-29,75.50596618652344
2020-07-30,76.24244689941406
2020-07-31,73.74360656738281
2020-08-03,73.48637390136719
2020-08-04,73.01754760742188
2020-08-05,73.30448150634766
2020-08-06,74.58612823486328
2020-08-07,74.2600326538086
2020-08-10,74.18318939208984
2020-08-11,73.37635040283203
2020-08-12,74.69961547851562
2020-08-13,75.1659927368164
2020-08-14,74.57026672363281
2020-08-17,75.14567565917969
2020-08-18,77.10529327392578
2020-08-19,76.55169677734375
2020-08-20,78.11978912353516
2020-08-21,78.08609771728516
2020-08-24,78.56088256835938
2020-08-25,79.58677673339844
2020-08-26,81.48395538330078
2020-08-27,80.71031951904297
2020-08-28,81.25101470947266
2020-08-31,80.76038360595703
2020-09-01,82.02664184570312
2020-09-02,85.11476135253906
2020-09-03,80.75938415527344
2020-09-04,78.36560821533203
2020-09-08,75.51042938232422
2020-09-09,76.68154907226562
2020-09-10,75.63185119628906
2020-09-11,75.12187194824219
2020-09-14,74.7784194946289
2020-09-15,76.08135986328125
2020-09-16,74.93999481201172
2020-09-17,73.69850158691406
2020-09-18,71.91680145263672
2020-09-21,70.87850189208984
2020-09-22,72.34945678710938
2020-09-23,69.8501205444336
2020-09-24,70.51770782470703
2020-09-25,71.32058715820312
2020-09-28,72.29196166992188
2020-09-29,72.65673828125
2020-09-30,72.63591766357422
2020-10-01,73.7411117553711
2020-10-02,72.14031982421875
2020-10-05,73.4898452758789
2020-10-06,71.91332244873047
2020-10-07,72.31575775146484
2020-10-08,73.51958465576172
2020-10-09,74.85870361328125
2020-10-12,77.54192352294922
2020-10-13,77.6648178100586
2020-10-14,77.48491668701172
2020-10-15,77.08992767333984
2020-10-16,77.69605255126953
2020-10-19,75.82514953613281
2020-10-20,76.87234497070312
2020-10-21,78.60250091552734
2020-10-22,79.6269302368164
2020-10-23,80.93136596679688
2020-10-26,78.51824951171875
2020-10-27,79.24134826660156
2020-10-28,74.87606811523438
2020-10-29,77.1598129272461
2020-10-30,80.09526824951172
2020-11-02,80.5021743774414
2020-11-03,81.55978393554688
2020-11-04,86.52526092529297
2020-11-05,87.35044860839844
2020-11-06,87.2131576538086
2020-11-09,87.29691314697266
2020-11-10,86.1223373413086
2020-11-11,86.59366607666016
2020-11-12,86.3750991821289
2020-11-13,87.83415222167969
2020-11-16,87.921875
2020-11-17,87.30880737304688
2020-11-18,86.26703643798828
2020-11-19,87.15567016601562
2020-11-20,86.05592346191406
2020-11-23,85.6187973022461
2020-11-24,87.41983795166016
2020-11-25,87.43122100830078
2020-11-27,88.565673828125
2020-11-30,86.94900512695312
2020-12-01,88.97899627685547
2020-12-02,90.44647979736328
2020-12-03,90.2913589477539
2020-12-04,90.38652801513672
2020-12-07,90.05297088623047
2020-12-08,89.77047729492188
2020-12-09,88.11168670654297
2020-12-10,87.60568237304688
2020-12-11,87.96002960205078
2020-12-14,86.84295654296875
2020-12-15,87.28007507324219
2020-12-16,87.08727264404297
2020-12-17,86.26061248779297
2020-12-18,85.55238342285156
2020-12-21,85.9657211303711
2020-12-22,85.25502014160156
2020-12-23,85.6520004272461
2020-12-24,85.9458999633789
2020-12-28,87.91840362548828
2020-12-29,87.11553192138672
2020-12-30,86.04947662353516
2020-12-31,86.86177825927734
2021-01-04,85.54793548583984
2021-01-05,86.2378158569336
2021-01-06,85.38684844970703
2021-01-07,87.9372329711914
2021-01-08,89.1014175415039
2021-01-11,87.04266357421875
2021-01-12,86.10796356201172
2021-01-13,86.59464263916016
2021-01-14,85.78533172607422
2021-01-15,85.62177276611328
2021-01-19,88.43930053710938
2021-01-20,93.1772689819336
2021-01-21,93.37947845458984
2021-01-22,93.79627990722656
2021-01-25,93.88152313232422
2021-01-26,94.55902099609375
2021-01-27,90.14765167236328
2021-01-28,91.8455810546875
2021-01-29,90.56494140625
2021-02-01,93.82157897949219
2021-02-02,95.11260223388672
2021-02-03,102.0392074584961
2021-02-04,101.77900695800781
2021-02-05,103.52352142333984
2021-02-08,103.30992126464844
2021-02-09,102.8574447631836
2021-02-10,103.40707397460938
2021-02-11,103.51956176757812
2021-02-12,103.830810546875
2021-02-16,104.607421875
2021-02-17,104.99993896484375
2021-02-18,104.36505126953125
2021-02-19,103.52253723144531
2021-02-22,101.81021881103516
2021-02-23,102.10064697265625
2021-02-24,103.27474212646484
2021-02-25,99.91156768798828
2021-02-26,100.20693969726562
2021-03-01,102.5734634399414
2021-03-02,102.31674194335938
2021-03-03,99.68656921386719
2021-03-04,100.80267333984375
2021-03-05,103.9319076538086
2021-03-08,99.4927749633789
2021-03-09,101.121337890625
2021-03-10,100.9146728515625
2021-03-11,104.10388946533203
2021-03-12,101.59909057617188
2021-03-15,101.81915283203125
2021-03-16,103.2787094116211
2021-03-17,103.1959228515625
2021-03-18,100.1786880493164
2021-03-19,100.45722198486328
2021-03-22,100.64207458496094
2021-03-23,101.16940307617188
2021-03-24,100.7332763671875
2021-03-25,100.72981262207031
2021-03-26,100.3467025756836
2021-03-29,101.39045715332031
2021-03-30,101.42415618896484
2021-03-31,102.21959686279297
2021-04-01,105.55303192138672
2021-04-05,109.97283935546875
2021-04-06,109.49210357666016
2021-04-07,110.967529296875
2021-04-08,111.53251647949219
2021-04-09,112.5356216430664
2021-04-12,111.24457550048828
2021-04-13,111.73075103759766
2021-04-14,111.1102523803711
2021-04-15,113.2582015991211
2021-04-16,113.13431549072266
2021-04-19,113.48171997070312
2021-04-20,112.94896697998047
2021-04-21,112.916259765625
2021-04-22,111.63609313964844
2021-04-23,113.98576354980469
2021-04-26,114.48137664794922
2021-04-27,113.54220581054688
2021-04-28,116.91529083251953
2021-04-29,118.58647155761719
2021-04-30,116.64073181152344
2021-05-03,116.12429809570312
2021-05-04,114.32772827148438
2021-05-05,114.72123718261719
2021-05-06,115.84032440185547
2021-05-07,116.56289672851562
2021-05-10,113.58035278320312
2021-05-11,112.50537872314453
2021-05-12,109.04557037353516
2021-05-13,110.47242736816406
2021-05-14,112.91773986816406
2021-05-17,113.44010162353516
2021-05-18,112.12922668457031
2021-05-19,112.57675170898438
2021-05-20,114.33368682861328
2021-05-21,113.69831085205078
2021-05-24,117.01441955566406
2021-05-25,117.1051025390625
2021-05-26,117.96942901611328
2021-05-27,117.09568786621094
2021-05-28,116.80674743652344
2021-06-01,118.0125503540039
2021-06-02,117.48770904541016
2021-06-03,116.3473129272461
2021-06-04,118.62661743164062
2021-06-07,119.05926513671875
2021-06-08,118.86796569824219
2021-06-09,119.33880615234375
2021-06-10,120.68634796142578
2021-06-11,120.4420166015625
2021-06-14,121.36930084228516
2021-06-15,120.3523178100586
2021-06-16,119.71099090576172
2021-06-17,120.67346954345703
2021-06-18,119.05531311035156
2021-06-21,120.74185943603516
2021-06-22,121.25531005859375
2021-06-23,121.05358123779297
2021-06-24,121.42329406738281
2021-06-25,121.4317398071289
2021-06-28,121.45899963378906
2021-06-29,121.19781494140625
2021-06-30,121.01641845703125
2021-07-01,121.36831665039062
2021-07-02,124.15657806396484
2021-07-06,125.08088684082031
2021-07-07,125.36238861083984
2021-07-08,123.94496154785156
2021-07-09,124.41527557373047
2021-07-12,125.85948944091797
2021-07-13,126.2222671508789
2021-07-14,127.10987854003906
2021-07-15,125.88870239257812
2021-07-16,125.8540267944336
2021-07-19,123.4830551147461
2021-07-20,125.10021209716797
2021-07-21,126.4279556274414
2021-07-22,127.29276275634766
2021-07-23,131.8459014892578
2021-07-26,132.85691833496094
2021-07-27,130.7406768798828
2021-07-28,134.89781188964844
2021-07-29,134.58412170410156
2021-07-30,133.54234313964844
2021-08-02,133.6692352294922
2021-08-03,134.43792724609375
2021-08-04,133.93783569335938
2021-08-05,135.05393981933594
2021-08-06,134.54542541503906
2021-08-09,135.70960998535156
2021-08-10,135.60455322265625
2021-08-11,135.08120727539062
2021-08-12,135.98814392089844
2021-08-13,136.5169677734375
2021-08-16,137.09385681152344
2021-08-17,135.46034240722656
2021-08-18,134.25851440429688
2021-08-19,134.4874725341797
2021-08-20,136.2216033935547
2021-08-23,138.81065368652344
2021-08-24,140.01991271972656
2021-08-25,140.83023071289062
2021-08-26,140.1973419189453
2021-08-27,142.73831176757812
2021-08-30,143.3196563720703
2021-08-31,143.42568969726562
2021-09-01,143.9391632080078
2021-09-02,142.02761840820312
2021-09-03,142.4761199951172
2021-09-07,143.0123748779297
2021-09-08,142.42803955078125
2021-09-09,142.27938842773438
2021-09-10,139.63778686523438
2021-09-13,141.0814971923828
2021-09-14,141.2916259765625
2021-09-15,143.1600799560547
2021-09-16,142.3477783203125
2021-09-17,139.56246948242188
2021-09-20,137.500244140625
2021-09-21,137.81100463867188
2021-09-22,139.05050659179688
2021-09-23,139.9748077392578
2021-09-24,140.96502685546875
2021-09-27,139.83209228515625
2021-09-28,134.6361541748047
2021-09-29,133.17262268066406
2021-09-30,132.50108337402344
2021-10-01,135.34286499023438
2021-10-04,132.4847412109375
2021-10-05,134.8274383544922
2021-10-06,136.3559112548828
2021-10-07,138.0012969970703
2021-10-08,138.556884765625
2021-10-11,137.6930389404297
2021-10-12,135.2497100830078
2021-10-13,136.37274169921875
2021-10-14,139.910400390625
2021-10-15,140.12547302246094
2021-10-18,141.5230712890625
2021-10-19,141.97805786132812
2021-10-20,140.52296447753906
2021-10-21,140.638916015625
2021-10-22,136.3573760986328
2021-10-25,136.2389373779297
2021-10-26,138.08409118652344
2021-10-27,144.9323272705078
2021-10-28,144.5670928955078
2021-10-29,146.7447967529297
2021-11-01,142.2357635498047
2021-11-02,144.15423583984375
2021-11-03,145.3095245361328
2021-11-04,146.96434020996094
2021-11-05,147.543701171875
2021-11-08,147.72113037109375
2021-11-09,147.60963439941406
2021-11-10,144.61119079589844
2021-11-11,144.48532104492188
2021-11-12,147.37123107910156
2021-11-15,147.14723205566406
2021-11-16,146.5762939453125
2021-11-17,146.7457733154297
2021-11-18,148.5215606689453
2021-11-19,147.6175537109375
2021-11-22,145.01612854003906
2021-11-23,144.50070190429688
2021-11-24,144.83570861816406
2021-11-26,140.93331909179688
2021-11-29,144.25140380859375
2021-11-30,140.65032958984375
2021-12-01,139.811767578125
2021-12-02,141.70941162109375
2021-12-03,140.75343322753906
2021-12-06,141.8967742919922
2021-12-07,145.97509765625
2021-12-08,146.88404846191406
2021-12-09,146.3408966064453
2021-12-10,146.70066833496094
2021-12-13,144.5447998046875
2021-12-14,142.6421661376953
2021-12-15,145.1538848876953
2021-12-16,143.17543029785156
2021-12-17,140.47933959960938
2021-12-20,140.3623809814453
2021-12-21,142.2114715576172
2021-12-22,145.12811279296875
2021-12-23,145.62522888183594
2021-12-27,146.6065216064453
2021-12-28,145.397705078125
2021-12-29,145.3660125732422
2021-12-30,144.91549682617188
2021-12-31,143.57887268066406
2022-01-03,143.7171173095703
2022-01-04,143.13031005859375
2022-01-05,136.56405639648438
2022-01-06,136.5367889404297
2022-01-07,135.812744140625
2022-01-10,137.45069885253906
2022-01-11,138.50782775878906
2022-01-12,140.18743896484375
2022-01-13,137.36892700195312
2022-01-14,138.2545623779297
2022-01-18,134.8026580810547
2022-01-19,133.92892456054688
2022-01-20,132.1358184814453
2022-01-21,129.20582580566406
2022-01-24,129.65431213378906
2022-01-25,125.81932830810547
2022-01-26,128.0971221923828
2022-01-27,127.87112426757812
2022-01-28,132.17893981933594
2022-01-31,134.11427307128906
2022-02-01,136.43421936035156
2022-02-02,146.69918823242188
2022-02-03,141.8323211669922
2022-02-04,142.03353881835938
2022-02-07,137.97752380371094
2022-02-08,138.1737823486328
2022-02-09,140.34750366210938
2022-02-10,137.40164184570312
2022-02-11,133.10226440429688
2022-02-14,134.33480834960938
2022-02-15,135.40780639648438
2022-02-16,136.52737426757812
2022-02-17,131.37405395507812
2022-02-18,129.2568359375
2022-02-22,128.6725311279297
2022-02-23,126.46659088134766
2022-02-24,131.52471923828125
2022-02-25,133.27769470214844
2022-02-28,133.86996459960938
2022-03-01,132.8831787109375
2022-03-02,133.38870239257812
2022-03-03,132.72262573242188
2022-03-04,130.74713134765625
2022-03-07,125.26771545410156
2022-03-08,125.98734283447266
2022-03-09,132.24732971191406
2022-03-10,131.26553344726562
2022-03-11,128.72903442382812
2022-03-14,124.84396362304688
2022-03-15,128.0624542236328
2022-03-16,132.1090545654297
2022-03-17,132.6626434326172
2022-03-18,134.92904663085938
2022-03-21,134.9052734375
2022-03-22,138.638671875
2022-03-23,137.06015014648438
2022-03-24,140.32769775390625
2022-03-25,140.4278106689453
2022-03-28,140.2122344970703
2022-03-29,141.25296020507812
2022-03-30,140.6909637451172
2022-03-31,137.84521484375
2022-04-01,138.91868591308594
2022-04-04,141.7148895263672
2022-04-05,139.3553009033203
2022-04-06,135.3478546142578
2022-04-07,134.6941375732422
2022-04-08,132.11599731445312
2022-04-11,127.69124603271484
2022-04-12,126.59197998046875
2022-04-13,128.7523193359375
2022-04-14,125.61614227294922
2022-04-18,126.5543212890625
2022-04-19,128.86630249023438
2022-04-20,126.91461944580078
2022-04-21,123.71746826171875
2022-04-22,118.58399200439453
2022-04-25,121.99226379394531
2022-04-26,117.6071548461914
2022-04-27,113.2899398803711
2022-04-28,117.48077392578125
2022-04-29,113.10655975341797
2022-05-02,115.55831909179688
2022-05-03,116.30272674560547
2022-05-04,121.18640899658203
2022-05-05,115.48149871826172
2022-05-06,114.72917938232422
2022-05-09,111.52210998535156
2022-05-10,113.38954162597656
2022-05-11,112.60401153564453
2022-05-12,111.85218811035156
2022-05-13,115.0304946899414
2022-05-16,113.4391098022461
2022-05-17,115.44928741455078
2022-05-18,110.91596984863281
2022-05-19,109.41381072998047
2022-05-20,107.95077514648438
2022-05-23,110.50810241699219
2022-05-24,105.03860473632812
2022-05-25,104.87504577636719
2022-05-26,106.84508514404297
2022-05-27,111.32933044433594
2022-05-31,112.7621078491211
2022-06-01,112.8909683227539
2022-06-02,116.58867645263672
2022-06-03,113.53426361083984
2022-06-06,115.79373931884766
2022-06-07,116.11984252929688
2022-06-08,116.16395568847656
2022-06-09,113.82616424560547
2022-06-10,110.1844711303711
2022-06-13,105.45738220214844
2022-06-14,105.77755737304688
2022-06-15,108.79975128173828
2022-06-16,105.10154724121094
2022-06-17,106.2017822265625
2022-06-21,110.56361389160156
2022-06-22,110.50760650634766
2022-06-23,111.25545501708984
2022-06-24,116.9380874633789
2022-06-27,114.81541442871094
2022-06-28,111.02303314208984
2022-06-29,110.71971130371094
2022-06-30,108.00527954101562
2022-07-01,107.78177642822266
2022-07-05,112.26750183105469
2022-07-06,113.56499481201172
2022-07-07,117.73897552490234
2022-07-08,118.3044662475586
2022-07-11,114.6597900390625
2022-07-12,113.01834106445312
2022-07-13,110.37477111816406
2022-07-14,109.39744567871094
2022-07-15,110.79505157470703
2022-07-18,108.07170867919922
2022-07-19,112.8096923828125
2022-07-20,112.89891052246094
2022-07-21,113.33502960205078
2022-07-22,106.95162963867188
2022-07-25,106.5650634765625
2022-07-26,104.0969467163086
2022-07-27,112.06627655029297
2022-07-28,113.2160873413086
2022-07-29,115.29763793945312
2022-08-01,113.85047149658203
2022-08-02,114.11808013916016
2022-08-03,117.04216003417969
2022-08-04,117.15119171142578
2022-08-05,116.43751525878906
2022-08-08,116.26902770996094
2022-08-09,115.60489654541016
2022-08-10,118.64791870117188
2022-08-11,117.79548645019531
2022-08-12,120.61051940917969
2022-08-15,121.00699615478516
2022-08-16,120.6303482055664
2022-08-17,118.4992446899414
2022-08-18,119.11377716064453
2022-08-19,116.1797866821289
2022-08-22,113.23590850830078
2022-08-23,112.85926055908203
2022-08-24,112.69075012207031
2022-08-25,115.62472534179688
2022-08-26,109.37018585205078
2022-08-29,108.4582748413086
2022-08-30,107.98249816894531
2022-08-31,107.26882934570312
2022-09-01,108.77546691894531
2022-09-02,106.90206909179688
2022-09-06,105.8712158203125
2022-09-07,108.48800659179688
2022-09-08,107.42740631103516
2022-09-09,109.6774673461914
2022-09-12,109.8856201171875
2022-09-13,103.40309143066406
2022-09-14,104.0771255493164
2022-09-15,102.00550079345703
2022-09-16,101.89645385742188
2022-09-19,102.1640853881836
2022-09-20,100.25104522705078
2022-09-21,98.40738677978516
2022-09-22,99.25984191894531
2022-09-23,97.87213897705078
2022-09-26,97.30715942382812
2022-09-27,96.6430435180664
2022-09-28,99.17063903808594
2022-09-29,96.5637435913086
2022-09-30,94.8093032836914
2022-10-03,97.77302551269531
2022-10-04,100.74664306640625
2022-10-05,100.53850555419922
2022-10-06,100.5285873413086
2022-10-07,97.81266021728516
2022-10-10,96.99988555908203
2022-10-11,96.32585906982422
2022-10-12,96.7025146484375
2022-10-13,98.18933868408203
2022-10-14,95.71131134033203
2022-10-17,99.09133911132812
2022-10-18,99.88430786132812
2022-10-19,98.75431823730469
2022-10-20,99.09133911132812
2022-10-21,100.24114227294922
2022-10-24,101.61891174316406
2022-10-25,103.56170654296875
2022-10-26,94.09562683105469
2022-10-27,91.40945434570312
2022-10-28,95.44367980957031
2022-10-31,93.67931365966797
2022-11-01,89.67483520507812
2022-11-02,86.20559692382812
2022-11-03,82.69670867919922
2022-11-04,85.81903839111328
2022-11-07,87.71222686767578
2022-11-08,88.11863708496094
2022-11-09,86.55253601074219
2022-11-10,93.11434936523438
2022-11-11,95.5626220703125
2022-11-14,94.85887145996094
2022-11-15,97.57478332519531
2022-11-16,97.98118591308594
2022-11-17,97.49549102783203
2022-11-18,96.57365417480469
2022-11-21,94.75975036621094
2022-11-22,96.1969985961914
2022-11-23,97.59459686279297
2022-11-25,96.6033935546875
2022-11-28,95.20578002929688
2022-11-29,94.35334777832031
2022-11-30,100.10237121582031
2022-12-01,100.10237121582031
2022-12-02,99.55720520019531
2022-12-05,98.60564422607422
2022-12-06,96.12761688232422
2022-12-07,94.10556030273438
2022-12-08,92.8863525390625
2022-12-09,92.01410675048828
2022-12-12,92.4898681640625
2022-12-13,94.78946685791016
2022-12-14,94.23440551757812
2022-12-15,90.06140899658203
2022-12-16,89.4666748046875
2022-12-19,87.66268157958984
2022-12-20,88.23757934570312
2022-12-21,88.79265594482422
2022-12-22,86.98865509033203
2022-12-23,88.44573211669922
2022-12-27,86.62190246582031
2022-12-28,85.26395416259766
2022-12-29,87.67257690429688
2022-12-30,87.45451354980469
2023-01-03,88.33670043945312
2023-01-04,87.30584716796875
2023-01-05,85.44236755371094
2023-01-06,86.57234191894531
2023-01-09,87.2463607788086
2023-01-10,87.6428451538086
2023-01-11,90.7155990600586
2023-01-12,90.32904052734375
2023-01-13,91.31033325195312
2023-01-17,90.48762512207031
2023-01-18,90.31912994384766
2023-01-19,92.23217010498047
2023-01-20,97.1584701538086
2023-01-23,98.91292572021484
2023-01-24,96.8412857055664
2023-01-25,94.38309478759766
2023-01-26,96.66287231445312
2023-01-27,98.49662017822266
2023-01-30,96.08795928955078
2023-01-31,97.97126770019531
2023-02-01,99.54730224609375
2023-02-02,106.79303741455078
2023-02-03,103.85906219482422
2023-02-06,101.9955825805664
2023-02-07,106.69392395019531
2023-02-08,98.49662017822266
2023-02-09,94.1749267578125
2023-02-10,93.7387924194336
2023-02-13,93.77843475341797
2023-02-14,93.84783935546875
2023-02-15,96.08795928955078
2023-02-16,94.67052459716797
2023-02-17,93.52072143554688
2023-02-21,90.98323059082031
2023-02-22,90.8444595336914
2023-02-23,90.09114074707031
2023-02-24,88.34660339355469
2023-02-27,89.08011627197266
2023-02-28,89.2684326171875
2023-03-01,89.56580352783203
2023-03-02,91.1913833618164
2023-03-03,92.8268814086914
2023-03-06,94.29386901855469
2023-03-07,93.0350570678711
2023-03-08,93.42159271240234
2023-03-09,91.5085678100586
2023-03-10,89.83343505859375
2023-03-13,90.30921173095703
2023-03-14,93.1440658569336
2023-03-15,95.2652587890625
2023-03-16,99.43826293945312
2023-03-17,100.7268295288086
2023-03-20,100.33033752441406
2023-03-21,103.9978256225586
2023-03-22,102.46146392822266
2023-03-23,104.6718521118164
2023-03-24,104.51326751708984
2023-03-27,101.55944061279297
2023-03-28,100.14202117919922
2023-03-29,100.49886322021484
2023-03-30,100.00325012207031
2023-03-31,102.81829071044922
2023-04-03,103.44275665283203
2023-04-04,103.7995834350586
2023-04-05,103.55178833007812
2023-04-06,107.46707153320312
2023-04-10,105.50447845458984
2023-04-11,104.42404174804688
2023-04-12,103.72029113769531
2023-04-13,106.48576354980469
2023-04-14,107.9131088256836
2023-04-17,105.03860473632812
2023-04-18,103.5815200805664
2023-04-19,103.26432800292969
2023-04-20,104.36457824707031
2023-04-21,104.4835205078125
2023-04-24,105.03860473632812
2023-04-25,102.9372329711914
2023-04-26,102.79846954345703
2023-04-27,106.64435577392578
2023-04-28,106.39655303955078
2023-05-01,106.25778198242188
2023-05-02,104.3943099975586
2023-05-03,104.4835205078125
2023-05-04,103.76985168457031
2023-05-05,104.6421127319336
2023-05-08,106.82276916503906
2023-05-09,106.40645599365234
2023-05-10,110.76780700683594
2023-05-11,115.54542541503906
2023-05-12,116.4771728515625
2023-05-15,115.48596954345703
2023-05-16,118.45960235595703
2023-05-17,119.77789306640625
2023-05-18,121.75041961669922
2023-05-19,121.68102264404297
2023-05-22,123.9509048461914
2023-05-23,121.48277282714844
2023-05-24,119.83737182617188
2023-05-25,122.39469146728516
2023-05-26,123.5147705078125
2023-05-30,122.58302307128906
2023-05-31,121.79006958007812
2023-06-01,122.6325912475586
2023-06-02,123.57424926757812
2023-06-05,124.9024658203125
2023-06-06,126.1910400390625
2023-06-07,121.42329406738281
2023-06-08,121.06646728515625
2023-06-09,121.15567779541016
2023-06-12,122.55329895019531
2023-06-13,122.74163055419922
2023-06-14,122.58302307128906
2023-06-15,123.99055480957031
2023-06-16,122.44425964355469
2023-06-20,122.01802825927734
2023-06-21,119.49046325683594
2023-06-22,122.0676040649414
2023-06-23,121.26470947265625
2023-06-26,117.29987335205078
2023-06-27,117.28995513916016
2023-06-28,119.12371063232422
2023-06-29,118.0531997680664
2023-06-30,118.64791870117188
2023-07-03,118.84616088867188
2023-07-05,120.67990112304688
2023-07-06,119.05432891845703
2023-07-07,118.42985534667969
2023-07-10,115.42648315429688
2023-07-11,116.11042785644531
2023-07-12,117.88468933105469
2023-07-13,123.44538116455078
2023-07-14,124.3176498413086
2023-07-17,123.55441284179688
2023-07-18,122.6722412109375
2023-07-19,120.95744323730469
2023-07-20,118.15231323242188
2023-07-21,118.96510314941406
2023-07-24,120.46185302734375
2023-07-25,121.1358642578125
2023-07-26,128.13380432128906
2023-07-27,128.2626495361328
2023-07-28,131.4147186279297
2023-07-31,131.55348205566406
2023-08-01,130.39378356933594
2023-08-02,127.25163269042969
2023-08-03,127.3210220336914
2023-08-04,126.9840087890625
2023-08-07,130.3739471435547
2023-08-08,130.24508666992188
2023-08-09,128.52035522460938
2023-08-10,128.5501251220703
2023-08-11,128.42124938964844
2023-08-14,130.17572021484375
2023-08-15,128.63931274414062
2023-08-16,127.56880187988281
2023-08-17,128.77809143066406
2023-08-18,126.33971405029297
2023-08-21,127.24171447753906
2023-08-22,127.94549560546875
2023-08-23,131.20655822753906
2023-08-24,128.63931274414062
2023-08-25,128.7384490966797
2023-08-28,129.85850524902344
2023-08-29,133.38720703125
2023-08-30,134.6857147216797
2023-08-31,134.97314453125
2023-09-01,134.46766662597656
2023-09-05,134.57667541503906
2023-09-06,133.2781982421875
2023-09-07,134.07115173339844
2023-09-08,135.1813201904297
2023-09-11,135.71658325195312
2023-09-12,134.1504364013672
2023-09-13,135.50843811035156
2023-09-14,136.88619995117188
2023-09-15,136.1923370361328
2023-09-18,136.9952392578125
2023-09-19,136.8267364501953
2023-09-20,132.56454467773438
2023-09-21,129.29354858398438
2023-09-22,129.10519409179688
2023-09-25,129.95762634277344
2023-09-26,127.43997955322266
2023-09-27,129.3926239013672
2023-09-28,131.14707946777344
2023-09-29,129.70982360839844
2023-10-02,132.99072265625
2023-10-03,131.26602172851562
2023-10-04,134.0513458251953
2023-10-05,133.8828582763672
2023-10-06,136.37078857421875
2023-10-09,137.2034149169922
2023-10-10,136.8465576171875
2023-10-11,139.31466674804688
2023-10-12,137.74853515625
2023-10-13,136.15272521972656
2023-10-16,137.87742614746094
2023-10-17,138.49195861816406
2023-10-18,136.7474365234375
2023-10-19,136.53929138183594
2023-10-20,134.40817260742188
2023-10-23,135.30026245117188
2023-10-24,137.58995056152344
2023-10-25,124.5059814453125
2023-10-26,121.20524597167969
2023-10-27,121.0962142944336
2023-10-30,123.3660888671875
2023-10-31,122.98943328857422
2023-11-01,125.3386001586914
2023-11-02,126.36946105957031
2023-11-03,127.9653091430664
2023-11-06,129.10519409179688
2023-11-07,129.81886291503906
2023-11-08,130.68121337890625
2023-11-09,129.0952911376953
2023-11-10,131.42462158203125
2023-11-13,130.92901611328125
2023-11-14,132.44557189941406
2023-11-15,133.43678283691406
2023-11-16,135.7264862060547
2023-11-17,134.12074279785156
2023-11-20,135.0524444580078
2023-11-21,135.76612854003906
2023-11-22,137.2727813720703
2023-11-24,135.48861694335938
2023-11-27,135.2110595703125
2023-11-28,135.99411010742188
2023-11-29,133.80355834960938
2023-11-30,131.36517333984375
2023-12-01,130.70103454589844
2023-12-04,128.13380432128906
2023-12-05,129.8386688232422
2023-12-06,128.87721252441406
2023-12-07,135.7264862060547
2023-12-08,133.80355834960938
2023-12-11,132.1184844970703
2023-12-12,131.35525512695312
2023-12-13,131.4048309326172
2023-12-14,130.78033447265625
2023-12-15,131.4345245361328
2023-12-18,134.6064453125
2023-12-19,135.4489288330078
2023-12-20,137.1240997314453
2023-12-21,139.185791015625
2023-12-22,140.2463836669922
2023-12-26,140.27615356445312
2023-12-27,139.13623046875
2023-12-28,138.99746704101562
2023-12-29,138.4622039794922
2024-01-02,136.95556640625
2024-01-03,137.698974609375
2024-01-04,135.1912384033203
2024-01-05,134.5370330810547
2024-01-08,137.6197052001953
2024-01-09,139.71115112304688
2024-01-10,141.0294647216797
2024-01-11,140.83123779296875
2024-01-12,141.3961944580078
2024-01-16,141.23760986328125
2024-01-17,140.22657775878906
2024-01-18,142.2189178466797
2024-01-19,145.09344482421875
2024-01-22,144.70684814453125
2024-01-23,145.74761962890625
2024-01-24,147.39300537109375
2024-01-25,150.53514099121094
2024-01-26,150.8523712158203
2024-01-29,152.1607666015625
2024-01-30,150.12876892089844
2024-01-31,138.86862182617188
2024-02-01,139.9193115234375
2024-02-02,141.12857055664062
2024-02-05,142.41714477539062
2024-02-06,142.83346557617188
2024-02-07,144.2607879638672
2024-02-08,144.6275634765625
2024-02-09,147.69041442871094
2024-02-12,146.2333221435547
2024-02-13,143.8643035888672
2024-02-14,144.6573028564453
2024-02-15,141.51515197753906
2024-02-16,139.28492736816406
2024-02-20,139.87965393066406
2024-02-21,141.2970733642578
2024-02-22,142.8235626220703
2024-02-23,142.69471740722656
2024-02-26,136.36085510253906
2024-02-27,137.6593475341797
2024-02-28,135.1813201904297
2024-02-29,137.2430419921875
2024-03-01,135.9346160888672
2024-03-04,132.17796325683594
2024-03-05,131.50390625
2024-03-06,130.24508666992188
2024-03-07,133.1988983154297
2024-03-08,134.21981811523438
2024-03-11,136.4600067138672
2024-03-12,137.28268432617188
2024-03-13,138.5613555908203
2024-03-14,141.84225463867188
2024-03-15,139.93910217285156
2024-03-18,146.38198852539062
2024-03-19,145.73770141601562
2024-03-20,147.4326934814453
2024-03-21,146.30270385742188
2024-03-22,149.44485473632812
2024-03-25,148.7509765625
2024-03-26,149.345703125
2024-03-27,149.5439453125
2024-03-28,149.60345458984375
2024-04-01,154.1233673095703
2024-04-02,153.20152282714844
2024-04-03,153.558349609375
2024-04-04,149.2069549560547
2024-04-05,151.1596221923828
2024-04-08,153.48898315429688
2024-04-09,155.22360229492188
2024-04-10,154.7676239013672
2024-04-11,158.00889587402344
2024-04-12,156.34365844726562
2024-04-15,153.4989013671875
2024-04-16,153.04293823242188
2024-04-17,154.10353088378906
2024-04-18,154.63877868652344
2024-04-19,152.73565673828125
2024-04-22,154.90640258789062
2024-04-23,156.8690185546875
2024-04-24,157.7313690185547
2024-04-25,154.6288604736328
2024-04-26,170.4386749267578
2024-04-29,164.68966674804688
2024-04-30,161.34927368164062
2024-05-01,162.41978454589844
2024-05-02,165.155517578125
2024-05-03,165.77008056640625
2024-05-06,166.62252807617188
2024-05-07,169.7448272705078
2024-05-08,167.89126586914062
2024-05-09,168.4661865234375
2024-05-10,167.1676788330078
2024-05-13,167.65338134765625
2024-05-14,168.8428192138672
2024-05-15,170.99375915527344
2024-05-16,172.64906311035156
2024-05-17,174.51255798339844
2024-05-20,175.36500549316406
2024-05-21,176.2868194580078
2024-05-22,174.82972717285156
2024-05-23,172.02462768554688
2024-05-24,173.4519805908203
2024-05-28,174.8495635986328
2024-05-29,174.3539581298828
2024-05-30,170.59725952148438
2024-05-31,170.9838409423828
2024-06-03,171.64796447753906
2024-06-04,172.26251220703125
2024-06-05,173.8682861328125
2024-06-06,175.1766815185547
2024-06-07,172.92660522460938
2024-06-10,173.6708526611328
2024-06-11,175.26853942871094
2024-06-12,176.42959594726562
2024-06-13,173.8197479248047
2024-06-14,175.43724060058594
2024-06-17,175.8838348388672
2024-06-18,173.75025939941406
2024-06-20,174.9510040283203
2024-06-21,178.25552368164062
2024-06-24,177.84866333007812
2024-06-25,182.62185668945312
2024-06-26,182.47303771972656
2024-06-27,183.9912872314453
2024-06-28,180.7562255859375
2024-07-01,181.58982849121094
2024-07-02,183.82260131835938
2024-07-03,184.39816284179688
2024-07-05,189.1416015625
2024-07-08,187.58358764648438
2024-07-09,187.53396606445312
2024-07-10,189.71714782714844
2024-07-11,184.15008544921875
2024-07-12,183.65390014648438
2024-07-15,185.10272216796875
2024-07-16,182.51271057128906
2024-07-17,179.6348876953125
2024-07-18,176.3303680419922
2024-07-19,176.30059814453125
2024-07-22,180.27989196777344
2024-07-23,180.39898681640625
2024-07-24,171.30911254882812
2024-07-25,166.00001525878906
2024-07-26,165.72218322753906
2024-07-29,168.23281860351562
2024-07-30,168.98696899414062
2024-07-31,170.22740173339844
2024-08-01,169.45339965820312
2024-08-02,165.38478088378906
2024-08-05,158.03147888183594
2024-08-06,157.07884216308594
2024-08-07,157.72384643554688
2024-08-08,160.79019165039062
2024-08-09,162.4176483154297
2024-08-12,161.04818725585938
2024-08-13,162.9038848876953
2024-08-14,159.1428985595703
2024-08-15,160.06581115722656
2024-08-16,161.71307373046875
2024-08-19,165.3946990966797
2024-08-20,165.90078735351562
2024-08-21,164.58096313476562
2024-08-22,162.54666137695312
2024-08-23,164.3527374267578
2024-08-26,164.8885955810547
2024-08-27,163.41989135742188
2024-08-28,161.6039276123047
2024-08-29,160.5421142578125
2024-08-30,162.1298828125
2024-09-03,156.15591430664062
2024-09-04,155.25289916992188
2024-09-05,156.03683471679688
2024-09-06,149.76519775390625
2024-09-09,147.76795959472656
2024-09-10,147.71826171875
2024-09-11,150.20242309570312
2024-09-12,153.71006774902344
2024-09-13,156.46250915527344
2024-09-16,157.05870056152344
2024-09-17,158.3107452392578
2024-09-18,158.79762268066406
2024-09-19,161.11288452148438
2024-09-20,162.55368041992188
2024-09-23,160.82469177246094
2024-09-24,161.2618865966797
2024-09-25,160.46697998046875
2024-09-26,161.69911193847656
2024-09-27,162.91139221191406
2024-09-30,164.7993621826172
2024-10-01,165.93212890625
2024-10-02,164.80929565429688
2024-10-03,164.80929565429688
2024-10-04,166.00169372558594
2024-10-07,161.9475555419922
2024-10-08,163.3386688232422
2024-10-09,160.83465576171875
2024-10-10,161.05322265625
2024-10-11,162.20590209960938
2024-10-14,163.91500854492188
2024-10-15,164.41184997558594
2024-10-16,164.11373901367188
2024-10-17,161.89784240722656
2024-10-18,162.38475036621094
2024-10-21,163.0306396484375
2024-10-22,164.09385681152344
2024-10-23,161.7488250732422
2024-10-24,161.68919372558594
2024-10-25,164.22303771972656
2024-10-28,165.66384887695312
2024-10-29,168.60508728027344
2024-10-30,173.35482788085938
2024-10-31,170.02603149414062
2024-11-01,170.2048797607422
2024-11-04,168.1678924560547
2024-11-05,168.66473388671875
2024-11-06,175.391845703125
2024-11-07,179.60498046875
2024-11-08,177.22018432617188
2024-11-11,179.20751953125
2024-11-12,180.46945190429688
2024-11-13,177.74684143066406
2024-11-14,174.46771240234375
2024-11-15,171.39730834960938
2024-11-18,174.18948364257812
2024-11-19,176.9916229248047
2024-11-20,174.86520385742188
2024-11-21,166.56809997558594
2024-11-22,163.71627807617188
2024-11-25,166.58795166015625
2024-11-26,168.0486297607422
2024-11-27,168.157958984375
2024-11-29,167.8797149658203
2024-12-02,170.40362548828125
2024-12-03,170.25454711914062
2024-12-04,173.265380859375
2024-12-05,171.54635620117188
2024-12-06,173.60324096679688
2024-12-09,174.45877075195312
2024-12-10,184.2078399658203
2024-12-11,194.3846893310547
2024-12-12,190.9625701904297
2024-12-13,188.8336944580078
2024-12-16,195.63815307617188
2024-12-17,194.40457153320312
2024-12-18,187.42105102539062
2024-12-19,187.53048706054688
2024-12-20,190.41542053222656
2024-12-23,193.6186981201172
2024-12-24,195.09100341796875
2024-12-26,194.5836639404297
2024-12-27,191.75839233398438
2024-12-30,190.24630737304688
2024-12-31,188.31637573242188
2025-01-02,188.44569396972656
2025-01-03,190.79344177246094
2025-01-06,195.84703063964844
2025-01-07,194.47422790527344
2025-01-08,192.94219970703125
2025-01-10,191.04214477539062
2025-01-13,190.01748657226562
2025-01-14,188.6745147705078
2025-01-15,194.533935546875
2025-01-16,191.90762329101562
2025-01-17,194.9815673828125
2025-01-21,197.0209197998047
2025-01-22,197.33924865722656
2025-01-23,196.95127868652344
2025-01-24,199.16969299316406
2025-01-27,190.81333923339844
2025-01-28,194.2852020263672
2025-01-29,194.39463806152344
2025-01-30,199.8262481689453
2025-01-31,202.9599151611328
2025-02-03,200.1843719482422
2025-02-04,205.30764770507812
2025-02-05,190.33583068847656
2025-02-06,190.60446166992188
2025-02-07,184.37696838378906
2025-02-10,185.50111389160156
2025-02-11,184.35707092285156
2025-02-12,182.6559295654297
2025-02-13,185.1728057861328
2025-02-14,184.26754760742188
2025-02-18,182.81512451171875
2025-02-19,184.3073272705078
2025-02-20,183.6009979248047
2025-02-21,178.72647094726562
2025-02-24,178.31861877441406
2025-02-25,174.50851440429688
2025-02-26,171.8324737548828
2025-02-27,167.62445068359375
2025-02-28,169.39520263671875
2025-03-03,166.14219665527344
2025-03-04,170.03189086914062
2025-03-05,172.1209716796875
2025-03-06,171.4544677734375
2025-03-07,172.9566192626953
2025-03-10,165.1981658935547
2025-03-11,163.37557983398438
2025-03-12,166.4331512451172
2025-03-13,162.1007537841797
2025-03-14,164.8197021484375
2025-03-17,163.6245574951172
2025-03-18,160.01922607421875
2025-03-19,163.22618103027344
2025-03-20,162.14059448242188
2025-03-21,163.32579040527344
2025-03-24,167.00083923339844
2025-03-25,169.86917114257812
2025-03-26,164.3914337158203
2025-03-27,161.58287048339844
2025-03-28,153.7049102783203
2025-03-31,154.01365661621094
2025-04-01,156.43382263183594
2025-04-02,156.40390014648438
2025-04-03,150.10952758789062
2025-04-04,145.01028442382812
2025-04-07,146.15560913085938
2025-04-08,144.11390686035156
2025-04-09,158.0671844482422
2025-04-10,152.20103454589844
2025-04-11,156.50352478027344
2025-04-14,158.42572021484375
2025-04-15,155.67689514160156
2025-04-16,152.7089385986328
2025-04-17,150.54774475097656
2025-04-21,147.0718994140625
2025-04-22,150.8564910888672
2025-04-23,154.7207794189453
2025-04-24,158.6348419189453
2025-04-25,161.3040008544922
2025-04-28,159.95945739746094
2025-04-29,159.5113067626953
2025-04-30,158.15679931640625
2025-05-01,160.6466827392578
2025-05-02,163.36561584472656
2025-05-05,163.54489135742188
2025-05-06,162.56884765625
2025-05-07,150.76686096191406
2025-05-08,153.6551055908203
2025-05-09,152.1313018798828
2025-05-12,157.8181915283203
2025-05-13,158.88385009765625
2025-05-14,164.7001953125
2025-05-15,163.2958984375
2025-05-16,165.51686096191406
2025-05-19,165.8654327392578
2025-05-20,163.31581115722656
2025-05-21,167.8772735595703
2025-05-22,170.1779022216797
2025-05-23,167.78762817382812
2025-05-27,172.19967651367188
2025-05-28,171.66188049316406
2025-05-29,171.16390991210938
2025-05-30,171.04440307617188
2025-06-02,168.3453826904297
2025-06-03,165.50689697265625
2025-06-04,167.3693389892578
2025-06-05,167.52870178222656
2025-06-06,172.97653198242188
2025-06-09,175.58908081054688
2025-06-10,178.0919647216797
2025-06-11,176.8455047607422
2025-06-12,175.20018005371094
2025-06-13,174.17312622070312
2025-06-16,176.26715087890625
2025-06-17,175.44947814941406
2025-06-18,172.8269805908203
2025-06-20,166.16598510742188
2025-06-23,164.72007751464844
2025-06-24,166.2956085205078
2025-06-25,170.19447326660156
2025-06-26,173.0463409423828
2025-06-27,178.0221405029297
2025-06-30,175.72866821289062
2025-07-01,175.33978271484375
2025-07-02,178.13182067871094
2025-07-03,179.019287109375
2025-07-07,176.28707885742188
2025-07-08,173.86399841308594
2025-07-09,176.11756896972656
2025-07-10,177.11473083496094
2025-07-11,179.6774444580078
2025-07-14,181.04351806640625
2025-07-15,181.48226928710938
2025-07-16,182.44952392578125
2025-07-17,183.05776977539062
2025-07-18,184.53358459472656
2025-07-21,189.5592498779297
2025-07-22,190.7957000732422
2025-07-23,189.68887329101562
2025-07-24,191.62332153320312
2025-07-25,192.63046264648438
2025-07-28,192.03216552734375
2025-07-29,195.1931610107422
2025-07-30,195.970947265625
2025-07-31,191.35411071777344
2025-08-01,188.5919952392578
2025-08-04,194.48516845703125
2025-08-05,194.1162109375
2025-08-06,195.53219604492188
2025-08-07,195.96096801757812
2025-08-08,200.84703063964844
2025-08-11,200.42822265625
2025-08-12,202.76156616210938
2025-08-13,201.385498046875
2025-08-14,202.3627166748047
2025-08-15,203.31996154785156
2025-08-18,202.92111206054688
2025-08-19,200.99661254882812
2025-08-20,198.7530059814453
2025-08-21,199.18177795410156
2025-08-22,205.50375366210938
2025-08-25,207.89691162109375
2025-08-26,206.55075073242188
2025-08-27,206.88978576660156
2025-08-28,211.03794860839844
2025-08-29,212.30435180664062
2025-09-02,210.74879455566406
2025-09-03,230.00387573242188
2025-09-04,231.63919067382812
2025-09-05,234.33151245117188
2025-09-08,233.5829620361328
2025-09-09,239.16204833984375
2025-09-10,238.70294189453125
2025-09-11,239.90060424804688
2025-09-12,240.3297576904297
2025-09-15,251.11865234375
2025-09-16,250.66954040527344
2025-09-17,249.04270935058594
2025-09-18,251.537841796875
2025-09-19,254.22259521484375
2025-09-22,252.036865234375
2025-09-23,251.16856384277344
2025-09-24,246.6573944091797
2025-09-25,245.30999755859375
2025-09-26,246.0585479736328
2025-09-29,243.5734100341797
2025-09-30,242.6252899169922
2025-10-01,244.4217529296875
2025-10-02,245.21022033691406
2025-10-03,244.87088012695312
2025-10-06,249.94094848632812
2025-10-07,245.2800750732422
2025-10-08,244.14230346679688
2025-10-09,241.05833435058594
2025-10-10,236.1080322265625
2025-10-13,243.67323303222656
2025-10-14,244.97068786621094
2025-10-15,250.539794921875
2025-10-16,250.9689483642578
2025-10-17,252.80535888671875
2025-10-20,256.04901123046875
2025-10-21,249.9709014892578
2025-10-22,251.19850158691406
2025-10-23,252.58578491210938
2025-10-24,259.4124755859375
2025-10-27,268.744140625
2025-10-28,266.94769287109375
2025-10-29,274.0338439941406
2025-10-30,280.93035888671875
2025-10-31,280.6408996582031
2025-11-03,283.16595458984375
2025-11-04,276.998046875
2025-11-05,283.7547912597656
2025-11-06,284.1939697265625
2025-11-07,278.28546142578125
2025-11-10,289.5334777832031
2025-11-11,290.7411193847656
2025-11-12,286.15008544921875
2025-11-13,278.0260009765625
2025-11-14,275.8702392578125
2025-11-17,284.46337890625
2025-11-18,283.724853515625
2025-11-19,292.2381896972656
2025-11-20,288.884765625
2025-11-21,299.0747985839844
2025-11-24,317.9578552246094
2025-11-25,322.8083801269531
2025-11-26,319.3252258300781
2025-11-28,319.55474853515625
2025-12-01,314.27508544921875
2025-12-02,315.1932678222656
2025-12-03,319.0058288574219
2025-12-04,316.999755859375
2025-12-05,320.642578125
2025-12-08,313.31219482421875
2025-12-09,316.66778564453125
2025-12-10,319.7937316894531
2025-12-11,312.0238342285156
2025-12-12,308.887939453125
2025-12-15,307.8193054199219
2025-12-16,306.1714782714844
2025-12-17,296.3342590332031
2025-12-18,302.0668029785156
2025-12-19,306.7607116699219
2025-12-22,309.3772888183594
2025-12-23,313.94134521484375
2025-12-24,313.68170166015625
2025-12-26,313.1024475097656
2025-12-29,313.1523742675781
2025-12-30,313.4420166015625
2025-12-31,312.5931091308594
2026-01-02,314.7403259277344
2026-01-05,316.1285400390625
2026-01-06,313.9313659667969
2026-01-07,321.5614318847656
2026-01-08,325.0169372558594
2026-01-09,328.14288330078125
2026-01-12,331.4285583496094
2026-01-13,335.53326416015625
2026-01-14,335.4034118652344
2026-01-15,332.3473815917969
2026-01-16,329.5710144042969
2026-01-20,321.5814208984375
2026-01-21,327.953125
2026-01-22,330.1103210449219
2026-01-23,327.5036926269531
2026-01-26,332.8267822265625
2026-01-27,334.1150817871094
2026-01-28,335.5732116699219
2026-01-29,337.8102722167969
2026-01-30,337.56060791015625
2026-02-02,343.24322509765625
2026-02-03,339.26837158203125
2026-02-04,332.6070556640625
2026-02-05,330.8193664550781
2026-02-06,322.4402770996094
2026-02-09,323.8984069824219
2026-02-10,318.16583251953125
2026-02-11,310.5557556152344
2026-02-12,308.5982971191406
2026-02-13,305.32257080078125
2026-02-17,301.6273498535156
2026-02-18,302.9356689453125
2026-02-19,302.456298828125
2026-02-20,314.5705261230469
2026-02-23,311.0850524902344
2026-02-24,310.495849609375
2026-02-25,312.49322509765625
2026-02-26,306.9804382324219
2026-02-27,311.354736328125
2026-03-02,306.12152099609375
2026-03-03,303.1853332519531
2026-03-04,302.7359619140625
2026-03-05,300.4888610839844
2026-03-06,298.1319274902344
2026-03-09,306.1770935058594
2026-03-10,306.8567199707031
2026-03-11,308.5157470703125
2026-03-12,303.3687744140625
2026-03-13,302.09954833984375
2026-03-16,305.3775939941406
2026-03-17,310.7344055175781
2026-03-18,307.5063171386719
2026-03-19,306.9466552734375
2026-03-20,300.8203125
2026-03-23,301.87969970703125
2026-03-24,290.2666320800781
2026-03-25,290.7563171386719
2026-03-26,280.7523193359375
2026-03-27,274.1762390136719
2026-03-30,273.33673095703125
2026-03-31,287.3883361816406
2026-04-01,297.2124938964844
2026-04-02,295.59344482421875
2026-04-06,299.8109130859375
2026-04-07,305.27764892578125
2026-04-08,317.1305847167969
2026-04-09,318.29986572265625
2026-04-10,317.0506286621094
2026-04-13,321.1181945800781
2026-04-14,332.7112731933594
2026-04-15,336.91876220703125
2026-04-16,335.81939697265625
2026-04-17,341.4760437011719
2026-04-20,337.2185974121094
2026-04-21,332.0916442871094
2026-04-22,339.1174621582031
2026-04-23,338.6877136230469
2026-04-24,344.19439697265625
2026-04-27,350.130859375
2026-04-28,349.5711975097656
2026-04-29,349.7311096191406
2026-04-30,384.5702819824219
2026-05-01,385.45977783203125
2026-05-04,383.0212097167969
2026-05-05,388.1981201171875
2026-05-06,397.8023986816406
2026-05-07,397.7524108886719
2026-05-08,400.56072998046875
2026-05-11,388.40802001953125
2026-05-12,387.1187744140625
2026-05-13,402.3796691894531
2026-05-14,400.8305969238281
2026-05-15,396.54315185546875
2026-05-18,396.70306396484375
2026-05-19,387.4285888671875
2026-05-20,388.6778564453125
2026-05-21,387.4285888671875
2026-05-22,382.74139404296875
2026-05-26,388.6478576660156
2026-05-27,388.5978698730469
2026-05-28,389.8971252441406
2026-05-29,380.1129455566406
2026-06-01,376.14532470703125
2026-06-02,361.6340026855469
2026-06-03,358.77569580078125
2026-06-04,371.96783447265625
2026-06-05,368.30999755859375
2026-06-08,363.30999755859375
2026-06-09,364.260009765625
2026-06-10,356.3800048828125
2026-06-11,357.7699890136719
2026-06-12,359.67999267578125
2026-06-15,369.3500061035156
2026-06-16,373.25
2026-06-17,363.7900085449219
2026-06-18,368.0299987792969
2026-06-22,349.67999267578125
2026-06-23,346.1300048828125
2026-06-24,345.2900085449219
2026-06-25,343.7099914550781
2026-06-26,337.3900146484375
2026-06-29,353.6499938964844
2026-06-30,357.3699951171875
2026-07-01,361.2099914550781
2026-07-02,359.9100036621094
2026-07-06,366.4599914550781
2026-07-07,367.0299987792969
2026-07-08,361.9200134277344
2026-07-09,358.8900146484375
2026-07-10,357.17999267578125
2026-07-13,352.510009765625
2026-07-14,359.510009765625
2026-07-15,370.9200134277344
2026-07-16,354.4599914550781
2026-07-17,346.7699890136719
2026-07-20,351.989990234375
2026-07-21,347.1499938964844
2026-07-22,342.0899963378906
2026-07-23,317.69000244140625
2026-07-24,319.739990234375
2026-07-27,326.55999755859375
2026-07-28,333.7099914550781
2026-07-29,336.7099914550781
2026-07-30,333.6600036621094
2026-07-31,356.1300048828125
2026-08-03,373.510009765625
2026-08-04,377.6499938964844
2026-08-05,362.42999267578125
2026-08-06,357.75
2026-08-07,354.29998779296875
2026-08-10,357.5199890136719
2026-08-11,343.79998779296875
2026-08-12,343.5400085449219
2026-08-13,346.3599853515625
2026-08-14,345.8999938964844
2026-08-17,344.0
2026-08-18,344.20001220703125
2026-08-19,344.7200012207031
2026-08-20,340.6700134277344
2026-08-21,344.82000732421875
