Date,Close
2010-01-04,39.97481155395508
2010-01-05,39.511287689208984
2010-01-06,39.832664489746094
2010-01-07,39.54837417602539
2010-01-08,39.68434143066406
2010-01-11,39.690513610839844
2010-01-12,39.900638580322266
2010-01-13,40.154052734375
2010-01-14,40.23439025878906
2010-01-15,39.900638580322266
2010-01-19,40.38889694213867
2010-01-20,40.26528549194336
2010-01-21,39.536006927490234
2010-01-22,39.06011962890625
2010-01-25,39.07249069213867
2010-01-26,38.80671691894531
2010-01-27,39.20844650268555
2010-01-28,39.43093490600586
2010-01-29,38.84998321533203
2010-02-01,38.99212646484375
2010-02-02,39.54837417602539
2010-02-03,39.32585906982422
2010-02-04,38.714012145996094
2010-02-05,38.714012145996094
2010-02-08,38.54713439941406
2010-02-09,38.788177490234375
2010-02-10,38.76964569091797
2010-02-11,38.880882263183594
2010-02-12,38.763450622558594
2010-02-16,39.31352233886719
2010-02-17,39.542179107666016
2010-02-18,39.882102966308594
2010-02-19,39.738868713378906
2010-02-22,39.539588928222656
2010-02-23,39.427486419677734
2010-02-24,39.514671325683594
2010-02-25,39.40880584716797
2010-02-26,39.23442840576172
2010-03-01,39.4773063659668
2010-03-02,39.50844955444336
2010-03-03,39.48353576660156
2010-03-04,39.58940887451172
2010-03-05,39.882110595703125
2010-03-08,39.98174285888672
2010-03-09,40.02534103393555
2010-03-10,40.03779602050781
2010-03-11,39.994197845458984
2010-03-12,39.969295501708984
2010-03-15,40.212181091308594
2010-03-16,40.18727493286133
2010-03-17,40.26198959350586
2010-03-18,40.517333984375
2010-03-19,40.548458099365234
2010-03-22,40.542240142822266
2010-03-23,40.70416259765625
2010-03-24,40.324283599853516
2010-03-25,40.212181091308594
2010-03-26,40.09384536743164
2010-03-29,40.36787033081055
2010-03-30,40.41767883300781
2010-03-31,40.604515075683594
2010-04-01,40.95949935913086
2010-04-05,40.72907257080078
2010-04-06,40.67302322387695
2010-04-07,40.61697006225586
2010-04-08,40.43637466430664
2010-04-09,40.567142486572266
2010-04-12,40.548458099365234
2010-04-13,40.90345764160156
2010-04-14,40.78512191772461
2010-04-15,40.797584533691406
2010-04-16,40.49243927001953
2010-04-19,41.12142562866211
2010-04-20,41.096500396728516
2010-04-21,40.72284698486328
2010-04-22,40.34294891357422
2010-04-23,40.504878997802734
2010-04-26,40.33050537109375
2010-04-27,40.031578063964844
2010-04-28,40.243316650390625
2010-04-29,40.4861946105957
2010-04-30,40.04403305053711
2010-05-03,40.68547439575195
2010-05-04,40.29312515258789
2010-05-05,40.567142486572266
2010-05-06,39.48353576660156
2010-05-07,39.427486419677734
2010-05-10,40.324283599853516
2010-05-11,40.27444076538086
2010-05-12,40.41767883300781
2010-05-13,40.27444076538086
2010-05-14,39.838497161865234
2010-05-17,39.78244400024414
2010-05-18,39.21574020385742
2010-05-19,38.748661041259766
2010-05-20,37.70865249633789
2010-05-21,37.914146423339844
2010-05-24,37.72108840942383
2010-05-25,37.58408737182617
2010-05-26,37.15437698364258
2010-05-27,37.09781265258789
2010-05-28,36.63904571533203
2010-06-01,36.928131103515625
2010-06-02,37.53773498535156
2010-06-03,37.56288146972656
2010-06-04,36.45680236816406
2010-06-07,36.45051574707031
2010-06-08,36.852725982666016
2010-06-09,36.55734634399414
2010-06-10,36.764739990234375
2010-06-11,36.73958969116211
2010-06-14,36.714473724365234
2010-06-15,37.16695022583008
2010-06-16,37.22979736328125
2010-06-17,37.19209289550781
2010-06-18,37.19209289550781
2010-06-21,37.16065979003906
2010-06-22,37.17951965332031
2010-06-23,37.22979736328125
2010-06-24,37.45603942871094
2010-06-25,36.89042663574219
2010-06-28,37.36176681518555
2010-06-29,37.22979736328125
2010-06-30,37.116668701171875
2010-07-01,37.12297058105469
2010-07-02,37.129249572753906
2010-07-06,37.129249572753906
2010-07-07,38.090782165527344
2010-07-08,38.57468795776367
2010-07-09,38.04679870605469
2010-07-12,37.83939743041992
2010-07-13,38.021644592285156
2010-07-14,38.09706497192383
2010-07-15,37.870826721191406
2010-07-16,37.355499267578125
2010-07-19,37.43718719482422
2010-07-20,36.81501770019531
2010-07-21,35.89747619628906
2010-07-22,35.834617614746094
2010-07-23,36.21797180175781
2010-07-26,36.28712463378906
2010-07-27,36.51336669921875
2010-07-28,36.34367370605469
2010-07-29,36.34367370605469
2010-07-30,36.5070686340332
2010-08-02,36.90299987792969
2010-08-03,37.298919677734375
2010-08-04,37.544029235839844
2010-08-05,37.55659866333008
2010-08-06,37.68229675292969
2010-08-09,37.73884201049805
2010-08-10,37.34920883178711
2010-08-11,36.764739990234375
2010-08-12,36.77730178833008
2010-08-13,36.54478454589844
2010-08-16,36.45680236816406
2010-08-17,37.217220306396484
2010-08-18,37.298919677734375
2010-08-19,36.90299987792969
2010-08-20,36.915565490722656
2010-08-23,36.99726486206055
2010-08-24,36.45680236816406
2010-08-25,36.437931060791016
2010-08-26,36.3248176574707
2010-08-27,36.54050827026367
2010-08-30,36.35020065307617
2010-08-31,36.17256164550781
2010-09-01,36.97824478149414
2010-09-02,37.18123245239258
2010-09-03,37.38423538208008
2010-09-07,37.23833084106445
2010-09-08,37.33347702026367
2010-09-09,37.948829650878906
2010-09-10,38.05033493041992
2010-09-13,38.26603317260742
2010-09-14,38.43096923828125
2010-09-15,38.7291259765625
2010-09-16,38.881378173828125
2010-09-17,39.05900192260742
2010-09-20,39.388885498046875
2010-09-21,39.293731689453125
2010-09-22,39.31277084350586
2010-09-23,39.21125411987305
2010-09-24,39.42060852050781
2010-09-27,39.350830078125
2010-09-28,39.60458755493164
2010-09-29,39.52845001220703
2010-09-30,39.306427001953125
2010-10-01,39.17319869995117
2010-10-04,39.12244415283203
2010-10-05,39.83929443359375
2010-10-06,40.09941101074219
2010-10-07,40.10575866699219
2010-10-08,40.112091064453125
2010-10-11,40.156494140625
2010-10-12,40.15013122558594
2010-10-13,40.33413314819336
2010-10-14,40.43561553955078
2010-10-15,40.327789306640625
2010-10-18,40.511749267578125
2010-10-19,40.15013122558594
2010-10-20,40.3468017578125
2010-10-21,40.5942268371582
2010-10-22,40.48003005981445
2010-10-25,40.5878791809082
2010-10-26,40.499061584472656
2010-10-27,40.327789306640625
2010-10-28,40.321441650390625
2010-10-29,40.43561553955078
2010-11-01,40.403907775878906
2010-11-02,40.52442932128906
2010-11-03,40.72110366821289
2010-11-04,41.08270263671875
2010-11-05,41.012908935546875
2010-11-08,40.80991744995117
2010-11-09,40.7972297668457
2010-11-10,40.568843841552734
2010-11-11,40.549808502197266
2010-11-12,40.391212463378906
2010-11-15,40.68936538696289
2010-11-16,40.054988861083984
2010-11-17,40.004249572753906
2010-11-18,40.49272918701172
2010-11-19,40.49272918701172
2010-11-22,40.359493255615234
2010-11-23,39.883705139160156
2010-11-24,40.15013122558594
2010-11-26,39.862220764160156
2010-11-29,39.61268997192383
2010-11-30,39.38235092163086
2010-12-01,39.938995361328125
2010-12-02,40.05415725708008
2010-12-03,40.028594970703125
2010-12-06,39.79823303222656
2010-12-07,39.868621826171875
2010-12-08,39.95820236206055
2010-12-09,39.70866394042969
2010-12-10,39.61268997192383
2010-12-13,39.58070373535156
2010-12-14,40.16294860839844
2010-12-15,40.03499221801758
2010-12-16,39.926204681396484
2010-12-17,40.01578140258789
2010-12-20,39.98379898071289
2010-12-21,39.887813568115234
2010-12-22,39.68307113647461
2010-12-23,39.83024597167969
2010-12-27,39.62548065185547
2010-12-28,39.70225524902344
2010-12-29,39.753448486328125
2010-12-30,39.63187789916992
2010-12-31,39.57428741455078
2011-01-03,40.19493865966797
2011-01-04,40.53406524658203
2011-01-05,40.508460998535156
2011-01-06,40.444480895996094
2011-01-07,40.05415725708008
2011-01-10,39.77264404296875
2011-01-11,39.8430290222168
2011-01-12,39.99018478393555
2011-01-13,40.252525329589844
2011-01-14,40.022178649902344
2011-01-18,39.73426055908203
2011-01-19,40.028594970703125
2011-01-20,40.22053909301758
2011-01-21,40.092567443847656
2011-01-24,39.81103515625
2011-01-25,39.08160400390625
2011-01-26,38.77450180053711
2011-01-27,38.82568359375
2011-01-28,38.3969841003418
2011-01-31,38.2434196472168
2011-02-01,38.7936897277832
2011-02-02,38.78729248046875
2011-02-03,38.902462005615234
2011-02-04,38.92806625366211
2011-02-07,38.94725036621094
2011-02-08,38.99203109741211
2011-02-09,38.953636169433594
2011-02-10,38.98563766479492
2011-02-11,38.838470458984375
2011-02-14,38.838470458984375
2011-02-15,38.78729248046875
2011-02-16,38.72328567504883
2011-02-17,38.89606475830078
2011-02-18,39.10081481933594
2011-02-22,38.806495666503906
2011-02-23,38.6401252746582
2011-02-24,38.55055236816406
2011-02-25,38.50534439086914
2011-02-28,39.66748046875
2011-03-01,39.1897087097168
2011-03-02,39.26072692871094
2011-03-03,39.41568374633789
2011-03-04,39.422142028808594
2011-03-07,38.99602508544922
2011-03-08,39.196170806884766
2011-03-09,38.99602508544922
2011-03-10,38.485992431640625
2011-03-11,38.53763198852539
2011-03-14,38.176090240478516
2011-03-15,37.75642395019531
2011-03-16,37.22700881958008
2011-03-17,37.53044509887695
2011-03-18,37.814537048339844
2011-03-21,37.98240280151367
2011-03-22,37.95656204223633
2011-03-23,37.911376953125
2011-03-24,38.111515045166016
2011-03-25,38.079227447509766
2011-03-28,38.24710464477539
2011-03-29,38.23417663574219
2011-03-30,38.33747482299805
2011-03-31,38.2535514831543
2011-04-01,38.408504486083984
2011-04-04,38.83462142944336
2011-04-05,38.608642578125
2011-04-06,38.518253326416016
2011-04-07,38.40205383300781
2011-04-08,38.389129638671875
2011-04-11,38.64738845825195
2011-04-12,38.69903564453125
2011-04-13,38.47952651977539
2011-04-14,38.75068664550781
2011-04-15,39.09933853149414
2011-04-18,39.03476333618164
2011-04-19,40.47452163696289
2011-04-20,41.57209014892578
2011-04-21,41.365482330322266
2011-04-25,41.39132308959961
2011-04-26,41.93363952636719
2011-04-27,42.33394241333008
2011-04-28,42.211280822753906
2011-04-29,42.430782318115234
2011-05-02,42.74714279174805
2011-05-03,42.77940368652344
2011-05-04,42.398494720458984
2011-05-05,41.97238540649414
2011-05-06,42.14023971557617
2011-05-09,42.37266540527344
2011-05-10,42.45659255981445
2011-05-11,42.97956848144531
2011-05-12,43.37985610961914
2011-05-13,43.011844635009766
2011-05-16,42.85043716430664
2011-05-17,42.86979675292969
2011-05-18,42.93436813354492
2011-05-19,42.863346099853516
2011-05-20,42.41139221191406
2011-05-23,42.32746887207031
2011-05-24,42.46951675415039
2011-05-25,42.798789978027344
2011-05-26,42.66204833984375
2011-05-27,43.48257064819336
2011-05-31,43.821224212646484
2011-06-01,43.29371643066406
2011-06-02,43.29371643066406
2011-06-03,43.03973388671875
2011-06-06,43.01370620727539
2011-06-07,42.655513763427734
2011-06-08,43.07231521606445
2011-06-09,43.48908615112305
2011-06-10,43.03973388671875
2011-06-13,43.365360260009766
2011-06-14,43.69747543334961
2011-06-15,43.0853271484375
2011-06-16,43.18952941894531
2011-06-17,43.169986724853516
2011-06-20,43.31325149536133
2011-06-21,43.300235748291016
2011-06-22,43.0267219543457
2011-06-23,42.766212463378906
2011-06-24,42.36897277832031
2011-06-27,42.49271774291992
2011-06-28,42.92252731323242
2011-06-29,43.183013916015625
2011-06-30,43.31976318359375
2011-07-01,43.82772445678711
2011-07-05,44.0361213684082
2011-07-06,43.990535736083984
2011-07-07,44.231475830078125
2011-07-08,44.00355529785156
2011-07-11,43.80818557739258
2011-07-12,43.651885986328125
2011-07-13,44.04262924194336
2011-07-14,44.06217575073242
2011-07-15,43.92542266845703
2011-07-18,43.69096374511719
2011-07-19,43.450016021728516
2011-07-20,43.137420654296875
2011-07-21,43.28721237182617
2011-07-22,43.450016021728516
2011-07-25,43.14393615722656
2011-07-26,42.92904281616211
2011-07-27,42.47969055175781
2011-07-28,42.38199996948242
2011-07-29,42.193138122558594
2011-08-01,41.9456901550293
2011-08-02,41.307464599609375
2011-08-03,41.294456481933594
2011-08-04,40.27201461791992
2011-08-05,40.83857727050781
2011-08-08,39.803131103515625
2011-08-09,40.50645446777344
2011-08-10,39.204002380371094
2011-08-11,41.31397247314453
2011-08-12,41.26188659667969
2011-08-15,42.06288146972656
2011-08-16,41.91312026977539
2011-08-17,41.84798812866211
2011-08-18,41.13163757324219
2011-08-19,41.11861038208008
2011-08-22,41.216285705566406
2011-08-23,42.31037139892578
2011-08-24,42.675048828125
2011-08-25,42.0368537902832
2011-08-26,42.23396682739258
2011-08-29,43.272064208984375
2011-08-30,43.21293258666992
2011-08-31,43.23264694213867
2011-09-01,42.923851013183594
2011-09-02,42.095977783203125
2011-09-06,42.470481872558594
2011-09-07,42.989540100097656
2011-09-08,42.674163818359375
2011-09-09,41.81344985961914
2011-09-12,41.78060531616211
2011-09-13,41.79374694824219
2011-09-14,41.87258529663086
2011-09-15,42.31281280517578
2011-09-16,42.4376220703125
2011-09-19,42.1419677734375
2011-09-20,42.19453430175781
2011-09-21,41.47837448120117
2011-09-22,40.68335723876953
2011-09-23,40.4665412902832
2011-09-26,41.18927764892578
2011-09-27,41.93170928955078
2011-09-28,41.55721664428711
2011-09-29,41.984291076660156
2011-09-30,41.8463134765625
2011-10-03,40.788490295410156
2011-10-04,40.84761428833008
2011-10-05,40.965877532958984
2011-10-06,41.26811981201172
2011-10-07,41.47837448120117
2011-10-10,42.332523345947266
2011-10-11,42.023712158203125
2011-10-12,42.266822814941406
2011-10-13,42.20109558105469
2011-10-14,42.52305221557617
2011-10-17,41.912010192871094
2011-10-18,42.3259391784668
2011-10-19,41.15642547607422
2011-10-20,41.08414840698242
2011-10-21,41.905452728271484
2011-10-24,42.52963638305664
2011-10-25,41.8463134765625
2011-10-26,42.37194061279297
2011-10-27,43.035526275634766
2011-10-28,43.10124588012695
2011-10-31,42.30624771118164
2011-11-01,41.64262390136719
2011-11-02,41.81344985961914
2011-11-03,42.27337646484375
2011-11-04,42.12883377075195
2011-11-07,42.04999542236328
2011-11-08,42.61503601074219
2011-11-09,41.741180419921875
2011-11-10,42.12883377075195
2011-11-11,42.871280670166016
2011-11-14,42.64789962768555
2011-11-15,42.700443267822266
2011-11-16,42.31281280517578
2011-11-17,42.01055908203125
2011-11-18,41.95143508911133
2011-11-21,41.35353469848633
2011-11-22,41.32725143432617
2011-11-23,40.7293586730957
2011-11-25,40.629886627197266
2011-11-28,41.35932922363281
2011-11-29,41.6312141418457
2011-11-30,42.91767501831055
2011-12-01,42.73863220214844
2011-12-02,42.08876037597656
2011-12-05,42.01582336425781
2011-12-06,42.102027893066406
2011-12-07,42.73863220214844
2011-12-08,42.29434585571289
2011-12-09,42.791690826416016
2011-12-12,42.11530303955078
2011-12-13,42.01582336425781
2011-12-14,41.896461486816406
2011-12-15,42.44023513793945
2011-12-16,42.639163970947266
2011-12-19,42.12854766845703
2011-12-20,42.78506088256836
2011-12-21,43.07684326171875
2011-12-22,43.22272491455078
2011-12-23,43.75322723388672
2011-12-27,43.779747009277344
2011-12-28,43.401763916015625
2011-12-29,43.686912536621094
2011-12-30,43.48797607421875
2012-01-03,43.686912536621094
2012-01-04,43.42166519165039
2012-01-05,43.368595123291016
2012-01-06,42.99062728881836
2012-01-09,43.056949615478516
2012-01-10,43.23598098754883
2012-01-11,43.1895637512207
2012-01-12,43.25588607788086
2012-01-13,43.27577209472656
2012-01-17,43.182926177978516
2012-01-18,43.28902816772461
2012-01-19,43.229347229003906
2012-01-20,43.28239059448242
2012-01-23,43.103363037109375
2012-01-24,43.103363037109375
2012-01-25,43.249263763427734
2012-01-26,43.567535400390625
2012-01-27,43.4747200012207
2012-01-30,43.57417297363281
2012-01-31,43.706790924072266
2012-02-01,43.56092071533203
2012-02-02,43.49460220336914
2012-02-03,43.52774429321289
2012-02-06,43.229347229003906
2012-02-07,43.27577209472656
2012-02-08,43.26250457763672
2012-02-09,43.03041076660156
2012-02-10,42.838104248046875
2012-02-13,42.891151428222656
2012-02-14,42.844749450683594
2012-02-15,42.87125778198242
2012-02-16,43.05031204223633
2012-02-17,43.09672164916992
2012-02-21,43.12987518310547
2012-02-22,43.103363037109375
2012-02-23,43.1696662902832
2012-02-24,43.12283706665039
2012-02-27,43.11615753173828
2012-02-28,43.6045036315918
2012-02-29,43.5376091003418
2012-03-01,43.370357513427734
2012-03-02,43.33022689819336
2012-03-05,43.42387771606445
2012-03-06,43.04924774169922
2012-03-07,43.01579666137695
2012-03-08,43.38374710083008
2012-03-09,43.310157775878906
2012-03-12,43.550994873046875
2012-03-13,43.70484924316406
2012-03-14,43.5376091003418
2012-03-15,43.53091812133789
2012-03-16,43.56437683105469
2012-03-19,43.62458038330078
2012-03-20,43.45733642578125
2012-03-21,43.323543548583984
2012-03-22,43.12283706665039
2012-03-23,43.18305587768555
2012-03-26,43.59782028198242
2012-03-27,43.751678466796875
2012-03-28,43.89887237548828
2012-03-29,43.8453483581543
2012-03-30,44.12631607055664
2012-04-02,44.29357147216797
2012-04-03,44.07279968261719
2012-04-04,43.744998931884766
2012-04-05,43.711544036865234
2012-04-09,43.43057632446289
2012-04-10,42.948890686035156
2012-04-11,42.90205764770508
2012-04-12,42.915470123291016
2012-04-13,42.50736999511719
2012-04-16,42.801727294921875
2012-04-17,42.9622802734375
2012-04-18,42.32005310058594
2012-04-19,42.16619110107422
2012-04-20,42.62109375
2012-04-23,42.39363098144531
2012-04-24,42.661231994628906
2012-04-25,43.102779388427734
2012-04-26,43.31684494018555
2012-04-27,43.37705993652344
2012-04-30,43.550994873046875
2012-05-01,43.63126754760742
2012-05-02,43.70484924316406
2012-05-03,43.711544036865234
2012-05-04,43.310157775878906
2012-05-07,43.35029220581055
2012-05-08,43.470726013183594
2012-05-09,43.0024299621582
2012-05-10,43.19642639160156
2012-05-11,43.04255294799805
2012-05-14,42.76829147338867
2012-05-15,42.554195404052734
2012-05-16,42.62109375
2012-05-17,42.514060974121094
2012-05-18,42.38026428222656
2012-05-21,42.460533142089844
2012-05-22,42.493995666503906
2012-05-23,42.326751708984375
2012-05-24,42.623958587646484
2012-05-25,42.22542953491211
2012-05-29,42.27946472167969
2012-05-30,42.02278137207031
2012-05-31,42.17138671875
2012-06-01,41.732303619384766
2012-06-04,42.110595703125
2012-06-05,42.02278137207031
2012-06-06,42.421321868896484
2012-06-07,42.421321868896484
2012-06-08,42.542903900146484
2012-06-11,41.96198272705078
2012-06-12,42.61045455932617
2012-06-13,43.535892486572266
2012-06-14,44.21139144897461
2012-06-15,44.58967971801758
2012-06-18,44.78554916381836
2012-06-19,45.06927490234375
2012-06-20,45.2584228515625
2012-06-21,44.84635925292969
2012-06-22,45.00847625732422
2012-06-25,44.920654296875
2012-06-26,44.866607666015625
2012-06-27,45.150325775146484
2012-06-28,45.21788787841797
2012-06-29,45.63669204711914
2012-07-02,45.93390655517578
2012-07-03,45.96092224121094
2012-07-05,45.7852897644043
2012-07-06,45.69073486328125
2012-07-09,45.7852897644043
2012-07-10,45.852840423583984
2012-07-11,45.866355895996094
2012-07-12,45.73801803588867
2012-07-13,46.34596252441406
2012-07-16,46.23788070678711
2012-07-17,46.60940933227539
2012-07-18,46.85934829711914
2012-07-19,46.96743392944336
2012-07-20,46.35947036743164
2012-07-23,46.008201599121094
2012-07-24,45.49483108520508
2012-07-25,45.61643600463867
2012-07-26,46.433780670166016
2012-07-27,46.96064758300781
2012-07-30,46.91337966918945
2012-07-31,46.75802230834961
2012-08-01,46.86609649658203
2012-08-02,46.23788070678711
2012-08-03,46.69046401977539
2012-08-06,46.50132751464844
2012-08-07,46.12980270385742
2012-08-08,46.17033767700195
2012-08-09,46.150081634521484
2012-08-10,46.366233825683594
2012-08-13,46.24463653564453
2012-08-14,46.366233825683594
2012-08-15,46.17033767700195
2012-08-16,46.06902313232422
2012-08-17,45.79880905151367
2012-08-20,45.73126220703125
2012-08-21,45.7852897644043
2012-08-22,45.765037536621094
2012-08-23,45.75825881958008
2012-08-24,46.07865905761719
2012-08-27,46.003662109375
2012-08-28,46.01729202270508
2012-08-29,45.9218635559082
2012-08-30,45.81281661987305
2012-08-31,45.96277618408203
2012-09-04,45.846893310546875
2012-09-05,45.85370635986328
2012-09-06,46.242225646972656
2012-09-07,46.269500732421875
2012-09-10,46.474002838134766
2012-09-11,46.487640380859375
2012-09-12,46.45353317260742
2012-09-13,47.026123046875
2012-09-14,46.67166519165039
2012-09-17,46.52170944213867
2012-09-18,46.7262077331543
2012-09-19,46.760284423828125
2012-09-20,46.964778900146484
2012-09-21,47.0738410949707
2012-09-24,47.03293228149414
2012-09-25,47.25107955932617
2012-09-26,47.03293228149414
2012-09-27,47.03974914550781
2012-09-28,46.971580505371094
2012-10-01,47.12154769897461
2012-10-02,47.00567626953125
2012-10-03,47.03293228149414
2012-10-04,47.21697998046875
2012-10-05,47.47600555419922
2012-10-08,47.3328742980957
2012-10-09,46.63077926635742
2012-10-10,46.50126647949219
2012-10-11,46.33086395263672
2012-10-12,46.33086395263672
2012-10-15,46.760284423828125
2012-10-16,47.407840728759766
2012-10-17,48.396236419677734
2012-10-18,49.43230056762695
2012-10-19,48.98241424560547
2012-10-22,48.927894592285156
2012-10-23,48.32123565673828
2012-10-24,48.21897888183594
2012-10-25,48.49164962768555
2012-10-26,48.32805633544922
2012-10-31,48.273502349853516
2012-11-01,48.73702621459961
2012-11-02,48.32805633544922
2012-11-05,48.253082275390625
2012-11-06,48.40302276611328
2012-11-07,47.94633102416992
2012-11-08,47.47600555419922
2012-11-09,47.6259651184082
2012-11-12,47.496456146240234
2012-11-13,47.38056182861328
2012-11-14,47.21697998046875
2012-11-15,47.08065414428711
2012-11-16,47.162452697753906
2012-11-19,47.20335006713867
2012-11-20,47.48964309692383
2012-11-21,47.43511199951172
2012-11-23,47.83393859863281
2012-11-26,47.51074981689453
2012-11-27,47.31821060180664
2012-11-28,47.648292541503906
2012-11-29,47.600154876708984
2012-11-30,47.95084762573242
2012-12-03,47.89583969116211
2012-12-04,48.040245056152344
2012-12-05,48.11589050292969
2012-12-06,48.17091369628906
2012-12-07,48.44596862792969
2012-12-10,48.54911804199219
2012-12-11,48.89296340942383
2012-12-12,48.79668045043945
2012-12-13,48.652278900146484
2012-12-14,48.61100387573242
2012-12-17,48.782936096191406
2012-12-18,48.789794921875
2012-12-19,48.56974411010742
2012-12-20,48.652278900146484
2012-12-21,48.32218551635742
2012-12-24,48.150272369384766
2012-12-26,48.253421783447266
2012-12-27,48.19840621948242
2012-12-28,47.778953552246094
2012-12-31,48.20528793334961
2013-01-02,48.71419143676758
2013-01-03,48.64539337158203
2013-01-04,49.202396392822266
2013-01-07,49.09925842285156
2013-01-08,49.10612869262695
2013-01-09,49.32618713378906
2013-01-10,49.642520904541016
2013-01-11,49.75253677368164
2013-01-14,49.89696502685547
2013-01-15,49.766273498535156
2013-01-16,49.91070556640625
2013-01-17,50.13074493408203
2013-01-18,50.35768127441406
2013-01-22,49.986328125
2013-01-23,50.09636688232422
2013-01-24,50.26826095581055
2013-01-25,50.83218002319336
2013-01-28,50.62586975097656
2013-01-29,51.169124603271484
2013-01-30,50.94907760620117
2013-01-31,50.83218002319336
2013-02-01,51.010982513427734
2013-02-04,50.96282196044922
2013-02-05,51.34105682373047
2013-02-06,51.843017578125
2013-02-07,51.616119384765625
2013-02-08,51.90492248535156
2013-02-11,51.856773376464844
2013-02-12,52.124977111816406
2013-02-13,52.028724670410156
2013-02-14,52.13185501098633
2013-02-15,52.37255096435547
2013-02-19,52.92267990112305
2013-02-20,52.70951461791992
2013-02-21,52.86078643798828
2013-02-22,52.85385513305664
2013-02-25,52.382503509521484
2013-02-26,52.50728225708008
2013-02-27,52.90240478515625
2013-02-28,52.75680923461914
2013-03-01,53.165771484375
2013-03-04,53.51234817504883
2013-03-05,53.831233978271484
2013-03-06,53.64406204223633
2013-03-07,53.893592834472656
2013-03-08,54.19858932495117
2013-03-11,54.371883392333984
2013-03-12,54.4550666809082
2013-03-13,54.44813919067383
2013-03-14,54.82937240600586
2013-03-15,54.891780853271484
2013-03-18,54.62834548950195
2013-03-19,54.66300964355469
2013-03-20,55.07197189331055
2013-03-21,54.76698303222656
2013-03-22,55.273014068603516
2013-03-25,55.23139572143555
2013-03-26,56.04241943359375
2013-03-27,56.333560943603516
2013-03-28,56.51375198364258
2013-04-01,56.79102325439453
2013-04-02,57.317832946777344
2013-04-03,56.8880729675293
2013-04-04,57.12373733520508
2013-04-05,56.867271423339844
2013-04-08,56.22263717651367
2013-04-09,56.50684356689453
2013-04-10,56.85341262817383
2013-04-11,57.06133270263672
2013-04-12,57.35248947143555
2013-04-15,56.63852310180664
2013-04-16,57.83771896362305
2013-04-17,58.156578063964844
2013-04-18,57.657474517822266
2013-04-19,58.56553268432617
2013-04-22,58.801204681396484
2013-04-23,59.23097229003906
2013-04-24,58.49623107910156
2013-04-25,59.071529388427734
2013-04-26,59.0022087097168
2013-04-29,59.32109451293945
2013-04-30,59.07845687866211
2013-05-01,58.38530731201172
2013-05-02,59.02994918823242
2013-05-03,59.438926696777344
2013-05-06,58.69721984863281
2013-05-07,59.28643035888672
2013-05-08,59.2379035949707
2013-05-09,59.02301788330078
2013-05-10,59.44584274291992
2013-05-13,59.50822448730469
2013-05-14,60.28456497192383
2013-05-15,60.748966217041016
2013-05-16,60.61730194091797
2013-05-17,61.060916900634766
2013-05-20,61.00548553466797
2013-05-21,61.40750503540039
2013-05-22,61.31739044189453
2013-05-23,60.90536117553711
2013-05-24,60.63298797607422
2013-05-28,61.18470001220703
2013-05-29,59.815879821777344
2013-05-30,60.05331039428711
2013-05-31,58.78926086425781
2013-06-03,59.15943145751953
2013-06-04,58.73340606689453
2013-06-05,58.44009017944336
2013-06-06,58.98481750488281
2013-06-07,59.29909133911133
2013-06-10,59.4597282409668
2013-06-11,59.145450592041016
2013-06-12,58.48198318481445
2013-06-13,59.29909133911133
2013-06-14,59.29909133911133
2013-06-17,59.801910400390625
2013-06-18,60.311729431152344
2013-06-19,59.26418685913086
2013-06-20,57.6998176574707
2013-06-21,58.10487747192383
2013-06-24,59.089569091796875
2013-06-25,59.60636520385742
2013-06-26,60.75170135498047
2013-06-27,60.55616760253906
2013-06-28,59.962528228759766
2013-07-01,60.50031280517578
2013-07-02,60.4583740234375
2013-07-03,60.605045318603516
2013-07-05,61.36626434326172
2013-07-08,61.869117736816406
2013-07-09,62.07162857055664
2013-07-10,62.32305908203125
2013-07-11,62.62335205078125
2013-07-12,62.84685134887695
2013-07-15,63.1331787109375
2013-07-16,63.1331787109375
2013-07-17,62.944610595703125
2013-07-18,62.9725341796875
2013-07-19,64.41121673583984
2013-07-22,64.44609832763672
2013-07-23,64.54390716552734
2013-07-24,64.5019760131836
2013-07-25,64.64862823486328
2013-07-26,64.83023071289062
2013-07-29,65.09558868408203
2013-07-30,65.06767272949219
2013-07-31,65.29813385009766
2013-08-01,65.48670196533203
2013-08-02,65.91968536376953
2013-08-05,65.5076675415039
2013-08-06,65.51463317871094
2013-08-07,65.40988159179688
2013-08-08,65.18640899658203
2013-08-09,64.5019760131836
2013-08-12,64.25057983398438
2013-08-13,64.9559326171875
2013-08-14,63.34268569946289
2013-08-15,62.539546966552734
2013-08-16,62.41386413574219
2013-08-19,63.16807556152344
2013-08-20,62.66526794433594
2013-08-21,62.01577377319336
2013-08-22,61.63866424560547
2013-08-23,62.208595275878906
2013-08-26,61.58939743041992
2013-08-27,60.63245391845703
2013-08-28,60.885772705078125
2013-08-29,60.91389083862305
2013-08-30,60.80132293701172
2013-09-03,60.808349609375
2013-09-04,61.14610290527344
2013-09-05,61.2446174621582
2013-09-06,61.32906723022461
2013-09-09,61.610511779785156
2013-09-10,62.29302215576172
2013-09-11,62.78555679321289
2013-09-12,62.63077163696289
2013-09-13,62.32115936279297
2013-09-16,62.64485168457031
2013-09-17,62.66596603393555
2013-09-18,63.264068603515625
2013-09-19,63.37663269042969
2013-09-20,63.10222625732422
2013-09-23,62.68708419799805
2013-09-24,62.07489776611328
2013-09-25,61.27275466918945
2013-09-26,61.26572799682617
2013-09-27,61.02648162841797
2013-09-30,60.99833679199219
2013-10-01,61.547176361083984
2013-10-02,61.4205207824707
2013-10-03,60.92094421386719
2013-10-04,61.4345703125
2013-10-07,60.927978515625
2013-10-08,60.2383918762207
2013-10-09,60.48468017578125
2013-10-10,61.76530838012695
2013-10-11,62.94036865234375
2013-10-14,63.186649322509766
2013-10-15,63.27814865112305
2013-10-16,64.1084213256836
2013-10-17,64.71353149414062
2013-10-18,64.47431945800781
2013-10-21,64.17174530029297
2013-10-22,64.98797607421875
2013-10-23,64.80498504638672
2013-10-24,64.9809341430664
2013-10-25,64.79796600341797
2013-10-28,65.00906372070312
2013-10-29,65.53679656982422
2013-10-30,65.29053497314453
2013-10-31,65.16386413574219
2013-11-01,65.69864654541016
2013-11-04,65.45942687988281
2013-11-05,65.30459594726562
2013-11-06,65.46643829345703
2013-11-07,65.22016143798828
2013-11-08,66.17710876464844
2013-11-11,66.3459701538086
2013-11-12,65.83232879638672
2013-11-13,65.67752075195312
2013-11-14,66.08563995361328
2013-11-15,66.41634368896484
2013-11-18,66.35303497314453
2013-11-19,66.7470703125
2013-11-20,66.95111846923828
2013-11-21,66.98628997802734
2013-11-22,67.48934936523438
2013-11-25,67.75862121582031
2013-11-26,67.35474395751953
2013-11-27,67.29804992675781
2013-11-29,67.07134246826172
2013-12-02,66.80207824707031
2013-12-03,66.5824203491211
2013-12-04,66.34150695800781
2013-12-05,65.87389373779297
2013-12-06,66.91545867919922
2013-12-09,66.91545867919922
2013-12-10,66.70288848876953
2013-12-11,65.97305297851562
2013-12-12,64.59140014648438
2013-12-13,64.72601318359375
2013-12-16,64.74017333984375
2013-12-17,64.23711395263672
2013-12-18,65.64006042480469
2013-12-19,65.17242431640625
2013-12-20,65.2503433227539
2013-12-23,65.20783233642578
2013-12-24,65.2291030883789
2013-12-26,65.5691909790039
2013-12-27,65.4345703125
2013-12-30,65.39915466308594
2013-12-31,64.8960952758789
2014-01-02,64.49928283691406
2014-01-03,65.08030700683594
2014-01-06,65.42037200927734
2014-01-07,66.80914306640625
2014-01-08,66.717041015625
2014-01-09,67.12091827392578
2014-01-10,67.12800598144531
2014-01-13,66.95793151855469
2014-01-14,67.11383056640625
2014-01-15,67.17052459716797
2014-01-16,67.05715942382812
2014-01-17,67.35474395751953
2014-01-21,66.62494659423828
2014-01-22,66.83039093017578
2014-01-23,65.71089935302734
2014-01-24,64.20167541503906
2014-01-27,63.726951599121094
2014-01-28,63.840335845947266
2014-01-29,62.99009323120117
2014-01-30,63.41521072387695
2014-01-31,62.685386657714844
2014-02-03,61.48796081542969
2014-02-04,61.37460708618164
2014-02-05,61.842201232910156
2014-02-06,62.8838005065918
2014-02-07,63.79781723022461
2014-02-10,64.52761840820312
2014-02-11,65.87389373779297
2014-02-12,65.4841537475586
2014-02-13,65.58338165283203
2014-02-14,65.72505950927734
2014-02-18,65.3070297241211
2014-02-19,64.9314956665039
2014-02-20,65.4558334350586
2014-02-21,65.31307220458984
2014-02-24,65.0204849243164
2014-02-25,65.0204849243164
2014-02-26,65.0204849243164
2014-02-27,65.19891357421875
2014-02-28,65.74128723144531
2014-03-03,65.34166717529297
2014-03-04,66.61193084716797
2014-03-05,66.07672119140625
2014-03-06,66.29077911376953
2014-03-07,66.59767150878906
2014-03-10,66.6904296875
2014-03-11,66.71898651123047
2014-03-12,66.7974853515625
2014-03-13,66.3692855834961
2014-03-14,66.23370361328125
2014-03-17,67.0329818725586
2014-03-18,67.04012298583984
2014-03-19,66.79032897949219
2014-03-20,67.16859436035156
2014-03-21,68.46026611328125
2014-03-24,67.9393081665039
2014-03-25,69.49507141113281
2014-03-26,69.25958251953125
2014-03-27,69.42372131347656
2014-03-28,69.53791046142578
2014-03-31,70.1016845703125
2014-04-01,69.8947525024414
2014-04-02,70.1016845703125
2014-04-03,70.12310028076172
2014-04-04,70.2372817993164
2014-04-07,69.85904693603516
2014-04-08,69.9803466796875
2014-04-09,70.615478515625
2014-04-10,68.8956298828125
2014-04-11,69.13111877441406
2014-04-14,69.32377624511719
2014-04-15,70.79391479492188
2014-04-16,70.47278594970703
2014-04-17,70.62264251708984
2014-04-21,71.36483001708984
2014-04-22,71.4932861328125
2014-04-23,71.5218276977539
2014-04-24,71.33627319335938
2014-04-25,71.21495819091797
2014-04-28,72.32109832763672
2014-04-29,72.09986877441406
2014-04-30,72.28543853759766
2014-05-01,71.7430648803711
2014-05-02,70.87240600585938
2014-05-05,71.36483001708984
2014-05-06,71.01515197753906
2014-05-07,72.01426696777344
2014-05-08,71.72166442871094
2014-05-09,72.01426696777344
2014-05-12,71.73594665527344
2014-05-13,72.0927505493164
2014-05-14,71.98570251464844
2014-05-15,71.85726928710938
2014-05-16,71.77875518798828
2014-05-19,71.82158660888672
2014-05-20,71.54325103759766
2014-05-21,72.17839813232422
2014-05-22,72.55207824707031
2014-05-23,72.56642150878906
2014-05-27,72.44427490234375
2014-05-28,72.0777587890625
2014-05-29,72.4083480834961
2014-05-30,72.911376953125
2014-06-02,73.42159271240234
2014-06-03,73.62999725341797
2014-06-04,73.7881088256836
2014-06-05,74.1761703491211
2014-06-06,74.14742279052734
2014-06-09,74.1761703491211
2014-06-10,74.80852508544922
2014-06-11,74.2480239868164
2014-06-12,73.68031311035156
2014-06-13,73.68031311035156
2014-06-16,73.6228256225586
2014-06-17,73.24915313720703
2014-06-18,73.88152313232422
2014-06-19,74.60013580322266
2014-06-20,75.6493148803711
2014-06-23,75.27565002441406
2014-06-24,75.1606674194336
2014-06-25,76.00147247314453
2014-06-26,75.92242431640625
2014-06-27,75.4480972290039
2014-06-30,75.18224334716797
2014-07-01,76.08049774169922
2014-07-02,76.07331085205078
2014-07-03,75.75713348388672
2014-07-07,76.51168823242188
2014-07-08,75.97270965576172
2014-07-09,76.20269012451172
2014-07-10,76.03020477294922
2014-07-11,75.52716064453125
2014-07-14,75.72840881347656
2014-07-15,74.21927642822266
2014-07-16,73.4575424194336
2014-07-17,72.12808990478516
2014-07-18,73.15572357177734
2014-07-21,72.77485656738281
2014-07-22,73.63719940185547
2014-07-23,73.43598937988281
2014-07-24,73.44317626953125
2014-07-25,73.37849426269531
2014-07-28,73.37849426269531
2014-07-29,73.27068328857422
2014-07-30,73.51504516601562
2014-07-31,71.9268569946289
2014-08-01,71.79031372070312
2014-08-04,71.97720336914062
2014-08-05,71.73283386230469
2014-08-06,72.37242126464844
2014-08-07,71.8119125366211
2014-08-08,72.63832092285156
2014-08-11,72.69580841064453
2014-08-12,72.31494140625
2014-08-13,73.11260223388672
2014-08-14,73.31378936767578
2014-08-15,72.7029800415039
2014-08-18,73.80248260498047
2014-08-19,73.98933410644531
2014-08-20,74.1689682006836
2014-08-21,74.87324523925781
2014-08-22,74.59107971191406
2014-08-25,74.68512725830078
2014-08-26,74.83706665039062
2014-08-27,74.67790222167969
2014-08-28,74.48257446289062
2014-08-29,75.046875
2014-09-02,74.77918243408203
2014-09-03,75.06856536865234
2014-09-04,75.12643432617188
2014-09-05,75.54607391357422
2014-09-08,75.27836608886719
2014-09-09,75.0975112915039
2014-09-10,75.95843505859375
2014-09-11,75.6401138305664
2014-09-12,75.66181945800781
2014-09-15,75.76311492919922
2014-09-16,76.60234832763672
2014-09-17,76.82664489746094
2014-09-18,77.66585540771484
2014-09-19,78.1288833618164
2014-09-22,78.04928588867188
2014-09-23,77.7454605102539
2014-09-24,78.59915924072266
2014-09-25,77.48499298095703
2014-09-26,77.48499298095703
2014-09-29,77.07984924316406
2014-09-30,77.1159896850586
2014-10-01,75.4592514038086
2014-10-02,75.13368225097656
2014-10-03,76.0597152709961
2014-10-06,75.8643798828125
2014-10-07,74.07736206054688
2014-10-08,75.90058135986328
2014-10-09,73.85311889648438
2014-10-10,73.23816680908203
2014-10-13,71.71160888671875
2014-10-14,70.18505859375
2014-10-15,71.0532455444336
2014-10-16,70.0186538696289
2014-10-17,71.40776062011719
2014-10-20,71.76948547363281
2014-10-21,72.60872650146484
2014-10-22,73.2309341430664
2014-10-23,74.25103759765625
2014-10-24,74.6127700805664
2014-10-27,75.29286193847656
2014-10-28,75.81376647949219
2014-10-29,76.37084197998047
2014-10-30,77.44159698486328
2014-10-31,77.97693634033203
2014-11-03,77.7454605102539
2014-11-04,78.58472442626953
2014-11-05,78.72940826416016
2014-11-06,78.86686706542969
2014-11-07,78.28079986572266
2014-11-10,78.72940826416016
2014-11-11,78.79451751708984
2014-11-12,78.67874908447266
2014-11-13,78.91026306152344
2014-11-14,78.25190734863281
2014-11-17,78.35319519042969
2014-11-18,78.73661041259766
2014-11-19,78.68595123291016
2014-11-20,78.26636505126953
2014-11-21,78.54306030273438
2014-11-24,77.82943725585938
2014-11-25,77.69837188720703
2014-11-26,78.06974029541016
2014-11-28,78.82707977294922
2014-12-01,78.66685485839844
2014-12-02,79.01639556884766
2014-12-03,78.44114685058594
2014-12-04,78.32461547851562
2014-12-05,79.01639556884766
2014-12-08,79.023681640625
2014-12-09,78.68143463134766
2014-12-10,77.3634033203125
2014-12-11,77.71292114257812
2014-12-12,76.04534912109375
2014-12-15,75.70311737060547
2014-12-16,74.82929992675781
2014-12-17,75.78321075439453
2014-12-18,77.77848815917969
2014-12-19,76.86095428466797
2014-12-22,77.72748565673828
2014-12-23,75.93612670898438
2014-12-24,76.16187286376953
2014-12-26,76.50411224365234
2014-12-29,76.70073699951172
2014-12-30,76.72257995605469
2014-12-31,76.14729309082031
2015-01-02,76.11090087890625
2015-01-05,75.57933807373047
2015-01-06,75.20793914794922
2015-01-07,76.86824798583984
2015-01-08,77.47261047363281
2015-01-09,76.41675567626953
2015-01-12,76.15460968017578
2015-01-13,76.28565979003906
2015-01-14,75.73223876953125
2015-01-15,74.6326675415039
2015-01-16,75.76136016845703
2015-01-20,73.75882720947266
2015-01-21,74.20304107666016
2015-01-22,75.55748748779297
2015-01-23,74.42146301269531
2015-01-26,74.4651870727539
2015-01-27,74.34138488769531
2015-01-28,73.8971939086914
2015-01-29,74.55255126953125
2015-01-30,72.92141723632812
2015-02-02,73.42384338378906
2015-02-03,74.61082458496094
2015-02-04,73.80979919433594
2015-02-05,74.61082458496094
2015-02-06,73.62047576904297
2015-02-09,72.65927124023438
2015-02-10,73.07433319091797
2015-02-11,73.09619140625
2015-02-12,71.6834945678711
2015-02-13,72.54275512695312
2015-02-17,73.1398696899414
2015-02-18,72.79033660888672
2015-02-19,73.32917785644531
2015-02-20,73.51983642578125
2015-02-23,73.46119689941406
2015-02-24,73.84249877929688
2015-02-25,74.21648406982422
2015-02-26,75.3824234008789
2015-02-27,75.16976165771484
2015-03-02,75.6904067993164
2015-03-03,75.04510498046875
2015-03-04,74.53914642333984
2015-03-05,75.17708587646484
2015-03-06,73.40986633300781
2015-03-09,73.81315612792969
2015-03-10,72.98454284667969
2015-03-11,72.09727478027344
2015-03-12,73.20454406738281
2015-03-13,72.74990844726562
2015-03-16,74.10649871826172
2015-03-17,73.24854278564453
2015-03-18,74.3998031616211
2015-03-19,74.56849670410156
2015-03-20,75.0890884399414
2015-03-23,75.514404296875
2015-03-24,74.76644897460938
2015-03-25,73.5785140991211
2015-03-26,73.43187713623047
2015-03-27,73.5785140991211
2015-03-30,74.46580505371094
2015-03-31,73.76917266845703
2015-04-01,72.70588684082031
2015-04-02,73.06522369384766
2015-04-06,72.71321868896484
2015-04-07,73.40254211425781
2015-04-08,73.44654846191406
2015-04-09,74.30448150634766
2015-04-10,74.83978271484375
2015-04-13,73.73249816894531
2015-04-14,73.71053314208984
2015-04-15,73.76917266845703
2015-04-16,73.17521667480469
2015-04-17,73.02120208740234
2015-04-20,73.48319244384766
2015-04-21,73.54917907714844
2015-04-22,73.64449310302734
2015-04-23,73.66650390625
2015-04-24,74.12115478515625
2015-04-27,73.75453186035156
2015-04-28,73.87181854248047
2015-04-29,73.61518859863281
2015-04-30,72.74256896972656
2015-05-01,73.42455291748047
2015-05-04,73.58585357666016
2015-05-05,72.96253204345703
2015-05-06,72.72059631347656
2015-05-07,73.07987976074219
2015-05-08,74.40711975097656
2015-05-11,74.08448028564453
2015-05-12,73.67384338378906
2015-05-13,73.73249816894531
2015-05-14,74.67112731933594
2015-05-15,75.01578521728516
2015-05-18,75.83706665039062
2015-05-19,76.2330322265625
2015-05-20,75.96907043457031
2015-05-21,75.65142822265625
2015-05-22,74.86109924316406
2015-05-26,74.46963500976562
2015-05-27,74.69857788085938
2015-05-28,74.71338653564453
2015-05-29,73.96734619140625
2015-06-01,73.89347839355469
2015-06-02,73.84915924072266
2015-06-03,73.9303970336914
2015-06-04,73.29518127441406
2015-06-05,72.82245635986328
2015-06-08,72.35710144042969
2015-06-09,72.5417709350586
2015-06-10,73.03666687011719
2015-06-11,73.30255889892578
2015-06-12,72.64517974853516
2015-06-15,72.00994873046875
2015-06-16,72.6525650024414
2015-06-17,72.92586517333984
2015-06-18,74.12984466552734
2015-06-19,73.76053619384766
2015-06-22,73.9303970336914
2015-06-23,73.7014389038086
2015-06-24,73.36907196044922
2015-06-25,73.21393585205078
2015-06-26,73.5980224609375
2015-06-29,72.15029907226562
2015-06-30,71.98780059814453
2015-07-01,72.73381042480469
2015-07-02,72.711669921875
2015-07-06,72.53437042236328
2015-07-07,73.06620025634766
2015-07-08,72.2167739868164
2015-07-09,72.68209075927734
2015-07-10,73.51675415039062
2015-07-13,74.06333923339844
2015-07-14,73.7014389038086
2015-07-15,74.1741714477539
2015-07-16,74.68379211425781
2015-07-17,73.92303466796875
2015-07-20,74.1372299194336
2015-07-21,74.11505889892578
2015-07-22,73.99688720703125
2015-07-23,74.01166534423828
2015-07-24,73.23607635498047
2015-07-27,72.59347534179688
2015-07-28,73.14004516601562
2015-07-29,73.66450500488281
2015-07-30,73.74575805664062
2015-07-31,74.01904296875
2015-08-03,73.87871551513672
2015-08-04,73.7162094116211
2015-08-05,74.24803924560547
2015-08-06,73.17699432373047
2015-08-07,73.0145034790039
2015-08-10,73.70880889892578
2015-08-11,73.13268280029297
2015-08-12,72.91107177734375
2015-08-13,72.74118041992188
2015-08-14,72.98495483398438
2015-08-17,73.76789855957031
2015-08-18,73.39856719970703
2015-08-19,73.354248046875
2015-08-20,72.97016906738281
2015-08-21,71.12430572509766
2015-08-24,69.08496856689453
2015-08-25,67.52942657470703
2015-08-26,70.7894058227539
2015-08-27,71.6155776977539
2015-08-28,70.83406829833984
2015-08-31,69.94837951660156
2015-09-01,68.54163360595703
2015-09-02,69.47946166992188
2015-09-03,68.9510269165039
2015-09-04,67.96109771728516
2015-09-08,69.9185791015625
2015-09-09,68.63842010498047
2015-09-10,69.01055908203125
2015-09-11,69.16685485839844
2015-09-14,69.45712280273438
2015-09-15,70.2609634399414
2015-09-16,70.41728210449219
2015-09-17,70.58846282958984
2015-09-18,69.50923156738281
2015-09-21,69.31571960449219
2015-09-22,69.3975830078125
2015-09-23,69.2115249633789
2015-09-24,68.83192443847656
2015-09-25,67.73036193847656
2015-09-28,68.00574493408203
2015-09-29,69.24873352050781
2015-09-30,69.47946166992188
2015-10-01,69.34547424316406
2015-10-02,69.91114044189453
2015-10-05,70.52892303466797
2015-10-06,69.53154754638672
2015-10-07,70.6926498413086
2015-10-08,70.76705932617188
2015-10-09,70.98292541503906
2015-10-12,71.44438934326172
2015-10-13,71.04244995117188
2015-10-14,70.35773468017578
2015-10-15,72.30777740478516
2015-10-16,73.11903381347656
2015-10-19,72.89575958251953
2015-10-20,72.63522338867188
2015-10-21,72.66500091552734
2015-10-22,74.07913208007812
2015-10-23,74.65972137451172
2015-10-26,74.38433837890625
2015-10-27,74.57037353515625
2015-10-28,74.78624725341797
2015-10-29,75.44868469238281
2015-10-30,75.19556427001953
2015-11-02,76.0440902709961
2015-11-03,75.8877944946289
2015-11-04,75.8729019165039
2015-11-05,76.16317749023438
2015-11-06,75.85801696777344
2015-11-09,75.05418395996094
2015-11-10,75.50819396972656
2015-11-11,75.8133544921875
2015-11-12,74.62992858886719
2015-11-13,74.33965301513672
2015-11-16,75.33702087402344
2015-11-17,75.5454330444336
2015-11-18,76.41624450683594
2015-11-19,76.28225708007812
2015-11-20,76.83710479736328
2015-11-23,77.05452728271484
2015-11-24,76.50719451904297
2015-11-25,76.44721984863281
2015-11-27,76.75462341308594
2015-11-30,75.9073486328125
2015-12-01,76.74714660644531
2015-12-02,76.51469421386719
2015-12-03,75.56999206542969
2015-12-04,77.18950653076172
2015-12-07,77.46691131591797
2015-12-08,76.79210662841797
2015-12-09,76.58967590332031
2015-12-10,76.95706176757812
2015-12-11,76.23728942871094
2015-12-14,76.58967590332031
2015-12-15,78.07423400878906
2015-12-16,78.91397857666016
2015-12-17,77.70683288574219
2015-12-18,76.439697265625
2015-12-21,76.16230773925781
2015-12-22,77.0095443725586
2015-12-23,77.59435272216797
2015-12-24,77.7668228149414
2015-12-28,77.3919448852539
2015-12-29,77.9992446899414
2015-12-30,77.81179809570312
2015-12-31,77.01704406738281
2016-01-04,75.33755493164062
2016-01-05,75.6524658203125
2016-01-06,75.27008819580078
2016-01-07,74.392822265625
2016-01-08,73.59806060791016
2016-01-11,73.15570068359375
2016-01-12,73.65804290771484
2016-01-13,72.74331665039062
2016-01-14,74.14537811279297
2016-01-15,72.72830963134766
2016-01-19,73.10320281982422
2016-01-20,71.79110717773438
2016-01-21,71.93354797363281
2016-01-22,72.54086303710938
2016-01-25,72.27847290039062
2016-01-26,75.8624038696289
2016-01-27,76.5971908569336
2016-01-28,76.67964935302734
2016-01-29,78.30667114257812
2016-02-01,78.25418853759766
2016-02-02,77.53438568115234
2016-02-03,78.08171081542969
2016-02-04,77.90177154541016
2016-02-05,75.38253784179688
2016-02-08,76.47720336914062
2016-02-09,76.45470428466797
2016-02-10,76.27478790283203
2016-02-11,76.25226593017578
2016-02-12,76.34223937988281
2016-02-16,76.71712493896484
2016-02-17,76.8520736694336
2016-02-18,78.15670013427734
2016-02-19,78.66270446777344
2016-02-22,79.10826873779297
2016-02-23,78.60226440429688
2016-02-24,79.26686096191406
2016-02-25,80.33927154541016
2016-02-26,79.8861083984375
2016-02-29,79.4556884765625
2016-03-01,80.9736328125
2016-03-02,80.83772277832031
2016-03-03,80.54316711425781
2016-03-04,80.42988586425781
2016-03-07,80.61113739013672
2016-03-08,80.21842193603516
2016-03-09,80.68665313720703
2016-03-10,80.91321563720703
2016-03-11,81.34367370605469
2016-03-14,81.30593872070312
2016-03-15,81.38145446777344
2016-03-16,81.11711883544922
2016-03-17,80.61113739013672
2016-03-18,81.18509674072266
2016-03-21,81.01897430419922
2016-03-22,81.09446716308594
2016-03-23,81.9403076171875
2016-03-24,81.79682159423828
2016-03-28,81.73641967773438
2016-03-29,82.42362976074219
2016-03-30,82.30281066894531
2016-03-31,81.71375274658203
2016-04-01,82.46141052246094
2016-04-04,82.00827026367188
2016-04-05,82.28015899658203
2016-04-06,82.63510131835938
2016-04-07,82.52183532714844
2016-04-08,82.3934326171875
2016-04-11,82.29525756835938
2016-04-12,82.7710189819336
2016-04-13,82.9749526977539
2016-04-14,82.95230102539062
2016-04-15,83.20906829833984
2016-04-18,83.77548217773438
2016-04-19,85.09708404541016
2016-04-20,85.77679443359375
2016-04-21,85.76919555664062
2016-04-22,85.5804214477539
2016-04-25,85.72390747070312
2016-04-26,85.27078247070312
2016-04-27,85.1650619506836
2016-04-28,84.946044921875
2016-04-29,84.64398956298828
2016-05-02,85.14995574951172
2016-05-03,85.1046371459961
2016-05-04,84.74971771240234
2016-05-05,85.24812316894531
2016-05-06,85.14239501953125
2016-05-09,85.88251495361328
2016-05-10,86.59996032714844
2016-05-11,86.37338256835938
2016-05-12,86.26766204833984
2016-05-13,85.76166534423828
2016-05-16,86.42623901367188
2016-05-17,85.96556091308594
2016-05-18,85.78431701660156
2016-05-19,85.22549438476562
2016-05-20,85.67426300048828
2016-05-23,85.30915832519531
2016-05-24,85.7122573852539
2016-05-25,86.21427154541016
2016-05-26,85.87200164794922
2016-05-27,85.99365997314453
2016-05-31,85.7122573852539
2016-06-01,85.78070831298828
2016-06-02,87.08134460449219
2016-06-03,87.28671264648438
2016-06-06,88.05489349365234
2016-06-07,88.02449035644531
2016-06-08,88.0777587890625
2016-06-09,88.99047088623047
2016-06-10,88.99806213378906
2016-06-13,88.83073425292969
2016-06-14,89.08171081542969
2016-06-15,88.5417251586914
2016-06-16,88.71664428710938
2016-06-17,87.8343505859375
2016-06-20,88.64057159423828
2016-06-21,88.36676788330078
2016-06-22,88.57972717285156
2016-06-23,89.27949523925781
2016-06-24,87.94842529296875
2016-06-27,88.6481704711914
2016-06-28,89.92597961425781
2016-06-29,90.76264953613281
2016-06-30,92.26103973388672
2016-07-01,92.25343322753906
2016-07-05,92.99884033203125
2016-07-06,93.28022766113281
2016-07-07,93.18135833740234
2016-07-08,93.43998718261719
2016-07-11,93.50082397460938
2016-07-12,93.49321746826172
2016-07-13,93.5540771484375
2016-07-14,93.69096374511719
2016-07-15,93.5540771484375
2016-07-18,93.66053009033203
2016-07-19,95.26542663574219
2016-07-20,95.1817398071289
2016-07-21,95.18937683105469
2016-07-22,95.09809112548828
2016-07-25,94.99160766601562
2016-07-26,95.18937683105469
2016-07-27,94.90033721923828
2016-07-28,94.66458129882812
2016-07-29,95.25019836425781
2016-08-01,95.37950897216797
2016-08-02,94.96117401123047
2016-08-03,94.2386245727539
2016-08-04,94.20819854736328
2016-08-05,94.49720764160156
2016-08-08,94.04847717285156
2016-08-09,93.88115692138672
2016-08-10,93.82788848876953
2016-08-11,94.13973999023438
2016-08-12,93.72142028808594
2016-08-15,93.02925872802734
2016-08-16,91.52325439453125
2016-08-17,92.26863861083984
2016-08-18,91.81988525390625
2016-08-19,91.81990051269531
2016-08-22,91.21501922607422
2016-08-23,91.4523696899414
2016-08-24,90.8934097290039
2016-08-25,90.78623962402344
2016-08-26,91.1460952758789
2016-08-29,91.81990051269531
2016-08-30,91.475341796875
2016-08-31,91.37580871582031
2016-09-01,91.17671966552734
2016-09-02,91.36048126220703
2016-09-06,91.68973541259766
2016-09-07,91.58252716064453
2016-09-08,91.475341796875
2016-09-09,90.52590942382812
2016-09-12,91.23799896240234
2016-09-13,90.05120086669922
2016-09-14,90.24259948730469
2016-09-15,90.8321762084961
2016-09-16,90.54122924804688
2016-09-19,90.08948516845703
2016-09-20,90.31150817871094
2016-09-21,91.04655456542969
2016-09-22,91.46768951416016
2016-09-23,90.97000122070312
2016-09-26,90.18135070800781
2016-09-27,91.28392791748047
2016-09-28,91.4140853881836
2016-09-29,89.79084014892578
2016-09-30,90.44933319091797
2016-10-03,90.97000122070312
2016-10-04,90.9776611328125
2016-10-05,91.25331115722656
2016-10-06,90.92406463623047
2016-10-07,91.29924774169922
2016-10-10,91.72804260253906
2016-10-11,90.07416534423828
2016-10-12,90.32682800292969
2016-10-13,90.54886627197266
2016-10-14,90.01290130615234
2016-10-17,90.72498321533203
2016-10-18,88.36668395996094
2016-10-19,87.73882293701172
2016-10-20,87.95323181152344
2016-10-21,86.85832214355469
2016-10-24,86.98845672607422
2016-10-25,87.2564697265625
2016-10-26,87.71586608886719
2016-10-27,88.5887451171875
2016-10-28,88.30546569824219
2016-10-31,88.81077575683594
2016-11-01,88.31309509277344
2016-11-02,87.94557189941406
2016-11-03,88.07572937011719
2016-11-04,88.13697052001953
2016-11-07,89.32379913330078
2016-11-08,89.62239837646484
2016-11-09,92.11849212646484
2016-11-10,91.52893829345703
2016-11-11,90.70965576171875
2016-11-14,89.27783966064453
2016-11-15,89.06346130371094
2016-11-16,89.09408569335938
2016-11-17,89.25489044189453
2016-11-18,88.93877410888672
2016-11-21,88.6612548828125
2016-11-22,86.91886138916016
2016-11-23,87.17327880859375
2016-11-25,87.99049377441406
2016-11-28,87.21953582763672
2016-11-29,86.7184066772461
2016-11-30,85.80866241455078
2016-12-01,85.87034606933594
2016-12-02,86.31748962402344
2016-12-05,86.30207824707031
2016-12-06,86.39459991455078
2016-12-07,85.65446472167969
2016-12-08,85.56966400146484
2016-12-09,86.54878997802734
2016-12-12,88.93877410888672
2016-12-13,89.3473892211914
2016-12-14,88.65352630615234
2016-12-15,89.3473892211914
2016-12-16,89.33970642089844
2016-12-19,89.4476318359375
2016-12-20,89.17008209228516
2016-12-21,88.90021514892578
2016-12-22,89.00045776367188
2016-12-23,89.40135955810547
2016-12-27,89.36280822753906
2016-12-28,88.73833465576172
2016-12-29,89.03900146484375
2016-12-30,88.8231430053711
2017-01-03,89.30884552001953
2017-01-04,89.1623764038086
2017-01-05,90.0952377319336
2017-01-06,89.66346740722656
2017-01-09,89.64807891845703
2017-01-10,89.55557250976562
2017-01-11,88.45308685302734
2017-01-12,88.3682861328125
2017-01-13,88.35283660888672
2017-01-17,88.56100463867188
2017-01-18,88.42994689941406
2017-01-19,88.0444564819336
2017-01-20,88.00591278076172
2017-01-23,87.8208999633789
2017-01-24,86.1633071899414
2017-01-25,86.9651107788086
2017-01-26,86.22496795654297
2017-01-27,87.41229248046875
2017-01-30,87.21953582763672
2017-01-31,87.31201934814453
2017-02-01,87.29661560058594
2017-02-02,87.55874633789062
2017-02-03,87.6126937866211
2017-02-06,87.42768859863281
2017-02-07,87.48937225341797
2017-02-08,87.42768859863281
2017-02-09,87.95191955566406
2017-02-10,88.84628295898438
2017-02-13,89.33970642089844
2017-02-14,89.70974731445312
2017-02-15,90.35735321044922
2017-02-16,91.03580474853516
2017-02-17,91.63715362548828
2017-02-21,92.25394439697266
2017-02-22,92.1460189819336
2017-02-23,93.82672119140625
2017-02-24,95.24693298339844
2017-02-27,94.99080657958984
2017-02-28,94.8433609008789
2017-03-01,96.1238784790039
2017-03-02,95.94538116455078
2017-03-03,96.06953430175781
2017-03-06,96.0074691772461
2017-03-07,96.10061645507812
2017-03-08,96.31015014648438
2017-03-09,97.74585723876953
2017-03-10,97.9476318359375
2017-03-13,98.31239318847656
2017-03-14,98.59954833984375
2017-03-15,100.08184814453125
2017-03-16,99.69379425048828
2017-03-17,99.38335418701172
2017-03-20,99.39112091064453
2017-03-21,98.75474548339844
2017-03-22,97.98644256591797
2017-03-23,97.70706939697266
2017-03-24,97.38113403320312
2017-03-27,97.62946319580078
2017-03-28,97.52081298828125
2017-03-29,96.94651794433594
2017-03-30,96.7447280883789
2017-03-31,96.65935516357422
2017-04-03,96.76802825927734
2017-04-04,96.76026916503906
2017-04-05,96.85340881347656
2017-04-06,97.04740142822266
2017-04-07,96.94651794433594
2017-04-10,96.49639129638672
2017-04-11,96.40325927734375
2017-04-12,97.31904602050781
2017-04-13,97.00083923339844
2017-04-17,97.56736755371094
2017-04-18,94.54068756103516
2017-04-19,94.19147491455078
2017-04-20,94.57949829101562
2017-04-21,94.49413299560547
2017-04-24,95.37108612060547
2017-04-25,95.7901840209961
2017-04-26,95.85225677490234
2017-04-27,96.0307388305664
2017-04-28,95.82122039794922
2017-05-01,95.7203369140625
2017-05-02,95.99971008300781
2017-05-03,95.71257781982422
2017-05-04,96.19371795654297
2017-05-05,95.85225677490234
2017-05-08,95.65047454833984
2017-05-09,95.61943054199219
2017-05-10,95.30900573730469
2017-05-11,95.61166381835938
2017-05-12,95.9531478881836
2017-05-15,98.55297088623047
2017-05-16,99.1583023071289
2017-05-17,98.30462646484375
2017-05-18,98.5374526977539
2017-05-19,98.56073760986328
2017-05-22,98.76250457763672
2017-05-23,98.96427154541016
2017-05-24,98.95652770996094
2017-05-25,99.62838745117188
2017-05-26,99.15184020996094
2017-05-30,99.30025482177734
2017-05-31,100.19084930419922
2017-06-01,100.60491943359375
2017-06-02,101.62049865722656
2017-06-05,101.83920288085938
2017-06-06,102.20639038085938
2017-06-07,102.14389038085938
2017-06-08,101.98766326904297
2017-06-09,102.75323486328125
2017-06-12,102.97979736328125
2017-06-13,103.13606262207031
2017-06-14,103.72195434570312
2017-06-15,103.93285369873047
2017-06-16,104.95626068115234
2017-06-19,104.73755645751953
2017-06-20,104.8547134399414
2017-06-21,105.39376068115234
2017-06-22,106.28433990478516
2017-06-23,106.5811996459961
2017-06-26,106.51089477539062
2017-06-27,105.47187805175781
2017-06-28,104.54224395751953
2017-06-29,103.62039184570312
2017-06-30,103.3469467163086
2017-07-03,103.82351684570312
2017-07-05,104.40158081054688
2017-07-06,103.52662658691406
2017-07-07,103.54227447509766
2017-07-10,102.76886749267578
2017-07-11,102.51885223388672
2017-07-12,103.30009460449219
2017-07-13,103.01105499267578
2017-07-14,103.58912658691406
2017-07-17,103.2375717163086
2017-07-18,105.04222106933594
2017-07-19,105.62810516357422
2017-07-20,106.69055938720703
2017-07-21,105.70621490478516
2017-07-24,103.909423828125
2017-07-25,103.02666473388672
2017-07-26,102.30011749267578
2017-07-27,102.20639038085938
2017-07-28,103.00321960449219
2017-07-31,103.6828842163086
2017-08-01,103.51883697509766
2017-08-02,103.24542236328125
2017-08-03,104.17505645751953
2017-08-04,104.04222869873047
2017-08-07,103.7922592163086
2017-08-08,103.33134460449219
2017-08-09,104.081298828125
2017-08-10,103.971923828125
2017-08-11,103.97974395751953
2017-08-14,104.27659606933594
2017-08-15,104.1985092163086
2017-08-16,104.815673828125
2017-08-17,103.93285369873047
2017-08-18,103.61258697509766
2017-08-21,104.25315856933594
2017-08-22,105.22967529296875
2017-08-23,103.7453842163086
2017-08-24,103.8156967163086
2017-08-25,103.52479553222656
2017-08-28,103.57196807861328
2017-08-29,103.94148254394531
2017-08-30,103.04523468017578
2017-08-31,104.0672836303711
2017-09-01,103.01377868652344
2017-09-05,102.12540435791016
2017-09-06,102.73077392578125
2017-09-07,103.9257583618164
2017-09-08,102.97447967529297
2017-09-11,104.7276611328125
2017-09-12,104.2717056274414
2017-09-13,104.13015747070312
2017-09-14,105.4902572631836
2017-09-15,105.70252990722656
2017-09-18,106.4336929321289
2017-09-19,106.30789947509766
2017-09-20,104.73554229736328
2017-09-21,103.57984924316406
2017-09-22,103.29682159423828
2017-09-25,103.12384033203125
2017-09-26,102.9430160522461
2017-09-27,102.0074691772461
2017-09-28,101.78734588623047
2017-09-29,102.21186065673828
2017-10-02,103.16317749023438
2017-10-03,103.85502624511719
2017-10-04,104.4760971069336
2017-10-05,104.71195983886719
2017-10-06,104.73554229736328
2017-10-09,104.91633605957031
2017-10-10,105.2701187133789
2017-10-11,107.43215942382812
2017-10-12,107.57366943359375
2017-10-13,107.25917053222656
2017-10-16,107.01548767089844
2017-10-17,110.68698120117188
2017-10-18,110.6004638671875
2017-10-19,111.66964721679688
2017-10-20,111.95269012451172
2017-10-23,112.91181945800781
2017-10-24,111.35519409179688
2017-10-25,111.9212417602539
2017-10-26,111.48887634277344
2017-10-27,111.46526336669922
2017-10-30,110.06584930419922
2017-10-31,109.60199737548828
2017-11-01,110.05013275146484
2017-11-02,110.01080322265625
2017-11-03,110.12874603271484
2017-11-06,109.87718963623047
2017-11-07,109.885009765625
2017-11-08,111.1036148071289
2017-11-09,110.34105682373047
2017-11-10,109.71996307373047
2017-11-13,109.87718963623047
2017-11-14,109.66490936279297
2017-11-15,109.35830688476562
2017-11-16,109.17744445800781
2017-11-17,108.4935073852539
2017-11-20,108.43843078613281
2017-11-21,108.76080322265625
2017-11-22,107.93529510498047
2017-11-24,108.5013656616211
2017-11-27,109.23699188232422
2017-11-28,110.75569915771484
2017-11-29,110.58956909179688
2017-11-30,110.20993041992188
2017-12-01,110.72406005859375
2017-12-04,109.95679473876953
2017-12-05,110.47883605957031
2017-12-06,111.57833862304688
2017-12-07,110.74781036376953
2017-12-08,111.20658111572266
2017-12-11,111.64164733886719
2017-12-12,112.79649353027344
2017-12-13,113.02587127685547
2017-12-14,112.04503631591797
2017-12-15,112.6857681274414
2017-12-18,112.16368865966797
2017-12-19,112.14785766601562
2017-12-20,111.65745544433594
2017-12-21,111.57833862304688
2017-12-22,110.83478546142578
2017-12-26,110.81110382080078
2017-12-27,111.19073486328125
2017-12-28,111.18283081054688
2017-12-29,110.51841735839844
2018-01-02,110.13082122802734
2018-01-03,111.18283081054688
2018-01-04,111.17491912841797
2018-01-05,112.09251403808594
2018-01-08,112.23487091064453
2018-01-09,114.01461029052734
2018-01-10,113.8801498413086
2018-01-11,114.52876281738281
2018-01-12,115.29605102539062
2018-01-16,116.1661376953125
2018-01-17,116.26104736328125
2018-01-18,116.21361541748047
2018-01-19,116.56165313720703
2018-01-22,117.17864227294922
2018-01-23,112.1874008178711
2018-01-24,112.37725067138672
2018-01-25,114.22026062011719
2018-01-26,114.9559097290039
2018-01-29,113.65074920654297
2018-01-30,112.6620101928711
2018-01-31,109.30817413330078
2018-02-01,110.75569915771484
2018-02-02,108.90472412109375
2018-02-05,103.13836669921875
2018-02-06,104.27742767333984
2018-02-07,103.95311737060547
2018-02-08,99.95064544677734
2018-02-09,102.4581298828125
2018-02-12,103.04347229003906
2018-02-13,102.79825592041016
2018-02-14,102.5688705444336
2018-02-15,103.80280303955078
2018-02-16,105.32154846191406
2018-02-20,103.51807403564453
2018-02-21,102.75870513916016
2018-02-22,102.75870513916016
2018-02-23,104.427734375
2018-02-26,105.13622283935547
2018-02-27,104.81777954101562
2018-02-28,103.39282989501953
2018-03-01,101.32305145263672
2018-03-02,102.54898834228516
2018-03-05,103.32118225097656
2018-03-06,102.07135009765625
2018-03-07,102.72415161132812
2018-03-08,105.12823486328125
2018-03-09,106.51339721679688
2018-03-12,105.58200073242188
2018-03-13,106.95124053955078
2018-03-14,105.3352279663086
2018-03-15,105.9242935180664
2018-03-16,106.4178695678711
2018-03-19,103.6794204711914
2018-03-20,104.45157623291016
2018-03-21,104.4356460571289
2018-03-22,101.40266418457031
2018-03-23,99.58765411376953
2018-03-26,101.4106216430664
2018-03-27,101.26732635498047
2018-03-28,101.45838928222656
2018-03-29,102.01564025878906
2018-04-02,99.15775299072266
2018-04-03,102.17483520507812
2018-04-04,103.81474304199219
2018-04-05,104.05355072021484
2018-04-06,101.975830078125
2018-04-09,103.07440185546875
2018-04-10,103.6873779296875
2018-04-11,103.19379425048828
2018-04-12,103.8306884765625
2018-04-13,103.98189544677734
2018-04-16,104.88941955566406
2018-04-17,103.91822814941406
2018-04-18,101.67332458496094
2018-04-19,101.53801727294922
2018-04-20,100.8294906616211
2018-04-23,100.96483612060547
2018-04-24,100.45533752441406
2018-04-25,100.90910339355469
2018-04-26,101.90418243408203
2018-04-27,102.11116027832031
2018-04-30,100.69417572021484
2018-05-01,100.31206512451172
2018-05-02,98.31391906738281
2018-05-03,97.93978118896484
2018-05-04,98.86323547363281
2018-05-07,98.38556671142578
2018-05-08,97.60543823242188
2018-05-09,98.32190704345703
2018-05-10,99.78665924072266
2018-05-11,101.29121398925781
2018-05-14,100.35187530517578
2018-05-15,99.61152648925781
2018-05-16,99.78665924072266
2018-05-17,98.5925521850586
2018-05-18,98.90303039550781
2018-05-21,98.48908233642578
2018-05-22,97.84425354003906
2018-05-23,98.27412414550781
2018-05-24,97.31886291503906
2018-05-25,97.41508483886719
2018-05-29,95.75501251220703
2018-05-30,97.01409912109375
2018-05-31,95.93146514892578
2018-06-01,97.24666595458984
2018-06-04,97.80001831054688
2018-06-05,97.42313385009766
2018-06-06,98.47371673583984
2018-06-07,98.9067611694336
2018-06-08,99.49217987060547
2018-06-11,98.36944580078125
2018-06-12,98.27318572998047
2018-06-13,98.34538269042969
2018-06-14,98.16893768310547
2018-06-15,98.329345703125
2018-06-18,97.29476928710938
2018-06-19,98.29725646972656
2018-06-20,97.8722152709961
2018-06-21,97.3990249633789
2018-06-22,98.51378631591797
2018-06-25,98.31329345703125
2018-06-26,98.12083435058594
2018-06-27,97.52738189697266
2018-06-28,97.84014129638672
2018-06-29,97.31082153320312
2018-07-02,97.50332641601562
2018-07-03,98.40950775146484
2018-07-05,100.24604797363281
2018-07-06,100.8475112915039
2018-07-09,101.08811950683594
2018-07-10,102.15471649169922
2018-07-11,101.24046325683594
2018-07-12,102.45945739746094
2018-07-13,100.99188232421875
2018-07-16,99.9974365234375
2018-07-17,103.5421142578125
2018-07-18,102.49153137207031
2018-07-19,100.99989318847656
2018-07-20,100.92771911621094
2018-07-23,101.55326843261719
2018-07-24,103.74261474609375
2018-07-25,103.14917755126953
2018-07-26,104.48043060302734
2018-07-27,105.49893951416016
2018-07-30,105.99617004394531
2018-07-31,106.27684020996094
2018-08-01,106.3730697631836
2018-08-02,105.25833892822266
2018-08-03,105.81971740722656
2018-08-06,105.87586975097656
2018-08-07,105.4267349243164
2018-08-08,105.19419860839844
2018-08-09,105.21825408935547
2018-08-10,104.85731506347656
2018-08-13,104.43229675292969
2018-08-14,103.85491180419922
2018-08-15,104.60073852539062
2018-08-16,106.24476623535156
2018-08-17,107.8406982421875
2018-08-20,109.77339935302734
2018-08-21,108.54638671875
2018-08-22,107.95295715332031
2018-08-23,108.35395050048828
2018-08-24,109.02759552001953
2018-08-27,108.9226303100586
2018-08-28,108.43824005126953
2018-08-29,108.87422180175781
2018-08-30,108.94686126708984
2018-08-31,108.73696899414062
2018-09-04,107.9538803100586
2018-09-05,109.6815185546875
2018-09-06,110.49691009521484
2018-09-07,110.86021423339844
2018-09-10,110.7713851928711
2018-09-11,111.82090759277344
2018-09-12,112.50712585449219
2018-09-13,112.93501281738281
2018-09-14,112.61206817626953
2018-09-17,112.99150085449219
2018-09-18,113.45974731445312
2018-09-19,113.39517211914062
2018-09-20,114.62227630615234
2018-09-21,115.348876953125
2018-09-24,113.40321350097656
2018-09-25,111.92584991455078
2018-09-26,111.538330078125
2018-09-27,111.5867919921875
2018-09-28,111.54641723632812
2018-10-01,112.77351379394531
2018-10-02,113.41132354736328
2018-10-03,112.24068450927734
2018-10-04,112.49903869628906
2018-10-05,112.29724884033203
2018-10-08,112.53131866455078
2018-10-09,112.37791442871094
2018-10-10,111.19119262695312
2018-10-11,108.05075073242188
2018-10-12,108.07498168945312
2018-10-15,108.1395263671875
2018-10-16,110.24663543701172
2018-10-17,112.5878677368164
2018-10-18,112.62013244628906
2018-10-19,112.25685119628906
2018-10-22,111.95813751220703
2018-10-23,112.15998077392578
2018-10-24,110.98129272460938
2018-10-25,111.78858184814453
2018-10-26,110.57763671875
2018-10-29,111.0458755493164
2018-10-30,113.62928771972656
2018-10-31,113.01573181152344
2018-11-01,113.68578338623047
2018-11-02,113.57278442382812
2018-11-05,114.79986572265625
2018-11-06,115.09856414794922
2018-11-07,116.85848999023438
2018-11-08,117.30254364013672
2018-11-09,117.33483123779297
2018-11-12,117.56089782714844
2018-11-13,116.80199432373047
2018-11-14,116.45487213134766
2018-11-15,116.65669250488281
2018-11-16,117.85962677001953
2018-11-19,119.26428985595703
2018-11-20,118.2309799194336
2018-11-21,114.63034057617188
2018-11-23,114.8240966796875
2018-11-26,114.85657501220703
2018-11-27,116.35963439941406
2018-11-28,118.97571563720703
2018-11-29,118.49639892578125
2018-11-30,119.34944152832031
2018-12-03,118.78890991210938
2018-12-04,118.64263916015625
2018-12-06,118.5451431274414
2018-12-07,118.15518951416016
2018-12-10,118.01708984375
2018-12-11,119.02445983886719
2018-12-12,119.51193237304688
2018-12-13,120.11319732666016
2018-12-14,108.05635833740234
2018-12-17,104.92029571533203
2018-12-18,105.96022033691406
2018-12-19,103.67723083496094
2018-12-20,104.21345520019531
2018-12-21,104.06725311279297
2018-12-24,99.80184173583984
2018-12-26,102.94601440429688
2018-12-27,103.51473999023438
2018-12-28,103.4010009765625
2018-12-31,104.84719848632812
2019-01-02,103.79098510742188
2019-01-03,102.14169311523438
2019-01-04,103.85596466064453
2019-01-07,103.18978118896484
2019-01-08,105.5865249633789
2019-01-09,104.74967956542969
2019-01-10,105.3833999633789
2019-01-11,105.4158935546875
2019-01-14,104.22157287597656
2019-01-15,105.09902954101562
2019-01-16,104.02659606933594
2019-01-17,104.8796615600586
2019-01-18,106.17960357666016
2019-01-22,104.6440658569336
2019-01-23,104.6440658569336
2019-01-24,103.20600891113281
2019-01-25,104.18095397949219
2019-01-28,104.79841613769531
2019-01-29,105.88711547851562
2019-01-30,106.95142364501953
2019-01-31,108.12134552001953
2019-02-01,109.03131866455078
2019-02-04,107.9588851928711
2019-02-05,107.9588851928711
2019-02-06,108.05635833740234
2019-02-07,107.2845458984375
2019-02-08,107.56888580322266
2019-02-11,107.24391174316406
2019-02-12,108.99882507324219
2019-02-13,109.23440551757812
2019-02-14,109.12066650390625
2019-02-15,110.8024673461914
2019-02-19,110.24185943603516
2019-02-20,110.77806091308594
2019-02-21,110.02253723144531
2019-02-22,110.981201171875
2019-02-25,111.3901138305664
2019-02-26,111.31649780273438
2019-02-27,111.12023162841797
2019-02-28,111.7499771118164
2019-03-01,113.14847564697266
2019-03-04,113.25479888916016
2019-03-05,113.49195861816406
2019-03-06,113.75366973876953
2019-03-07,113.05850982666016
2019-03-08,112.9112777709961
2019-03-11,113.32023620605469
2019-03-12,113.82730102539062
2019-03-13,114.01541137695312
2019-03-14,112.87858581542969
2019-03-15,112.53511047363281
2019-03-18,112.18341064453125
2019-03-19,113.22210693359375
2019-03-20,112.28153991699219
2019-03-21,112.94402313232422
2019-03-22,111.97079467773438
2019-03-25,111.72543334960938
2019-03-26,113.32842254638672
2019-03-27,113.43473052978516
2019-03-28,113.58194732666016
2019-03-29,114.32617950439453
2019-04-01,113.66370391845703
2019-04-02,112.62506866455078
2019-04-03,112.18341064453125
2019-04-04,110.87488555908203
2019-04-05,111.37374877929688
2019-04-08,111.3410415649414
2019-04-09,110.87488555908203
2019-04-10,110.8830337524414
2019-04-11,110.5804672241211
2019-04-12,111.21018981933594
2019-04-15,111.65186309814453
2019-04-16,112.87858581542969
2019-04-17,113.28752136230469
2019-04-18,112.46967315673828
2019-04-22,112.72322082519531
2019-04-23,114.41612243652344
2019-04-24,113.84363555908203
2019-04-25,114.21165466308594
2019-04-26,114.81688690185547
2019-04-29,114.3670654296875
2019-04-30,115.47932434082031
2019-05-01,116.09268951416016
2019-05-02,115.54479217529297
2019-05-03,116.14178466796875
2019-05-06,116.20721435546875
2019-05-07,114.473388671875
2019-05-08,114.32617950439453
2019-05-09,113.45924377441406
2019-05-10,113.72097778320312
2019-05-13,112.20793914794922
2019-05-14,111.897216796875
2019-05-15,111.97079467773438
2019-05-16,113.03398132324219
2019-05-17,113.36109161376953
2019-05-20,113.2057113647461
2019-05-21,112.96039581298828
2019-05-22,113.48379516601562
2019-05-23,114.32617950439453
2019-05-24,114.33441925048828
2019-05-28,112.86869049072266
2019-05-29,108.14215087890625
2019-05-30,108.78443145751953
2019-05-31,107.99393463134766
2019-06-03,108.23273468017578
2019-06-04,110.1184310913086
2019-06-05,110.65363311767578
2019-06-06,112.54751586914062
2019-06-07,114.08735656738281
2019-06-10,114.47438049316406
2019-06-11,115.1001968383789
2019-06-12,116.66476440429688
2019-06-13,115.86601257324219
2019-06-14,115.35546875
2019-06-17,114.82022857666016
2019-06-18,115.47075653076172
2019-06-19,115.65189361572266
2019-06-20,117.10115051269531
2019-06-21,117.0023193359375
2019-06-24,117.80108642578125
2019-06-25,118.77274322509766
2019-06-26,116.80474090576172
2019-06-27,115.84955596923828
2019-06-28,114.6884765625
2019-07-01,114.75437927246094
2019-07-02,115.30608367919922
2019-07-03,117.04351806640625
2019-07-05,115.75071716308594
2019-07-08,116.08009338378906
2019-07-09,116.44241333007812
2019-07-10,116.27770233154297
2019-07-11,115.37193298339844
2019-07-12,110.58776092529297
2019-07-15,110.92537689208984
2019-07-16,109.1055679321289
2019-07-17,108.57856750488281
2019-07-18,108.75149536132812
2019-07-19,107.30223083496094
2019-07-22,105.9271011352539
2019-07-23,106.09178924560547
2019-07-24,106.86581420898438
2019-07-25,107.96923065185547
2019-07-26,107.64807891845703
2019-07-29,109.53377532958984
2019-07-30,108.75972747802734
2019-07-31,107.22811126708984
2019-08-01,107.28575134277344
2019-08-02,107.92806243896484
2019-08-05,107.17872619628906
2019-08-06,107.68101501464844
2019-08-07,107.21990966796875
2019-08-08,108.43035125732422
2019-08-09,108.72677612304688
2019-08-12,108.63619232177734
2019-08-13,109.86312866210938
2019-08-14,107.26107025146484
2019-08-15,107.49161529541016
2019-08-16,108.1668472290039
2019-08-19,108.89969635009766
2019-08-20,107.54102325439453
2019-08-21,108.30683898925781
2019-08-22,108.0927505493164
2019-08-23,105.17776489257812
2019-08-26,106.02398681640625
2019-08-27,107.55045318603516
2019-08-28,106.7540283203125
2019-08-29,106.3890151977539
2019-08-30,106.4885482788086
2019-09-03,106.8038101196289
2019-09-04,106.90335845947266
2019-09-05,106.67106628417969
2019-09-06,106.36412811279297
2019-09-09,105.31879425048828
2019-09-10,107.47579193115234
2019-09-11,108.81977081298828
2019-09-12,108.20582580566406
2019-09-13,108.4961929321289
2019-09-16,107.46747589111328
2019-09-17,107.57532501220703
2019-09-18,108.18924713134766
2019-09-19,107.94036865234375
2019-09-20,109.21796417236328
2019-09-23,109.2926254272461
2019-09-24,109.135009765625
2019-09-25,108.67042541503906
2019-09-26,106.89505767822266
2019-09-27,106.68768310546875
2019-09-30,107.33476257324219
2019-10-01,107.84082794189453
2019-10-02,109.50830078125
2019-10-03,108.83633422851562
2019-10-04,110.88548278808594
2019-10-07,110.47069549560547
2019-10-08,109.3756103515625
2019-10-09,107.20199584960938
2019-10-10,107.06930541992188
2019-10-11,108.9524917602539
2019-10-14,108.44644165039062
2019-10-15,110.20521545410156
2019-10-16,112.13819885253906
2019-10-17,112.96780395507812
2019-10-18,105.94102478027344
2019-10-21,106.20648956298828
2019-10-22,107.18540954589844
2019-10-23,107.76614379882812
2019-10-24,105.77509307861328
2019-10-25,106.48026275634766
2019-10-28,107.16883087158203
2019-10-29,107.1190414428711
2019-10-30,110.20521545410156
2019-10-31,109.54150390625
2019-11-01,108.8446273803711
2019-11-04,108.03992462158203
2019-11-05,108.19755554199219
2019-11-06,108.64554595947266
2019-11-07,109.03545379638672
2019-11-08,110.33792877197266
2019-11-11,109.49172973632812
2019-11-12,108.96910095214844
2019-11-13,108.90272521972656
2019-11-14,108.64554595947266
2019-11-15,111.94740295410156
2019-11-18,111.85614013671875
2019-11-19,111.84781646728516
2019-11-20,112.7770004272461
2019-11-21,113.19178009033203
2019-11-22,114.54403686523438
2019-11-25,114.59418487548828
2019-11-26,114.58580780029297
2019-11-27,115.07032775878906
2019-11-29,114.85315704345703
2019-12-02,114.74453735351562
2019-12-03,114.57749938964844
2019-12-04,116.43194580078125
2019-12-05,116.5822982788086
2019-12-06,117.26732635498047
2019-12-09,117.36756896972656
2019-12-10,116.94154357910156
2019-12-11,117.76853942871094
2019-12-12,118.0692367553711
2019-12-13,118.10267639160156
2019-12-16,118.44517517089844
2019-12-17,119.92375183105469
2019-12-18,119.61463165283203
2019-12-19,121.41903686523438
2019-12-20,122.01211547851562
2019-12-23,122.32958984375
2019-12-24,121.90354919433594
2019-12-26,121.81998443603516
2019-12-27,121.75318908691406
2019-12-30,121.37726593017578
2019-12-31,121.85340881347656
2020-01-02,121.93692016601562
2020-01-03,120.52519989013672
2020-01-06,120.37487030029297
2020-01-07,121.10992431640625
2020-01-08,121.0932388305664
2020-01-09,121.45244598388672
2020-01-10,121.17675018310547
2020-01-13,121.71141815185547
2020-01-14,122.39641571044922
2020-01-15,122.80569458007812
2020-01-16,123.79981994628906
2020-01-17,124.61009979248047
2020-01-21,124.69366455078125
2020-01-22,123.84160614013672
2020-01-23,124.07550048828125
2020-01-24,123.90007781982422
2020-01-27,124.25924682617188
2020-01-28,124.8857650756836
2020-01-29,125.7545394897461
2020-01-30,125.60420227050781
2020-01-31,124.3594741821289
2020-02-03,125.44544219970703
2020-02-04,126.64002990722656
2020-02-05,128.6365203857422
2020-02-06,128.25225830078125
2020-02-07,126.88227844238281
2020-02-10,126.85721588134766
2020-02-11,126.96581268310547
2020-02-12,126.2140121459961
2020-02-13,125.37861633300781
2020-02-14,125.41203308105469
2020-02-18,124.58507537841797
2020-02-19,124.41796112060547
2020-02-20,123.94184112548828
2020-02-21,125.24495697021484
2020-02-24,122.66409301757812
2020-02-25,121.60478210449219
2020-02-26,120.78934478759766
2020-02-27,116.95582580566406
2020-02-28,113.05506896972656
2020-03-02,117.71245574951172
2020-03-03,113.98821258544922
2020-03-04,120.62120819091797
2020-03-05,119.38538360595703
2020-03-06,119.40219116210938
2020-03-09,114.70279693603516
2020-03-10,119.0743637084961
2020-03-11,110.8020248413086
2020-03-12,105.43008422851562
2020-03-13,112.89531707763672
2020-03-16,106.87603759765625
2020-03-17,114.82890319824219
2020-03-18,113.45861053466797
2020-03-19,106.80877685546875
2020-03-20,100.78949737548828
2020-03-23,93.43350982666016
2020-03-24,100.19261169433594
2020-03-25,100.3775634765625
2020-03-26,106.40525817871094
2020-03-27,103.53852844238281
2020-03-30,111.81924438476562
2020-03-31,110.23877716064453
2020-04-01,108.28839111328125
2020-04-02,111.93695831298828
2020-04-03,112.79443359375
2020-04-06,117.49386596679688
2020-04-07,115.57711029052734
2020-04-08,120.4362564086914
2020-04-09,118.72969055175781
2020-04-13,117.50228881835938
2020-04-14,122.76494598388672
2020-04-15,124.13526153564453
2020-04-16,125.82503509521484
2020-04-17,127.80064392089844
2020-04-20,127.50642395019531
2020-04-21,125.83345031738281
2020-04-22,128.61611938476562
2020-04-23,130.73460388183594
2020-04-24,130.18820190429688
2020-04-27,129.70899963378906
2020-04-28,127.27101135253906
2020-04-29,126.30421447753906
2020-04-30,126.1361083984375
2020-05-01,124.66487884521484
2020-05-04,124.64806365966797
2020-05-05,125.68211364746094
2020-05-06,124.48834228515625
2020-05-07,124.076416015625
2020-05-08,125.00957489013672
2020-05-11,125.354248046875
2020-05-12,123.69815063476562
2020-05-13,123.6897201538086
2020-05-14,124.1184310913086
2020-05-15,126.47234344482422
2020-05-18,126.53961944580078
2020-05-19,125.27859497070312
2020-05-20,124.1520767211914
2020-05-21,123.33663177490234
2020-05-22,122.21073150634766
2020-05-26,122.37159729003906
2020-05-27,122.65092468261719
2020-05-28,124.41166687011719
2020-05-29,125.91846466064453
2020-06-01,124.59796905517578
2020-06-02,125.4952621459961
2020-06-03,125.83380889892578
2020-06-04,124.20848083496094
2020-06-05,124.69103240966797
2020-06-08,124.242431640625
2020-06-09,123.55670928955078
2020-06-10,125.11429595947266
2020-06-11,119.24796295166016
2020-06-12,120.33148956298828
2020-06-15,119.56966400146484
2020-06-16,122.28691864013672
2020-06-17,121.91443634033203
2020-06-18,121.39810943603516
2020-06-19,121.75364685058594
2020-06-22,121.38116455078125
2020-06-23,120.93251037597656
2020-06-24,118.35913848876953
2020-06-25,118.2321548461914
2020-06-26,116.65763092041016
2020-06-29,117.69883728027344
2020-06-30,119.04481506347656
2020-07-01,118.83317565917969
2020-07-02,119.33264923095703
2020-07-06,121.03411102294922
2020-07-07,120.92404174804688
2020-07-08,121.27960205078125
2020-07-09,120.61930847167969
2020-07-10,120.51773071289062
2020-07-13,122.9218521118164
2020-07-14,125.21588897705078
2020-07-15,125.50370025634766
2020-07-16,126.34174346923828
2020-07-17,126.42637634277344
2020-07-20,126.63800048828125
2020-07-21,126.75652313232422
2020-07-22,126.98504638671875
2020-07-23,126.6464614868164
2020-07-24,125.38517761230469
2020-07-27,124.58943176269531
2020-07-28,124.29315948486328
2020-07-29,124.04768371582031
2020-07-30,124.3016357421875
2020-07-31,123.38737487792969
2020-08-03,124.73336029052734
2020-08-04,124.62330627441406
2020-08-05,125.6221694946289
2020-08-06,124.90270233154297
2020-08-07,125.79151916503906
2020-08-10,125.30899047851562
2020-08-11,124.41166687011719
2020-08-12,126.68878173828125
2020-08-13,125.2835693359375
2020-08-14,125.48675537109375
2020-08-17,126.12166595458984
2020-08-18,127.05278778076172
2020-08-19,127.30673217773438
2020-08-20,128.17868041992188
2020-08-21,129.31298828125
2020-08-24,129.65386962890625
2020-08-25,129.57713317871094
2020-08-26,129.7816619873047
2020-08-27,130.36111450195312
2020-08-28,130.92355346679688
2020-08-31,130.7275848388672
2020-09-01,129.1169891357422
2020-09-02,131.08543395996094
2020-09-03,127.43826293945312
2020-09-04,126.62020111083984
2020-09-08,125.48687744140625
2020-09-09,127.5660400390625
2020-09-10,125.1886215209961
2020-09-11,125.92997741699219
2020-09-14,126.41567993164062
2020-09-15,126.87584686279297
2020-09-16,126.45829772949219
2020-09-17,125.41015625
2020-09-18,127.12296295166016
2020-09-21,123.64624786376953
2020-09-22,122.88782501220703
2020-09-23,123.08379364013672
2020-09-24,123.27979278564453
2020-09-25,124.12344360351562
2020-09-28,125.35903930664062
2020-09-29,125.31639099121094
2020-09-30,126.8673095703125
2020-10-01,125.53799438476562
2020-10-02,124.61769104003906
2020-10-05,126.31344604492188
2020-10-06,124.63468933105469
2020-10-07,126.01520538330078
2020-10-08,126.87584686279297
2020-10-09,128.64830017089844
2020-10-12,129.38966369628906
2020-10-13,126.42420196533203
2020-10-14,126.20266723632812
2020-10-15,125.42723846435547
2020-10-16,126.20266723632812
2020-10-19,122.98155212402344
2020-10-20,123.17754364013672
2020-10-21,122.64921569824219
2020-10-22,123.62918090820312
2020-10-23,123.76551055908203
2020-10-26,122.68328094482422
2020-10-27,121.9845199584961
2020-10-28,117.90274810791016
2020-10-29,116.90576934814453
2020-10-30,116.83757781982422
2020-11-02,118.1839599609375
2020-11-03,118.02204895019531
2020-11-04,118.78900146484375
2020-11-05,119.09577178955078
2020-11-06,121.21762084960938
2020-11-09,124.48131561279297
2020-11-10,126.35603332519531
2020-11-11,125.94700622558594
2020-11-12,126.37310028076172
2020-11-13,127.73651885986328
2020-11-16,128.54605102539062
2020-11-17,127.26782989501953
2020-11-18,125.58060455322266
2020-11-19,125.38458251953125
2020-11-20,124.71993255615234
2020-11-23,123.44998931884766
2020-11-24,123.44998931884766
2020-11-25,123.28692626953125
2020-11-27,123.56155395507812
2020-11-30,124.14503479003906
2020-12-01,126.5218276977539
2020-12-02,127.11396026611328
2020-12-03,127.85186767578125
2020-12-04,128.9416046142578
2020-12-07,127.8261489868164
2020-12-08,130.03994750976562
2020-12-09,131.3699493408203
2020-12-10,130.64059448242188
2020-12-11,131.2412109375
2020-12-14,127.91190338134766
2020-12-15,129.19903564453125
2020-12-16,128.42677307128906
2020-12-17,131.81610107421875
2020-12-18,132.57981872558594
2020-12-21,131.3013153076172
2020-12-22,131.0438690185547
2020-12-23,130.3745880126953
2020-12-24,130.829345703125
2020-12-28,131.44720458984375
2020-12-29,132.26229858398438
2020-12-30,133.90122985839844
2020-12-31,135.0425262451172
2021-01-04,134.28736877441406
2021-01-05,135.86619567871094
2021-01-06,137.14471435546875
2021-01-07,137.60809326171875
2021-01-08,137.32492065429688
2021-01-11,136.74998474121094
2021-01-12,135.6859893798828
2021-01-13,135.48007202148438
2021-01-14,137.8483123779297
2021-01-15,137.54798889160156
2021-01-19,139.67604064941406
2021-01-20,139.33282470703125
2021-01-21,138.77503967285156
2021-01-22,140.33676147460938
2021-01-25,142.42185974121094
2021-01-26,146.2831268310547
2021-01-27,144.0522003173828
2021-01-28,145.1504669189453
2021-01-29,139.97634887695312
2021-02-01,139.61593627929688
2021-02-02,138.3632049560547
2021-02-03,137.7196044921875
2021-02-04,138.9981689453125
2021-02-05,141.10899353027344
2021-02-08,141.51231384277344
2021-02-09,142.67066955566406
2021-02-10,143.13401794433594
2021-02-11,142.49046325683594
2021-02-12,142.93667602539062
2021-02-16,141.6409912109375
2021-02-17,142.14724731445312
2021-02-18,142.21595764160156
2021-02-19,139.84759521484375
2021-02-22,139.7613067626953
2021-02-23,138.52659606933594
2021-02-24,140.38296508789062
2021-02-25,140.5297088623047
2021-02-26,136.81704711914062
2021-03-01,137.55958557128906
2021-03-02,137.30052185058594
2021-03-03,134.88294982910156
2021-03-04,132.16322326660156
2021-03-05,134.77940368652344
2021-03-08,135.9018096923828
2021-03-09,136.1608428955078
2021-03-10,137.41278076171875
2021-03-11,137.40414428710938
2021-03-12,137.80137634277344
2021-03-15,138.5093994140625
2021-03-16,139.32955932617188
2021-03-17,138.81153869628906
2021-03-18,138.55247497558594
2021-03-19,138.1812286376953
2021-03-22,138.5784149169922
2021-03-23,138.4489288330078
2021-03-24,139.7958526611328
2021-03-25,139.84759521484375
2021-03-26,142.40335083007812
2021-03-29,143.36172485351562
2021-03-30,142.472412109375
2021-03-31,141.90257263183594
2021-04-01,140.59019470214844
2021-04-05,141.1082000732422
2021-04-06,141.07366943359375
2021-04-07,141.26361083984375
2021-04-08,140.71104431152344
2021-04-09,139.22598266601562
2021-04-12,139.5626983642578
2021-04-13,137.69775390625
2021-04-14,138.07760620117188
2021-04-15,138.48341369628906
2021-04-16,140.0807342529297
2021-04-19,140.4693145751953
2021-04-20,143.7416534423828
2021-04-21,143.83663940429688
2021-04-22,142.61917114257812
2021-04-23,142.9127655029297
2021-04-26,141.7039794921875
2021-04-27,140.89234924316406
2021-04-28,139.85629272460938
2021-04-29,141.77304077148438
2021-04-30,140.5038299560547
2021-05-03,142.6450653076172
2021-05-04,144.85543823242188
2021-05-05,144.25106811523438
2021-05-06,144.82957458496094
2021-05-07,145.48573303222656
2021-05-10,147.01400756835938
2021-05-11,145.8138427734375
2021-05-12,145.22669982910156
2021-05-13,146.746337890625
2021-05-14,146.97080993652344
2021-05-17,147.1175994873047
2021-05-18,147.16941833496094
2021-05-19,146.8499755859375
2021-05-20,147.70474243164062
2021-05-21,147.60977172851562
2021-05-24,148.17446899414062
2021-05-25,147.76612854003906
2021-05-26,146.888671875
2021-05-27,146.6627655029297
2021-05-28,147.04502868652344
2021-06-01,143.81309509277344
2021-06-02,144.3951873779297
2021-06-03,144.2561492919922
2021-06-04,144.19537353515625
2021-06-07,143.21360778808594
2021-06-08,141.95384216308594
2021-06-09,143.865234375
2021-06-10,145.1597137451172
2021-06-11,143.31787109375
2021-06-14,143.67408752441406
2021-06-15,142.90951538085938
2021-06-16,142.85740661621094
2021-06-17,143.5437469482422
2021-06-18,140.72885131835938
2021-06-21,142.3448028564453
2021-06-22,142.1536407470703
2021-06-23,141.29356384277344
2021-06-24,141.93643188476562
2021-06-25,142.66627502441406
2021-06-28,142.5011749267578
2021-06-29,142.50985717773438
2021-06-30,143.1267547607422
2021-07-01,144.18666076660156
2021-07-02,146.81044006347656
2021-07-06,145.93295288085938
2021-07-07,147.18402099609375
2021-07-08,146.8973388671875
2021-07-09,147.47940063476562
2021-07-12,147.24485778808594
2021-07-13,147.06239318847656
2021-07-14,148.0615234375
2021-07-15,146.2804718017578
2021-07-16,146.04591369628906
2021-07-19,144.98594665527344
2021-07-20,146.3500213623047
2021-07-21,147.25355529785156
2021-07-22,147.67922973632812
2021-07-23,149.2517852783203
2021-07-26,149.3212890625
2021-07-27,150.00762939453125
2021-07-28,149.59060668945312
2021-07-29,149.59060668945312
2021-07-30,149.60800170898438
2021-08-02,149.6688232421875
2021-08-03,151.5106964111328
2021-08-04,150.61581420898438
2021-08-05,150.9025421142578
2021-08-06,150.39859008789062
2021-08-09,150.91990661621094
2021-08-10,150.97201538085938
2021-08-11,150.99806213378906
2021-08-12,152.2144012451172
2021-08-13,153.1266632080078
2021-08-16,154.50799560546875
2021-08-17,155.92422485351562
2021-08-18,153.94334411621094
2021-08-19,155.1422882080078
2021-08-20,155.8981170654297
2021-08-23,155.22515869140625
2021-08-24,153.28497314453125
2021-08-25,152.27117919921875
2021-08-26,151.4583740234375
2021-08-27,151.13502502441406
2021-08-30,151.77296447753906
2021-08-31,151.30982971191406
2021-09-01,151.8429412841797
2021-09-02,152.88291931152344
2021-09-03,152.97911071777344
2021-09-07,150.6018829345703
2021-09-08,150.2347869873047
2021-09-09,146.8875274658203
2021-09-10,145.9261932373047
2021-09-13,144.90362548828125
2021-09-14,144.0297088623047
2021-09-15,144.57150268554688
2021-09-16,144.39674377441406
2021-09-17,143.98593139648438
2021-09-20,143.16444396972656
2021-09-21,143.793701171875
2021-09-22,143.26931762695312
2021-09-23,144.0821075439453
2021-09-24,143.64511108398438
2021-09-27,142.60508728027344
2021-09-28,142.29043579101562
2021-09-29,143.3479766845703
2021-09-30,141.1455841064453
2021-10-01,140.24537658691406
2021-10-04,139.15293884277344
2021-10-05,139.46755981445312
2021-10-06,139.75601196289062
2021-10-07,141.00570678710938
2021-10-08,140.64739990234375
2021-10-11,140.0531005859375
2021-10-12,137.8157501220703
2021-10-13,139.13546752929688
2021-10-14,139.93075561523438
2021-10-15,140.9708251953125
2021-10-18,139.93946838378906
2021-10-19,143.2168731689453
2021-10-20,143.13821411132812
2021-10-21,142.8061065673828
2021-10-22,143.08578491210938
2021-10-25,143.400390625
2021-10-26,144.8599395751953
2021-10-27,143.10328674316406
2021-10-28,142.32545471191406
2021-10-29,142.3516845703125
2021-11-01,142.4739990234375
2021-11-02,144.72010803222656
2021-11-03,144.2569122314453
2021-11-04,143.85488891601562
2021-11-05,142.83233642578125
2021-11-08,142.34291076660156
2021-11-09,142.02828979492188
2021-11-10,143.5664825439453
2021-11-11,142.5089569091797
2021-11-12,144.2132110595703
2021-11-15,142.9110107421875
2021-11-16,142.1681365966797
2021-11-17,142.70120239257812
2021-11-18,141.93211364746094
2021-11-19,142.36041259765625
2021-11-22,140.48666381835938
2021-11-23,141.35755920410156
2021-11-24,140.96170043945312
2021-11-26,140.0468292236328
2021-11-29,140.53065490722656
2021-11-30,137.17022705078125
2021-12-01,139.06153869628906
2021-12-02,138.19064331054688
2021-12-03,140.2051544189453
2021-12-06,143.3368377685547
2021-12-07,143.70631408691406
2021-12-08,144.56842041015625
2021-12-09,145.9407196044922
2021-12-10,145.58009338378906
2021-12-13,148.1839141845703
2021-12-14,149.80259704589844
2021-12-15,150.55032348632812
2021-12-16,152.1953582763672
2021-12-17,147.99041748046875
2021-12-20,147.5681915283203
2021-12-21,147.0931396484375
2021-12-22,147.72650146484375
2021-12-23,148.00799560546875
2021-12-27,149.2571563720703
2021-12-28,149.8553466796875
2021-12-29,150.91098022460938
2021-12-30,151.57952880859375
2021-12-31,150.48873901367188
2022-01-03,150.90219116210938
2022-01-04,150.49752807617188
2022-01-05,151.50039672851562
2022-01-06,150.9813690185547
2022-01-07,153.0222625732422
2022-01-10,152.2657012939453
2022-01-11,150.6470947265625
2022-01-12,149.3627471923828
2022-01-13,148.45663452148438
2022-01-14,147.64736938476562
2022-01-18,146.99635314941406
2022-01-19,146.5389404296875
2022-01-20,145.3689422607422
2022-01-21,145.03466796875
2022-01-24,143.3632049560547
2022-01-25,147.46258544921875
2022-01-26,148.1223907470703
2022-01-27,150.06651306152344
2022-01-28,151.1221160888672
2022-01-31,151.56195068359375
2022-02-01,150.3215789794922
2022-02-02,151.98422241210938
2022-02-03,151.9754180908203
2022-02-04,150.9813690185547
2022-02-07,150.47991943359375
2022-02-08,150.8757781982422
2022-02-09,150.85821533203125
2022-02-10,149.0372314453125
2022-02-11,147.53298950195312
2022-02-14,145.6768341064453
2022-02-15,147.1811065673828
2022-02-16,147.0931396484375
2022-02-17,146.1958465576172
2022-02-18,144.6287841796875
2022-02-22,142.6633758544922
2022-02-23,142.7342071533203
2022-02-24,140.00733947753906
2022-02-25,146.96609497070312
2022-02-28,145.7000732421875
2022-03-01,145.19540405273438
2022-03-02,147.00149536132812
2022-03-03,149.16172790527344
2022-03-04,150.04708862304688
2022-03-07,152.46408081054688
2022-03-08,149.37420654296875
2022-03-09,149.94082641601562
2022-03-10,150.20643615722656
2022-03-11,149.93199157714844
2022-03-14,152.00364685058594
2022-03-15,155.94342041015625
2022-03-16,154.50918579101562
2022-03-17,156.52772521972656
2022-03-18,154.7924346923828
2022-03-21,155.66897583007812
2022-03-22,154.93414306640625
2022-03-23,154.34982299804688
2022-03-24,155.14657592773438
2022-03-25,156.63397216796875
2022-03-28,157.43963623046875
2022-03-29,157.3599853515625
2022-03-30,158.997802734375
2022-03-31,156.9084014892578
2022-04-01,157.7583770751953
2022-04-04,156.235595703125
2022-04-05,157.24484252929688
2022-04-06,161.33506774902344
2022-04-07,160.91900634765625
2022-04-08,161.23773193359375
2022-04-11,159.21914672851562
2022-04-12,159.27224731445312
2022-04-13,159.9451141357422
2022-04-14,159.27224731445312
2022-04-18,157.28915405273438
2022-04-19,162.08767700195312
2022-04-20,162.8047637939453
2022-04-21,162.33554077148438
2022-04-22,160.7242431640625
2022-04-25,164.68170166015625
2022-04-26,163.50418090820312
2022-04-27,161.2200469970703
2022-04-28,162.42410278320312
2022-04-29,159.76806640625
2022-05-02,158.15675354003906
2022-05-03,157.8468780517578
2022-05-04,159.53785705566406
2022-05-05,156.49234008789062
2022-05-06,156.14703369140625
2022-05-09,156.99697875976562
2022-05-10,156.78448486328125
2022-05-11,155.93455505371094
2022-05-12,157.47508239746094
2022-05-13,156.5719757080078
2022-05-16,157.66094970703125
2022-05-17,158.31613159179688
2022-05-18,155.37680053710938
2022-05-19,153.99566650390625
2022-05-20,156.6870880126953
2022-05-23,159.88592529296875
2022-05-24,161.6322784423828
2022-05-25,160.04629516601562
2022-05-26,159.90371704101562
2022-05-27,161.35609436035156
2022-05-31,159.96609497070312
2022-06-01,158.3444061279297
2022-06-02,157.84544372558594
2022-06-03,157.19496154785156
2022-06-06,157.17715454101562
2022-06-07,158.90577697753906
2022-06-08,157.96127319335938
2022-06-09,154.7803192138672
2022-06-10,153.74673461914062
2022-06-13,152.19631958007812
2022-06-14,149.86181640625
2022-06-15,151.4656524658203
2022-06-16,151.54591369628906
2022-06-17,150.99343872070312
2022-06-21,154.1565704345703
2022-06-22,156.58909606933594
2022-06-23,160.08192443847656
2022-06-24,162.4253387451172
2022-06-27,162.27383422851562
2022-06-28,157.65830993652344
2022-06-29,157.70289611816406
2022-06-30,158.16622924804688
2022-07-01,159.95716857910156
2022-07-05,158.72755432128906
2022-07-06,158.87013244628906
2022-07-07,159.04832458496094
2022-07-08,158.852294921875
2022-07-11,158.9146728515625
2022-07-12,156.68710327148438
2022-07-13,156.32179260253906
2022-07-14,156.5355987548828
2022-07-15,158.80772399902344
2022-07-18,155.24363708496094
2022-07-19,152.9804229736328
2022-07-20,152.10720825195312
2022-07-21,152.641845703125
2022-07-22,153.3635711669922
2022-07-25,153.66651916503906
2022-07-26,154.75360107421875
2022-07-27,154.32591247558594
2022-07-28,155.21688842773438
2022-07-29,155.5020294189453
2022-08-01,154.95852661132812
2022-08-02,154.07638549804688
2022-08-03,155.5644073486328
2022-08-04,153.0695037841797
2022-08-05,152.46363830566406
2022-08-08,151.65280151367188
2022-08-09,151.6349639892578
2022-08-10,152.0715789794922
2022-08-11,148.92625427246094
2022-08-12,147.28675842285156
2022-08-15,147.99069213867188
2022-08-16,149.3094024658203
2022-08-17,149.3183135986328
2022-08-18,148.59658813476562
2022-08-19,150.85977172851562
2022-08-22,150.33053588867188
2022-08-23,149.02090454101562
2022-08-24,148.52755737304688
2022-08-25,149.91790771484375
2022-08-26,147.35244750976562
2022-08-29,146.21327209472656
2022-08-30,145.70196533203125
2022-08-31,144.72418212890625
2022-09-01,148.31224060058594
2022-09-02,145.9800262451172
2022-09-06,146.3747100830078
2022-09-07,147.1730499267578
2022-09-08,148.3571319580078
2022-09-09,148.64419555664062
2022-09-12,148.58135986328125
2022-09-13,144.71524047851562
2022-09-14,147.70230102539062
2022-09-15,148.0790252685547
2022-09-16,150.3395233154297
2022-09-19,149.1554412841797
2022-09-20,147.98037719726562
2022-09-21,146.46441650390625
2022-09-22,149.06576538085938
2022-09-23,149.55014038085938
2022-09-26,148.63519287109375
2022-09-27,147.9534454345703
2022-09-28,149.2272186279297
2022-09-29,147.58566284179688
2022-09-30,146.53619384765625
2022-10-03,146.39263916015625
2022-10-04,148.56346130371094
2022-10-05,148.10594177246094
2022-10-06,145.2355194091797
2022-10-07,143.7016143798828
2022-10-10,143.88999938964844
2022-10-11,145.97109985351562
2022-10-12,145.93516540527344
2022-10-13,148.141845703125
2022-10-14,147.52291870117188
2022-10-17,149.43356323242188
2022-10-18,148.9132843017578
2022-10-19,147.72918701171875
2022-10-20,148.10594177246094
2022-10-21,151.33523559570312
2022-10-24,153.3714141845703
2022-10-25,153.1292266845703
2022-10-26,154.47476196289062
2022-10-27,154.56446838378906
2022-10-28,156.8607940673828
2022-10-31,156.05348205566406
2022-11-01,155.26412963867188
2022-11-02,152.8780517578125
2022-11-03,153.13815307617188
2022-11-04,153.81996154785156
2022-11-07,155.16543579101562
2022-11-08,155.9368896484375
2022-11-09,154.69000244140625
2022-11-10,156.5019989013672
2022-11-11,151.819580078125
2022-11-14,154.2056427001953
2022-11-15,154.63623046875
2022-11-16,155.5960235595703
2022-11-17,156.85183715820312
2022-11-18,158.0538330078125
2022-11-21,158.86634826660156
2022-11-22,159.63375854492188
2022-11-23,159.80528259277344
2022-11-25,160.01292419433594
2022-11-28,160.0941925048828
2022-11-29,158.97470092773438
2022-11-30,160.69903564453125
2022-12-01,161.36712646484375
2022-12-02,161.49351501464844
2022-12-05,161.4032440185547
2022-12-06,158.98373413085938
2022-12-07,159.94973754882812
2022-12-08,159.976806640625
2022-12-09,158.6587371826172
2022-12-12,160.55459594726562
2022-12-13,161.79147338867188
2022-12-14,162.28797912597656
2022-12-15,160.23863220214844
2022-12-16,158.5955047607422
2022-12-19,158.42398071289062
2022-12-20,158.5955047607422
2022-12-21,160.41015625
2022-12-22,159.82333374023438
2022-12-23,160.2296142578125
2022-12-27,160.18446350097656
2022-12-28,159.4893035888672
2022-12-29,160.3018341064453
2022-12-30,159.48025512695312
2023-01-03,160.87059020996094
2023-01-04,162.62203979492188
2023-01-05,161.42129516601562
2023-01-06,162.73036193847656
2023-01-09,158.5142822265625
2023-01-10,158.13507080078125
2023-01-11,157.88230895996094
2023-01-12,157.0878448486328
2023-01-13,156.57325744628906
2023-01-17,155.6072540283203
2023-01-18,153.2599639892578
2023-01-19,153.05230712890625
2023-01-20,152.339111328125
2023-01-23,151.9508514404297
2023-01-24,151.9508514404297
2023-01-25,153.0342559814453
2023-01-26,152.47451782226562
2023-01-27,151.878662109375
2023-01-30,146.25418090820312
2023-01-31,147.53614807128906
2023-02-01,148.89036560058594
2023-02-02,149.45010375976562
2023-02-03,148.6105194091797
2023-02-06,147.4820098876953
2023-02-07,147.51809692382812
2023-02-08,147.70770263671875
2023-02-09,145.7124786376953
2023-02-10,146.3896026611328
2023-02-13,146.9312744140625
2023-02-14,146.29026794433594
2023-02-15,143.87982177734375
2023-02-16,142.8596649169922
2023-02-17,145.84210205078125
2023-02-21,143.6688995361328
2023-02-22,143.46888732910156
2023-02-23,143.4234161376953
2023-02-24,141.8230438232422
2023-02-27,141.51390075683594
2023-02-28,139.3588409423828
2023-03-01,138.73143005371094
2023-03-02,138.62234497070312
2023-03-03,140.04994201660156
2023-03-06,141.45022583007812
2023-03-07,140.11358642578125
2023-03-08,139.0860595703125
2023-03-09,137.52207946777344
2023-03-10,137.8585205078125
2023-03-13,139.17698669433594
2023-03-14,139.95896911621094
2023-03-15,140.35000610351562
2023-03-16,140.05902099609375
2023-03-17,138.55868530273438
2023-03-20,139.9317169189453
2023-03-21,139.9317169189453
2023-03-22,137.34933471679688
2023-03-23,137.4220733642578
2023-03-24,138.80419921875
2023-03-27,139.3952178955078
2023-03-28,138.04946899414062
2023-03-29,139.40432739257812
2023-03-30,139.51344299316406
2023-03-31,140.9410400390625
2023-04-03,142.62326049804688
2023-04-04,144.114501953125
2023-04-05,150.5886688232422
2023-04-06,150.17039489746094
2023-04-10,149.41567993164062
2023-04-11,149.37020874023438
2023-04-12,149.05197143554688
2023-04-13,151.04331970214844
2023-04-14,150.79782104492188
2023-04-17,150.64324951171875
2023-04-18,146.40589904785156
2023-04-19,147.7880401611328
2023-04-20,148.74281311035156
2023-04-21,147.93353271484375
2023-04-24,148.83372497558594
2023-04-25,150.19766235351562
2023-04-26,147.869873046875
2023-04-27,148.21539306640625
2023-04-28,148.85191345214844
2023-05-01,148.76100158691406
2023-05-02,150.06124877929688
2023-05-03,148.09719848632812
2023-05-04,147.42430114746094
2023-05-05,147.9244384765625
2023-05-08,147.58798217773438
2023-05-09,146.44227600097656
2023-05-10,146.98785400390625
2023-05-11,146.38772583007812
2023-05-12,146.19676208496094
2023-05-15,145.0783233642578
2023-05-16,144.88735961914062
2023-05-17,144.5691375732422
2023-05-18,144.10536193847656
2023-05-19,144.4963836669922
2023-05-22,143.71763610839844
2023-05-23,143.66268920898438
2023-05-24,143.52523803710938
2023-05-25,141.46389770507812
2023-05-26,141.40895080566406
2023-05-30,141.42723083496094
2023-05-31,142.0594024658203
2023-06-01,141.58297729492188
2023-06-02,143.80926513671875
2023-06-05,145.04608154296875
2023-06-06,144.9178009033203
2023-06-07,145.22927856445312
2023-06-08,146.8234100341797
2023-06-09,146.5943603515625
2023-06-12,146.49359130859375
2023-06-13,147.26316833496094
2023-06-14,148.01443481445312
2023-06-15,150.00247192382812
2023-06-16,150.4605712890625
2023-06-20,150.3689422607422
2023-06-21,150.13992309570312
2023-06-22,151.73402404785156
2023-06-23,151.60577392578125
2023-06-26,149.91085815429688
2023-06-27,149.59938049316406
2023-06-28,149.29701232910156
2023-06-29,150.3414764404297
2023-06-30,151.6424102783203
2023-07-03,149.65435791015625
2023-07-05,149.1596221923828
2023-07-06,148.0510711669922
2023-07-07,145.8981170654297
2023-07-10,146.1363067626953
2023-07-11,145.33009338378906
2023-07-12,144.8262176513672
2023-07-13,145.49501037597656
2023-07-14,146.46612548828125
2023-07-17,145.7332000732422
2023-07-18,145.72401428222656
2023-07-19,145.43084716796875
2023-07-20,154.26263427734375
2023-07-21,155.92086791992188
2023-07-24,156.73622131347656
2023-07-25,157.93641662597656
2023-07-26,158.2387237548828
2023-07-27,159.12742614746094
2023-07-28,159.8511505126953
2023-07-31,153.48391723632812
2023-08-01,154.72987365722656
2023-08-02,155.66439819335938
2023-08-03,156.33311462402344
2023-08-04,154.86729431152344
2023-08-07,158.5868682861328
2023-08-08,158.66015625
2023-08-09,158.55941772460938
2023-08-10,157.73484802246094
2023-08-11,159.27401733398438
2023-08-14,158.89834594726562
2023-08-15,158.44029235839844
2023-08-16,157.93641662597656
2023-08-17,159.42059326171875
2023-08-18,158.02804565429688
2023-08-21,153.31898498535156
2023-08-22,152.1005096435547
2023-08-23,150.73541259765625
2023-08-24,151.2484588623047
2023-08-25,153.4170684814453
2023-08-28,151.6083526611328
2023-08-29,151.62680053710938
2023-08-30,151.09156799316406
2023-08-31,149.19981384277344
2023-09-01,148.09246826171875
2023-09-05,148.2770233154297
2023-09-06,145.81309509277344
2023-09-07,147.6772003173828
2023-09-08,148.16627502441406
2023-09-11,150.10418701171875
2023-09-12,150.9531707763672
2023-09-13,151.33148193359375
2023-09-14,151.10079956054688
2023-09-15,148.98757934570312
2023-09-18,149.92884826660156
2023-09-19,149.67965698242188
2023-09-20,150.33489990234375
2023-09-21,149.18138122558594
2023-09-22,148.1109161376953
2023-09-25,147.8894500732422
2023-09-26,146.74513244628906
2023-09-27,144.9825897216797
2023-09-28,144.77035522460938
2023-09-29,143.72756958007812
2023-10-02,143.17384338378906
2023-10-03,143.34921264648438
2023-10-04,143.51531982421875
2023-10-05,145.01028442382812
2023-10-06,145.47169494628906
2023-10-09,146.30218505859375
2023-10-10,146.13607788085938
2023-10-11,144.1243438720703
2023-10-12,144.2627716064453
2023-10-13,144.74266052246094
2023-10-16,145.37013244628906
2023-10-17,144.0413360595703
2023-10-18,140.940673828125
2023-10-19,140.56234741210938
2023-10-20,141.18983459472656
2023-10-23,139.70411682128906
2023-10-24,139.55645751953125
2023-10-25,139.87022399902344
2023-10-26,137.49859619140625
2023-10-27,134.3610382080078
2023-10-30,135.68064880371094
2023-10-31,136.8895263671875
2023-11-01,137.21250915527344
2023-11-02,138.6428985595703
2023-11-03,139.657958984375
2023-11-06,139.99017333984375
2023-11-07,139.25192260742188
2023-11-08,138.744384765625
2023-11-09,136.04055786132812
2023-11-10,135.8837127685547
2023-11-13,136.234375
2023-11-14,136.2620391845703
2023-11-15,137.3140411376953
2023-11-16,138.51370239257812
2023-11-17,138.2275848388672
2023-11-20,139.4461669921875
2023-11-21,140.57171630859375
2023-11-22,140.29266357421875
2023-11-24,141.85540771484375
2023-11-27,140.7205810546875
2023-11-28,141.04612731933594
2023-11-29,141.49261474609375
2023-11-30,143.8646240234375
2023-12-01,147.32498168945312
2023-12-04,147.79006958007812
2023-12-05,147.4831085205078
2023-12-06,145.6878204345703
2023-12-07,144.55294799804688
2023-12-08,143.64137268066406
2023-12-11,144.23670959472656
2023-12-12,144.2460174560547
2023-12-13,144.91575622558594
2023-12-14,145.9203643798828
2023-12-15,144.3297119140625
2023-12-18,144.59017944335938
2023-12-19,145.5389862060547
2023-12-20,142.57164001464844
2023-12-21,144.0320587158203
2023-12-22,144.60877990722656
2023-12-26,145.24131774902344
2023-12-27,145.4366455078125
2023-12-28,145.65061950683594
2023-12-29,145.79946899414062
2024-01-02,148.80398559570312
2024-01-03,149.73419189453125
2024-01-04,149.41793823242188
2024-01-05,149.88299560546875
2024-01-08,150.2550811767578
2024-01-09,150.34811401367188
2024-01-10,150.57138061523438
2024-01-11,149.901611328125
2024-01-12,151.0550537109375
2024-01-16,149.3155975341797
2024-01-17,149.2318572998047
2024-01-18,149.95741271972656
2024-01-19,150.39462280273438
2024-01-22,151.12948608398438
2024-01-23,148.6551513671875
2024-01-24,147.86448669433594
2024-01-25,148.42259216308594
2024-01-26,148.36680603027344
2024-01-29,148.23655700683594
2024-01-30,147.68775939941406
2024-01-31,147.80865478515625
2024-02-01,147.3063507080078
2024-02-02,145.6785125732422
2024-02-05,144.92506408691406
2024-02-06,147.02731323242188
2024-02-07,146.95289611816406
2024-02-08,145.48318481445312
2024-02-09,145.81805419921875
2024-02-12,146.8319549560547
2024-02-13,145.5482940673828
2024-02-14,144.86924743652344
2024-02-15,146.89706420898438
2024-02-16,146.72837829589844
2024-02-20,147.9561767578125
2024-02-21,148.72471618652344
2024-02-22,150.38369750976562
2024-02-23,151.6864776611328
2024-02-26,150.70237731933594
2024-02-27,150.88043212890625
2024-02-28,151.41468811035156
2024-02-29,151.2553253173828
2024-03-01,151.9488983154297
2024-03-04,149.81195068359375
2024-03-05,149.93382263183594
2024-03-06,149.3433380126953
2024-03-07,148.90281677246094
2024-03-08,149.51206970214844
2024-03-11,151.11476135253906
2024-03-12,152.53001403808594
2024-03-13,150.99288940429688
2024-03-14,149.22149658203125
2024-03-15,148.256103515625
2024-03-18,146.92518615722656
2024-03-19,146.4097137451172
2024-03-20,145.98794555664062
2024-03-21,145.9785614013672
2024-03-22,145.49118041992188
2024-03-25,145.48179626464844
2024-03-26,145.997314453125
2024-03-27,148.0499267578125
2024-03-28,148.26548767089844
2024-04-01,147.88119506835938
2024-04-02,147.83433532714844
2024-04-03,144.58203125
2024-04-04,142.93246459960938
2024-04-05,142.82937622070312
2024-04-08,142.0795440673828
2024-04-09,142.7356414794922
2024-04-10,140.7767333984375
2024-04-11,139.4552001953125
2024-04-12,138.26490783691406
2024-04-15,138.3304901123047
2024-04-16,135.3874969482422
2024-04-17,135.6874237060547
2024-04-18,136.59657287597656
2024-04-19,138.6304168701172
2024-04-22,139.76451110839844
2024-04-23,140.1769256591797
2024-04-24,139.2115478515625
2024-04-25,137.6088104248047
2024-04-26,136.9714813232422
2024-04-29,137.6088104248047
2024-04-30,135.51869201660156
2024-05-01,141.69525146484375
2024-05-02,140.51434326171875
2024-05-03,139.90512084960938
2024-05-06,139.2583770751953
2024-05-07,139.38961791992188
2024-05-08,139.6051788330078
2024-05-09,140.44873046875
2024-05-10,140.5049591064453
2024-05-13,141.73277282714844
2024-05-14,141.8827362060547
2024-05-15,143.091796875
2024-05-16,144.60076904296875
2024-05-17,144.93820190429688
2024-05-20,142.9257049560547
2024-05-21,142.89735412597656
2024-05-22,145.03268432617188
2024-05-23,141.44229125976562
2024-05-24,138.86288452148438
2024-05-28,136.41575622558594
2024-05-29,136.4724578857422
2024-05-30,137.26608276367188
2024-05-31,138.57943725585938
2024-06-03,139.59042358398438
2024-06-04,139.64710998535156
2024-06-05,137.9180450439453
2024-06-06,138.34323120117188
2024-06-07,138.96682739257812
2024-06-10,139.01406860351562
2024-06-11,138.66445922851562
2024-06-12,137.38893127441406
2024-06-13,137.4267120361328
2024-06-14,137.51173400878906
2024-06-17,137.899169921875
2024-06-18,137.61569213867188
2024-06-20,139.62818908691406
2024-06-21,140.5447235107422
2024-06-24,140.894287109375
2024-06-25,139.0707550048828
2024-06-26,138.72117614746094
2024-06-27,137.75743103027344
2024-06-28,138.0975799560547
2024-07-01,138.36212158203125
2024-07-02,137.97474670410156
2024-07-03,137.6534881591797
2024-07-05,138.39991760253906
2024-07-08,137.45509338378906
2024-07-09,138.93850708007812
2024-07-10,141.1871795654297
2024-07-11,141.44229125976562
2024-07-12,141.61236572265625
2024-07-15,141.00770568847656
2024-07-16,142.68002319335938
2024-07-17,147.94281005859375
2024-07-18,146.84677124023438
2024-07-19,146.15704345703125
2024-07-22,145.7318572998047
2024-07-23,143.9461212158203
2024-07-24,147.6593475341797
2024-07-25,150.83399963378906
2024-07-26,151.77883911132812
2024-07-29,149.81356811523438
2024-07-30,152.4307861328125
2024-07-31,149.14271545410156
2024-08-01,151.89219665527344
2024-08-02,155.0857696533203
2024-08-05,152.3551788330078
2024-08-06,150.20095825195312
2024-08-07,150.13478088378906
2024-08-08,151.3820037841797
2024-08-09,151.75991821289062
2024-08-12,151.06077575683594
2024-08-13,149.65293884277344
2024-08-14,149.73797607421875
2024-08-15,150.31434631347656
2024-08-16,150.5977783203125
2024-08-19,150.82455444335938
2024-08-20,151.32530212402344
2024-08-21,152.52523803710938
2024-08-22,153.39451599121094
2024-08-23,155.07632446289062
2024-08-26,155.52984619140625
2024-08-27,155.12998962402344
2024-08-28,156.05345153808594
2024-08-29,156.3485565185547
2024-08-30,157.90032958984375
2024-09-03,159.13795471191406
2024-09-04,159.32833862304688
2024-09-05,157.0720977783203
2024-09-06,156.49134826660156
2024-09-09,158.61436462402344
2024-09-10,159.34738159179688
2024-09-11,156.91024780273438
2024-09-12,156.73886108398438
2024-09-13,157.57666015625
2024-09-16,158.97610473632812
2024-09-17,159.05227661132812
2024-09-18,158.17642211914062
2024-09-19,156.91024780273438
2024-09-20,156.2819366455078
2024-09-23,155.3870391845703
2024-09-24,154.9681396484375
2024-09-25,152.8927764892578
2024-09-26,153.6448516845703
2024-09-27,153.65435791015625
2024-09-30,154.28269958496094
2024-10-01,154.216064453125
2024-10-02,153.43539428710938
2024-10-03,152.79754638671875
2024-10-04,152.59762573242188
2024-10-07,151.87411499023438
2024-10-08,152.0264434814453
2024-10-09,152.9403533935547
2024-10-10,152.80709838867188
2024-10-11,153.7115020751953
2024-10-14,153.8447723388672
2024-10-15,156.2248077392578
2024-10-16,156.3961639404297
2024-10-17,156.57705688476562
2024-10-18,157.1958465576172
2024-10-21,155.01576232910156
2024-10-22,155.6060028076172
2024-10-23,157.90032958984375
2024-10-24,155.8154296875
2024-10-25,153.15933227539062
2024-10-28,153.8447723388672
2024-10-29,152.40724182128906
2024-10-30,152.90228271484375
2024-10-31,152.1882781982422
2024-11-01,152.44534301757812
2024-11-04,150.6460418701172
2024-11-05,150.75076293945312
2024-11-06,150.30331420898438
2024-11-07,149.20848083496094
2024-11-08,148.00894165039062
2024-11-11,147.59957885742188
2024-11-12,145.3147735595703
2024-11-13,145.885986328125
2024-11-14,144.58172607421875
2024-11-15,146.60951232910156
2024-11-18,147.34254455566406
2024-11-19,145.65748596191406
2024-11-20,145.76220703125
2024-11-21,148.0375213623047
2024-11-22,147.72337341308594
2024-11-25,148.3040771484375
2024-11-26,148.28489685058594
2024-11-27,149.12936401367188
2024-11-29,148.755126953125
2024-12-02,148.5535888671875
2024-12-03,146.21205139160156
2024-12-04,144.39833068847656
2024-12-05,143.48666381835938
2024-12-06,143.28512573242188
2024-12-09,143.5634307861328
2024-12-10,143.20834350585938
2024-12-11,140.72286987304688
2024-12-12,140.33900451660156
2024-12-13,140.70367431640625
2024-12-16,138.0454559326172
2024-12-17,140.50213623046875
2024-12-18,138.90911865234375
2024-12-19,137.78634643554688
2024-12-20,138.64041137695312
2024-12-23,139.4081573486328
2024-12-24,139.96473693847656
2024-12-26,139.70562744140625
2024-12-27,139.19703674316406
2024-12-30,137.55601501464844
2024-12-31,138.78436279296875
2025-01-02,138.20860290527344
2025-01-03,138.37171936035156
2025-01-06,137.8631134033203
2025-01-07,140.3293914794922
2025-01-08,136.52920532226562
2025-01-10,136.32766723632812
2025-01-13,138.64041137695312
2025-01-14,138.90911865234375
2025-01-15,139.12025451660156
2025-01-16,141.80726623535156
2025-01-17,141.0971221923828
2025-01-21,142.17193603515625
2025-01-22,139.4081573486328
2025-01-23,140.72286987304688
2025-01-24,140.8956298828125
2025-01-27,146.72064208984375
2025-01-28,144.31195068359375
2025-01-29,145.05087280273438
2025-01-30,146.70147705078125
2025-01-31,146.010498046875
2025-02-03,145.7418212890625
2025-02-04,147.2964324951172
2025-02-05,148.4480438232422
2025-02-06,147.31565856933594
2025-02-07,146.9413604736328
2025-02-10,148.01617431640625
2025-02-11,149.82994079589844
2025-02-12,148.99502563476562
2025-02-13,150.90472412109375
2025-02-14,149.84912109375
2025-02-18,149.926513671875
2025-02-19,152.73175048828125
2025-02-20,154.46328735351562
2025-02-21,156.99769592285156
2025-02-24,158.39065551757812
2025-02-25,160.66384887695312
2025-02-26,157.752197265625
2025-02-27,158.38096618652344
2025-02-28,159.6288299560547
2025-03-03,161.81497192382812
2025-03-04,160.01576232910156
2025-03-05,159.72555541992188
2025-03-06,160.412353515625
2025-03-07,161.2442626953125
2025-03-10,162.2212677001953
2025-03-11,160.44137573242188
2025-03-12,157.52972412109375
2025-03-13,157.66514587402344
2025-03-14,157.49102783203125
2025-03-17,157.52003479003906
2025-03-18,158.88397216796875
2025-03-19,157.66514587402344
2025-03-20,157.69418334960938
2025-03-21,158.28424072265625
2025-03-24,157.95533752441406
2025-03-25,155.75950622558594
2025-03-26,156.4366455078125
2025-03-27,157.8005828857422
2025-03-28,158.36163330078125
2025-03-31,160.4220428466797
2025-04-01,148.2433319091797
2025-04-02,150.28439331054688
2025-04-03,154.5987091064453
2025-04-04,148.2336883544922
2025-04-07,145.6992645263672
2025-04-08,145.09951782226562
2025-04-09,146.03785705566406
2025-04-10,143.8323211669922
2025-04-11,146.77301025390625
2025-04-14,149.31707763671875
2025-04-15,148.6012725830078
2025-04-16,148.8817901611328
2025-04-17,152.32546997070312
2025-04-21,151.79344177246094
2025-04-22,152.59634399414062
2025-04-23,150.3037567138672
2025-04-24,149.8684539794922
2025-04-25,149.52989196777344
2025-04-28,150.27474975585938
2025-04-29,150.81643676757812
2025-04-30,151.203369140625
2025-05-01,149.413818359375
2025-05-02,151.0195770263672
2025-05-05,149.93617248535156
2025-05-06,149.42349243164062
2025-05-07,152.16102600097656
2025-05-08,150.5746307373047
2025-05-09,149.18167114257812
2025-05-12,149.10427856445312
2025-05-13,143.5904998779297
2025-05-14,141.5784454345703
2025-05-15,144.72225952148438
2025-05-16,146.38607788085938
2025-05-19,147.50819396972656
2025-05-20,148.6399688720703
2025-05-21,148.17562866210938
2025-05-22,147.624267578125
2025-05-23,147.94346618652344
2025-05-27,149.51422119140625
2025-05-28,148.71420288085938
2025-05-29,149.83616638183594
2025-05-30,151.4264678955078
2025-06-02,151.61180114746094
2025-06-03,150.6557159423828
2025-06-04,149.48495483398438
2025-06-05,149.91424560546875
2025-06-06,151.25082397460938
2025-06-09,151.44595336914062
2025-06-10,152.63623046875
2025-06-11,151.4752197265625
2025-06-12,152.84109497070312
2025-06-13,153.2703857421875
2025-06-16,151.4362030029297
2025-06-17,148.66543579101562
2025-06-18,147.0556640625
2025-06-20,146.1385498046875
2025-06-23,147.63125610351562
2025-06-24,148.4800567626953
2025-06-25,148.56787109375
2025-06-26,148.304443359375
2025-06-27,148.69471740722656
2025-06-30,149.0264129638672
2025-07-01,152.119140625
2025-07-02,151.76791381835938
2025-07-03,152.20693969726562
2025-07-07,151.4849853515625
2025-07-08,151.9923095703125
2025-07-09,152.47036743164062
2025-07-10,153.8459930419922
2025-07-11,153.0752410888672
2025-07-14,152.9971923828125
2025-07-15,151.38743591308594
2025-07-16,160.7631378173828
2025-07-17,159.00701904296875
2025-07-18,159.70947265625
2025-07-21,160.35340881347656
2025-07-22,163.83636474609375
2025-07-23,164.9778594970703
2025-07-24,165.42662048339844
2025-07-25,164.1973419189453
2025-07-28,162.16806030273438
2025-07-29,164.01197814941406
2025-07-30,163.18270874023438
2025-07-31,160.72413635253906
2025-08-01,163.25100708007812
2025-08-04,166.87054443359375
2025-08-05,166.577880859375
2025-08-06,166.4315185546875
2025-08-07,167.34861755371094
2025-08-08,169.104736328125
2025-08-11,169.58279418945312
2025-08-12,168.56814575195312
2025-08-13,170.1681671142578
2025-08-14,170.46083068847656
2025-08-15,172.33404541015625
2025-08-18,171.95355224609375
2025-08-19,173.4657745361328
2025-08-20,174.48040771484375
2025-08-21,174.5682373046875
2025-08-22,174.91944885253906
2025-08-25,174.0609130859375
2025-08-26,173.45156860351562
2025-08-27,173.7464141845703
2025-08-28,172.4294891357422
2025-08-29,174.11985778808594
2025-09-02,174.99453735351562
2025-09-03,174.93557739257812
2025-09-04,175.68247985839844
2025-09-05,175.35816955566406
2025-09-08,175.06333923339844
2025-09-09,173.91348266601562
2025-09-10,172.7636260986328
2025-09-11,175.42698669433594
2025-09-12,174.99453735351562
2025-09-15,174.3459014892578
2025-09-16,173.42210388183594
2025-09-17,174.14935302734375
2025-09-18,171.16168212890625
2025-09-19,173.15673828125
2025-09-22,171.21083068847656
2025-09-23,173.54002380371094
2025-09-24,173.64813232421875
2025-09-25,174.6702117919922
2025-09-26,176.61614990234375
2025-09-29,178.49327087402344
2025-09-30,182.22784423828125
2025-10-01,182.84698486328125
2025-10-02,182.7781982421875
2025-10-03,185.3924102783203
2025-10-06,184.92066955566406
2025-10-07,185.6381072998047
2025-10-08,186.42433166503906
2025-10-09,187.7904052734375
2025-10-10,187.43658447265625
2025-10-13,187.61349487304688
2025-10-14,187.56436157226562
2025-10-15,187.87884521484375
2025-10-16,188.8125
2025-10-17,189.89356994628906
2025-10-20,190.3849334716797
2025-10-21,188.57662963867188
2025-10-22,189.6183624267578
2025-10-23,189.15647888183594
2025-10-24,187.12208557128906
2025-10-27,187.02383422851562
2025-10-28,183.7118377685547
2025-10-29,183.3875274658203
2025-10-30,185.7953338623047
2025-10-31,185.61843872070312
2025-11-03,183.05337524414062
2025-11-04,183.64305114746094
2025-11-05,182.79783630371094
2025-11-06,183.75115966796875
2025-11-07,183.35804748535156
2025-11-10,185.16636657714844
2025-11-11,190.4930419921875
2025-11-12,191.04339599609375
2025-11-13,191.88861083984375
2025-11-14,192.55690002441406
2025-11-17,196.14405822753906
2025-11-18,196.55682373046875
2025-11-19,199.02362060546875
2025-11-20,199.57398986816406
2025-11-21,200.38967895507812
2025-11-24,202.502685546875
2025-11-25,204.40159606933594
2025-11-26,205.28182983398438
2025-11-28,204.64886474609375
2025-12-01,203.08619689941406
2025-12-02,203.1653289794922
2025-12-03,203.07630920410156
2025-12-04,200.25758361816406
2025-12-05,199.713623046875
2025-12-08,199.4070281982422
2025-12-09,197.7652587890625
2025-12-10,204.2730255126953
2025-12-11,207.70494079589844
2025-12-12,209.25770568847656
2025-12-15,211.8192901611328
2025-12-16,207.00274658203125
2025-12-17,208.0214385986328
2025-12-18,206.0236053466797
2025-12-19,204.10488891601562
2025-12-22,205.0444793701172
2025-12-23,203.52137756347656
2025-12-24,205.49942016601562
2025-12-26,205.35105895996094
2025-12-29,205.28182983398438
2025-12-30,204.6389617919922
2025-12-31,204.67852783203125
2026-01-02,205.0741424560547
2026-01-05,202.0675048828125
2026-01-06,202.542236328125
2026-01-07,205.21261596679688
2026-01-08,203.49169921875
2026-01-09,202.14663696289062
2026-01-12,207.41812133789062
2026-01-13,211.3049774169922
2026-01-14,216.15121459960938
2026-01-15,217.16001892089844
2026-01-16,216.260009765625
2026-01-20,215.81495666503906
2026-01-21,215.6171417236328
2026-01-22,216.0918731689453
2026-01-23,217.7237548828125
2026-01-26,219.05894470214844
2026-01-27,221.9765625
2026-01-28,225.22056579589844
2026-01-29,224.79527282714844
2026-01-30,224.75572204589844
2026-02-02,228.21730041503906
2026-02-03,230.54151916503906
2026-02-04,231.89646911621094
2026-02-05,235.18002319335938
2026-02-06,237.35589599609375
2026-02-09,236.0207061767578
2026-02-10,235.73388671875
2026-02-11,238.21633911132812
2026-02-12,241.8658447265625
2026-02-13,240.7779083251953
2026-02-17,240.6592254638672
2026-02-18,242.30101013183594
2026-02-19,244.19992065429688
2026-02-20,239.8284454345703
2026-02-23,243.14166259765625
2026-02-24,244.87173461914062
2026-02-25,243.76808166503906
2026-02-26,242.0778045654297
2026-02-27,247.00942993164062
2026-03-02,247.13868713378906
2026-03-03,245.3390350341797
2026-03-04,243.8973388671875
2026-03-05,238.259765625
2026-03-06,239.0253448486328
2026-03-09,241.20281982421875
2026-03-10,242.31643676757812
2026-03-11,241.6005401611328
2026-03-12,240.6559600830078
2026-03-13,240.13894653320312
2026-03-16,241.7993927001953
2026-03-17,236.74844360351562
2026-03-18,235.92318725585938
2026-03-19,236.24136352539062
2026-03-20,234.02410888671875
2026-03-23,234.07382202148438
2026-03-24,233.9246826171875
2026-03-25,238.5580291748047
2026-03-26,237.8719940185547
2026-03-27,239.07505798339844
2026-03-30,241.10340881347656
2026-03-31,243.04225158691406
2026-04-01,242.7240753173828
2026-04-02,241.65025329589844
2026-04-06,239.5920867919922
2026-04-07,237.04673767089844
2026-04-08,239.9202117919922
2026-04-09,239.93014526367188
2026-04-10,237.09645080566406
2026-04-13,236.59930419921875
2026-04-14,238.72706604003906
2026-04-15,237.30523681640625
2026-04-16,233.1988525390625
2026-04-17,232.84091186523438
2026-04-20,229.37088012695312
2026-04-21,224.8667755126953
2026-04-22,224.80712890625
2026-04-23,229.3311004638672
2026-04-24,226.19911193847656
2026-04-27,224.0514678955078
2026-04-28,226.48745727539062
2026-04-29,226.0499725341797
2026-04-30,228.5356903076172
2026-05-01,225.89088439941406
2026-05-04,222.91798400878906
2026-05-05,224.26026916503906
2026-05-06,223.33558654785156
2026-05-07,221.23764038085938
2026-05-08,220.05445861816406
2026-05-11,220.163818359375
2026-05-12,222.97763061523438
2026-05-13,229.1024169921875
2026-05-14,229.48025512695312
2026-05-15,225.41363525390625
2026-05-18,227.61099243164062
2026-05-19,228.684814453125
2026-05-20,228.0087127685547
2026-05-21,230.40492248535156
2026-05-22,233.0
2026-05-26,230.17999267578125
2026-05-27,231.2899932861328
2026-05-28,230.8000030517578
2026-05-29,225.3300018310547
2026-06-01,223.50999450683594
2026-06-02,222.88999938964844
2026-06-03,223.24000549316406
2026-06-04,228.1699981689453
2026-06-05,232.77000427246094
2026-06-08,232.16000366210938
2026-06-09,237.0
2026-06-10,238.49000549316406
2026-06-11,238.3300018310547
2026-06-12,240.8699951171875
2026-06-15,235.66000366210938
2026-06-16,235.17999267578125
2026-06-17,234.1999969482422
2026-06-18,228.38999938964844
2026-06-22,231.2899932861328
2026-06-23,239.0800018310547
2026-06-24,241.0
2026-06-25,244.8800048828125
2026-06-26,254.66000366210938
2026-06-29,258.510009765625
2026-06-30,253.97000122070312
2026-07-01,253.97999572753906
2026-07-02,263.0400085449219
2026-07-06,259.3299865722656
2026-07-07,267.239990234375
2026-07-08,263.3999938964844
2026-07-09,259.1000061035156
2026-07-10,256.9800109863281
2026-07-13,257.7699890136719
2026-07-14,253.85000610351562
2026-07-15,247.02000427246094
2026-07-16,249.97000122070312
2026-07-17,253.0399932861328
2026-07-20,248.82000732421875
2026-07-21,250.61000061035156
2026-07-22,255.6300048828125
2026-07-23,259.2699890136719
2026-07-24,263.3999938964844
2026-07-27,265.95001220703125
2026-07-28,266.7300109863281
2026-07-29,265.5299987792969
2026-07-30,255.82000732421875
2026-07-31,256.3500061035156
2026-08-03,254.41000366210938
2026-08-04,254.92999267578125
2026-08-05,257.5899963378906
2026-08-06,256.9800109863281
2026-08-07,259.239990234375
2026-08-10,261.80999755859375
2026-08-11,259.79998779296875
2026-08-12,260.8599853515625
2026-08-13,262.0799865722656
2026-08-14,260.3500061035156
2026-08-17,262.3699951171875
2026-08-18,271.1099853515625
2026-08-19,273.4100036621094
2026-08-20,267.3699951171875
2026-08-21,270.239990234375
