Date,Close
2010-01-04,28.152374267578125
2010-01-05,28.69769287109375
2010-01-06,28.855375289916992
2010-01-07,29.426963806152344
2010-01-08,29.354686737060547
2010-01-11,29.256134033203125
2010-01-12,28.572860717773438
2010-01-13,29.07217788696289
2010-01-14,29.361248016357422
2010-01-15,28.69769287109375
2010-01-19,28.43488311767578
2010-01-20,28.513723373413086
2010-01-21,26.634716033935547
2010-01-22,25.728057861328125
2010-01-25,25.76091194152832
2010-01-26,25.255008697509766
2010-01-27,25.83974266052246
2010-01-28,25.93829917907715
2010-01-29,25.583520889282227
2010-02-01,26.036842346191406
2010-02-02,26.641284942626953
2010-02-03,26.4704647064209
2010-02-04,25.19588851928711
2010-02-05,25.163036346435547
2010-02-08,24.76883888244629
2010-02-09,25.222166061401367
2010-02-10,25.537513732910156
2010-02-11,25.63606834411621
2010-02-12,25.590085983276367
2010-02-16,26.3259220123291
2010-02-17,26.306211471557617
2010-02-18,26.54930877685547
2010-02-19,26.299644470214844
2010-02-22,26.838369369506836
2010-02-23,26.20109748840332
2010-02-24,26.838369369506836
2010-02-25,26.700407028198242
2010-02-26,27.57421875
2010-03-01,27.482250213623047
2010-03-02,27.34425926208496
2010-03-03,27.28514289855957
2010-03-04,27.5413761138916
2010-03-05,28.126117706298828
2010-03-08,27.981565475463867
2010-03-09,27.8698673248291
2010-03-10,28.204933166503906
2010-03-11,28.369190216064453
2010-03-12,28.3494815826416
2010-03-15,28.29691505432129
2010-03-16,28.408615112304688
2010-03-17,28.769960403442383
2010-03-18,28.671405792236328
2010-03-19,28.54657745361328
2010-03-22,28.737102508544922
2010-03-23,29.288997650146484
2010-03-24,29.52550506591797
2010-03-25,29.52550506591797
2010-03-26,29.578060150146484
2010-03-29,29.472957611083984
2010-03-30,29.288997650146484
2010-03-31,29.400676727294922
2010-04-01,29.716386795043945
2010-04-05,29.821624755859375
2010-04-06,30.150493621826172
2010-04-07,29.8084659576416
2010-04-08,30.097854614257812
2010-04-09,30.242565155029297
2010-04-12,30.347797393798828
2010-04-13,30.170209884643555
2010-04-14,31.393611907958984
2010-04-15,31.44622039794922
2010-04-16,29.959739685058594
2010-04-19,29.85450553894043
2010-04-20,30.176799774169922
2010-04-21,29.82819175720215
2010-04-22,29.426992416381836
2010-04-23,29.558521270751953
2010-04-26,28.867904663085938
2010-04-27,27.89446449279785
2010-04-28,28.585092544555664
2010-04-29,28.94025421142578
2010-04-30,28.00627899169922
2010-05-03,28.631132125854492
2010-05-04,27.933929443359375
2010-05-05,28.039173126220703
2010-05-06,26.842098236083984
2010-05-07,26.809213638305664
2010-05-10,27.591909408569336
2010-05-11,27.328805923461914
2010-05-12,27.420896530151367
2010-05-13,26.842098236083984
2010-05-14,26.236974716186523
2010-05-17,26.20409393310547
2010-05-18,25.66474723815918
2010-05-19,25.901531219482422
2010-05-20,24.882047653198242
2010-05-21,26.34221839904785
2010-05-24,25.40165138244629
2010-05-25,25.612136840820312
2010-05-26,25.506885528564453
2010-05-27,26.5855770111084
2010-05-28,26.033084869384766
2010-06-01,25.349040985107422
2010-06-02,26.013347625732422
2010-06-03,25.717370986938477
2010-06-04,24.74392318725586
2010-06-07,24.15196418762207
2010-06-08,24.849151611328125
2010-06-09,24.415061950683594
2010-06-10,25.18460464477539
2010-06-11,25.053050994873047
2010-06-14,24.553180694580078
2010-06-15,25.15829849243164
2010-06-16,25.33588218688965
2010-06-17,25.28326416015625
2010-06-18,25.76999282836914
2010-06-21,25.566083908081055
2010-06-22,25.210905075073242
2010-06-23,25.579242706298828
2010-06-24,25.013593673706055
2010-06-25,25.940998077392578
2010-06-28,25.349040985107422
2010-06-29,24.37558937072754
2010-06-30,24.079608917236328
2010-07-01,23.76346778869629
2010-07-02,23.59881591796875
2010-07-06,23.928138732910156
2010-07-07,25.126832962036133
2010-07-08,25.13343048095703
2010-07-09,25.587881088256836
2010-07-12,25.81181526184082
2010-07-13,26.661453247070312
2010-07-14,26.575824737548828
2010-07-15,26.648283004760742
2010-07-16,25.686674118041992
2010-07-19,25.71302604675293
2010-07-20,26.101612091064453
2010-07-21,25.304658889770508
2010-07-22,25.917190551757812
2010-07-23,26.233341217041016
2010-07-26,26.562652587890625
2010-07-27,26.799772262573242
2010-07-28,26.556066513061523
2010-07-29,26.483631134033203
2010-07-30,26.529727935791016
2010-08-02,27.42546844482422
2010-08-03,27.0566349029541
2010-08-04,27.194936752319336
2010-08-05,27.18177604675293
2010-08-06,26.635107040405273
2010-08-09,26.226760864257812
2010-08-10,25.79863929748535
2010-08-11,24.876554489135742
2010-08-12,24.902904510498047
2010-08-13,24.698734283447266
2010-08-16,24.823863983154297
2010-08-17,24.685556411743164
2010-08-18,24.955591201782227
2010-08-19,24.415512084960938
2010-08-20,24.461624145507812
2010-08-23,24.290380477905273
2010-08-24,23.84908676147461
2010-08-25,23.86226463317871
2010-08-26,23.467086791992188
2010-08-27,24.10595703125
2010-08-30,23.611984252929688
2010-08-31,23.947879791259766
2010-09-01,24.85680389404297
2010-09-02,25.13343048095703
2010-09-03,25.79863929748535
2010-09-07,25.212465286254883
2010-09-08,25.765714645385742
2010-09-09,26.411176681518555
2010-09-10,26.187236785888672
2010-09-13,27.08298110961914
2010-09-14,26.819528579711914
2010-09-15,26.990768432617188
2010-09-16,26.997356414794922
2010-09-17,26.384838104248047
2010-09-20,27.12907600402832
2010-09-21,26.73391342163086
2010-09-22,26.305788040161133
2010-09-23,25.752532958984375
2010-09-24,26.180654525756836
2010-09-27,25.73936653137207
2010-09-28,25.653743743896484
2010-09-29,25.298078536987305
2010-09-30,25.06756019592285
2010-10-01,25.561542510986328
2010-10-04,25.68683624267578
2010-10-05,26.141878128051758
2010-10-06,26.313343048095703
2010-10-07,26.06273651123047
2010-10-08,25.92426109313965
2010-10-11,26.201250076293945
2010-10-12,26.643095016479492
2010-10-13,26.273786544799805
2010-10-14,25.53515625
2010-10-15,24.499773025512695
2010-10-18,25.19221305847168
2010-10-19,24.855886459350586
2010-10-20,25.126285552978516
2010-10-21,24.86249351501465
2010-10-22,24.86249351501465
2010-10-25,24.447010040283203
2010-10-26,24.532747268676758
2010-10-27,24.756967544555664
2010-10-28,24.737184524536133
2010-10-29,24.816322326660156
2010-11-01,24.677824020385742
2010-11-02,24.37447738647461
2010-11-03,24.875673294067383
2010-11-04,26.247394561767578
2010-11-05,26.999217987060547
2010-11-08,26.715627670288086
2010-11-09,26.313343048095703
2010-11-10,26.788179397583008
2010-11-11,26.392492294311523
2010-11-12,26.122093200683594
2010-11-15,26.43205451965332
2010-11-16,26.122093200683594
2010-11-17,25.83852195739746
2010-11-18,26.155073165893555
2010-11-19,25.990192413330078
2010-11-22,25.396669387817383
2010-11-23,24.816322326660156
2010-11-24,25.165851593017578
2010-11-26,24.7305965423584
2010-11-29,25.0009822845459
2010-11-30,24.66463851928711
2010-12-01,25.159244537353516
2010-12-02,25.92426109313965
2010-12-03,26.122093200683594
2010-12-06,26.313343048095703
2010-12-07,25.884681701660156
2010-12-08,26.550764083862305
2010-12-09,26.91348648071289
2010-12-10,27.32235336303711
2010-12-13,27.375110626220703
2010-12-14,26.900293350219727
2010-12-15,26.51779556274414
2010-12-16,26.385883331298828
2010-12-17,26.161666870117188
2010-12-20,26.34632682800293
2010-12-21,27.03877830505371
2010-12-22,27.80377197265625
2010-12-23,27.75103187561035
2010-12-27,28.140119552612305
2010-12-28,28.100549697875977
2010-12-29,27.935680389404297
2010-12-30,27.84993553161621
2010-12-31,27.97523307800293
2011-01-03,28.74024200439453
2011-01-04,29.15618324279785
2011-01-05,29.51272201538086
2011-01-06,29.367469787597656
2011-01-07,28.8128662109375
2011-01-10,28.654409408569336
2011-01-11,28.786460876464844
2011-01-12,29.51932716369629
2011-01-13,29.347671508789062
2011-01-14,29.651369094848633
2011-01-18,29.54573631286621
2011-01-19,28.859088897705078
2011-01-20,29.54573631286621
2011-01-21,29.902263641357422
2011-01-24,29.7239990234375
2011-01-25,29.624967575073242
2011-01-26,29.697580337524414
2011-01-27,29.776817321777344
2011-01-28,29.407066345214844
2011-01-31,29.671175003051758
2011-02-01,30.324811935424805
2011-02-02,30.00789451599121
2011-02-03,30.014503479003906
2011-02-04,29.440101623535156
2011-02-07,30.040904998779297
2011-02-08,30.199378967285156
2011-02-09,29.783435821533203
2011-02-10,30.06071662902832
2011-02-11,30.747365951538086
2011-02-14,30.727563858032227
2011-02-15,30.91242027282715
2011-02-16,31.651906967163086
2011-02-17,31.572668075561523
2011-02-18,31.691526412963867
2011-02-22,30.377634048461914
2011-02-23,30.34461212158203
2011-02-24,30.311613082885742
2011-02-25,30.819990158081055
2011-02-28,30.82660484313965
2011-03-01,30.106943130493164
2011-03-02,29.849449157714844
2011-03-03,30.423864364624023
2011-03-04,30.054126739501953
2011-03-07,29.836219787597656
2011-03-08,30.63512420654297
2011-03-09,30.74076271057129
2011-03-10,30.06071662902832
2011-03-11,30.199378967285156
2011-03-14,29.90886878967285
2011-03-15,29.453304290771484
2011-03-16,28.92510986328125
2011-03-17,29.4202823638916
2011-03-18,30.199378967285156
2011-03-21,30.126747131347656
2011-03-22,30.0211124420166
2011-03-23,30.106943130493164
2011-03-24,30.192764282226562
2011-03-25,30.278596878051758
2011-03-28,30.34461212158203
2011-03-29,30.38423728942871
2011-03-30,30.66813850402832
2011-03-31,30.437057495117188
2011-04-01,30.602123260498047
2011-04-04,30.761436462402344
2011-04-05,30.92075538635254
2011-04-06,31.624406814575195
2011-04-07,31.465087890625
2011-04-08,31.09334373474121
2011-04-11,31.10662269592285
2011-04-12,30.9605770111084
2011-04-13,30.70169448852539
2011-04-14,29.852006912231445
2011-04-15,29.79889678955078
2011-04-18,29.181537628173828
2011-04-19,29.639575958251953
2011-04-20,29.57982635498047
2011-04-21,29.659486770629883
2011-04-25,29.613025665283203
2011-04-26,29.95157241821289
2011-04-27,30.20381736755371
2011-04-28,30.4361629486084
2011-04-29,30.29012107849121
2011-05-02,29.991403579711914
2011-05-03,30.482627868652344
2011-05-04,30.20381736755371
2011-05-05,29.984760284423828
2011-05-06,29.898481369018555
2011-05-09,29.845359802246094
2011-05-10,29.978130340576172
2011-05-11,29.360790252685547
2011-05-12,29.26784896850586
2011-05-13,28.64385223388672
2011-05-16,28.46462059020996
2011-05-17,29.081974029541016
2011-05-18,29.261198043823242
2011-05-19,29.208086013793945
2011-05-20,28.63057518005371
2011-05-23,28.245548248291016
2011-05-24,28.106151580810547
2011-05-25,28.0596923828125
2011-05-26,28.179162979125977
2011-05-27,28.40487289428711
2011-05-31,28.703594207763672
2011-06-01,27.721134185791016
2011-06-02,27.62157440185547
2011-06-03,27.59501075744629
2011-06-06,26.904621124267578
2011-06-07,27.030759811401367
2011-06-08,26.81170654296875
2011-06-09,27.20336151123047
2011-06-10,27.24983024597168
2011-06-13,27.661392211914062
2011-06-14,27.62157440185547
2011-06-15,27.004213333129883
2011-06-16,26.791797637939453
2011-06-17,27.0838680267334
2011-06-20,26.87144660949707
2011-06-21,27.156890869140625
2011-06-22,27.010852813720703
2011-06-23,26.599287033081055
2011-06-24,26.21426773071289
2011-06-27,26.473161697387695
2011-06-28,26.247453689575195
2011-06-29,26.85153579711914
2011-06-30,27.17681121826172
2011-07-01,27.771238327026367
2011-07-05,27.403886795043945
2011-07-06,27.089990615844727
2011-07-07,27.597564697265625
2011-07-08,27.21019744873047
2011-07-11,26.33526611328125
2011-07-12,26.308542251586914
2011-07-13,26.462158203125
2011-07-14,26.949718475341797
2011-07-15,26.70259666442871
2011-07-18,26.602405548095703
2011-07-19,26.976438522338867
2011-07-20,27.357139587402344
2011-07-21,28.245450973510742
2011-07-22,28.178651809692383
2011-07-25,27.84470558166504
2011-07-26,27.677724838256836
2011-07-27,27.163454055786133
2011-07-28,27.170129776000977
2011-07-29,27.016511917114258
2011-08-01,27.009822845458984
2011-08-02,26.60909652709961
2011-08-03,26.649160385131836
2011-08-04,25.32673454284668
2011-08-05,25.11299705505371
2011-08-08,22.748634338378906
2011-08-09,24.311519622802734
2011-08-10,22.955677032470703
2011-08-11,24.50521469116211
2011-08-12,23.984249114990234
2011-08-15,24.632123947143555
2011-08-16,24.06439781188965
2011-08-17,24.42506980895996
2011-08-18,23.50336456298828
2011-08-19,22.942317962646484
2011-08-22,22.31450080871582
2011-08-23,23.22952651977539
2011-08-24,23.93082046508789
2011-08-25,23.857349395751953
2011-08-26,24.18461799621582
2011-08-29,25.139707565307617
2011-08-30,24.75233268737793
2011-08-31,25.086278915405273
2011-09-01,24.244726181030273
2011-09-02,23.12934112548828
2011-09-06,22.33454132080078
2011-09-07,23.256242752075195
2011-09-08,22.38128662109375
2011-09-09,21.426197052001953
2011-09-12,21.653278350830078
2011-09-13,21.700035095214844
2011-09-14,21.907085418701172
2011-09-15,22.5816593170166
2011-09-16,22.32785987854004
2011-09-19,21.700035095214844
2011-09-20,21.539737701416016
2011-09-21,20.264053344726562
2011-09-22,19.549406051635742
2011-09-23,19.763126373291016
2011-09-26,21.138994216918945
2011-09-27,21.0855655670166
2011-09-28,20.350879669189453
2011-09-29,20.965343475341797
2011-09-30,20.117115020751953
2011-10-03,19.13530731201172
2011-10-04,20.388532638549805
2011-10-05,20.77932357788086
2011-10-06,21.816940307617188
2011-10-07,20.684995651245117
2011-10-10,21.763036727905273
2011-10-11,21.763036727905273
2011-10-12,22.369436264038086
2011-10-13,21.291399002075195
2011-10-14,21.486791610717773
2011-10-17,20.914073944091797
2011-10-18,22.147090911865234
2011-10-19,21.729347229003906
2011-10-20,22.322277069091797
2011-10-21,22.51766014099121
2011-10-24,23.29252052307129
2011-10-25,22.56483268737793
2011-10-26,23.029747009277344
2011-10-27,24.94327163696289
2011-10-28,24.720932006835938
2011-10-31,23.420530319213867
2011-11-01,22.039287567138672
2011-11-02,22.665903091430664
2011-11-03,23.164493560791016
2011-11-04,22.88825225830078
2011-11-07,23.07017707824707
2011-11-08,23.59571647644043
2011-11-09,21.92475128173828
2011-11-10,22.059499740600586
2011-11-11,22.42334747314453
2011-11-14,21.93147850036621
2011-11-15,22.032556533813477
2011-11-16,21.20379638671875
2011-11-17,20.543502807617188
2011-11-18,20.63109588623047
2011-11-21,20.152708053588867
2011-11-22,19.815814971923828
2011-11-23,19.121829986572266
2011-11-25,19.189208984375
2011-11-28,19.647377014160156
2011-11-29,19.243114471435547
2011-11-30,20.86690902709961
2011-12-01,20.52328872680664
2011-12-02,21.78325653076172
2011-12-05,22.57830810546875
2011-12-06,22.389652252197266
2011-12-07,22.908462524414062
2011-12-08,21.709136962890625
2011-12-09,22.355968475341797
2011-12-12,21.587858200073242
2011-12-13,21.082521438598633
2011-12-14,21.230754852294922
2011-12-15,21.39919662475586
2011-12-16,21.486791610717773
2011-12-19,20.684995651245117
2011-12-20,21.702402114868164
2011-12-21,21.776512145996094
2011-12-22,22.53787612915039
2011-12-23,22.618732452392578
2011-12-27,22.254898071289062
2011-12-28,21.998865127563477
2011-12-29,22.51766014099121
2011-12-30,22.403125762939453
2012-01-03,23.56876564025879
2012-01-04,23.71806526184082
2012-01-05,24.213470458984375
2012-01-06,23.996305465698242
2012-01-09,23.955585479736328
2012-01-10,24.464555740356445
2012-01-11,24.878511428833008
2012-01-12,25.007461547851562
2012-01-13,24.376325607299805
2012-01-17,23.69091796875
2012-01-18,24.797080993652344
2012-01-19,25.06175422668457
2012-01-20,25.35355567932129
2012-01-23,25.557138442993164
2012-01-24,25.557138442993164
2012-01-25,25.51642417907715
2012-01-26,25.44178009033203
2012-01-27,25.251773834228516
2012-01-30,25.11603355407715
2012-01-31,25.312841415405273
2012-02-01,25.51642417907715
2012-02-02,25.482498168945312
2012-02-03,25.977895736694336
2012-02-06,25.88288688659668
2012-02-07,25.699657440185547
2012-02-08,25.991472244262695
2012-02-09,25.692869186401367
2012-02-10,25.523204803466797
2012-02-13,25.991472244262695
2012-02-14,25.73359489440918
2012-02-15,25.38070297241211
2012-02-16,25.787883758544922
2012-02-17,26.106834411621094
2012-02-21,26.100051879882812
2012-02-22,25.83538818359375
2012-02-23,26.120403289794922
2012-02-24,25.977895736694336
2012-02-27,26.50722312927246
2012-02-28,26.609024047851562
2012-02-29,26.629383087158203
2012-03-01,27.3962345123291
2012-03-02,27.572675704956055
2012-03-05,27.416580200195312
2012-03-06,26.683671951293945
2012-03-07,27.111202239990234
2012-03-08,27.443737030029297
2012-03-09,27.844127655029297
2012-03-12,27.511594772338867
2012-03-13,29.445680618286133
2012-03-14,29.574623107910156
2012-03-15,30.33469009399414
2012-03-16,30.246471405029297
2012-03-19,30.538278579711914
2012-03-20,30.796161651611328
2012-03-21,30.619712829589844
2012-03-22,30.300756454467773
2012-03-23,30.646865844726562
2012-03-26,31.332277297973633
2012-03-27,31.142255783081055
2012-03-28,31.400136947631836
2012-03-29,30.992969512939453
2012-03-30,31.203336715698242
2012-04-02,31.305124282836914
2012-04-03,31.025074005126953
2012-04-04,30.335172653198242
2012-04-05,30.287363052368164
2012-04-09,29.979970932006836
2012-04-10,29.344711303710938
2012-04-11,30.061933517456055
2012-04-12,30.62889289855957
2012-04-13,29.515485763549805
2012-04-16,29.597450256347656
2012-04-17,29.986804962158203
2012-04-18,29.57012176513672
2012-04-19,29.52231788635254
2012-04-20,29.180788040161133
2012-04-23,29.26958465576172
2012-04-24,29.563289642333984
2012-04-25,29.481325149536133
2012-04-26,29.91849136352539
2012-04-27,29.60428810119629
2012-04-30,29.358373641967773
2012-05-01,29.911663055419922
2012-05-02,29.508657455444336
2012-05-03,29.37886619567871
2012-05-04,28.51820945739746
2012-05-07,28.538692474365234
2012-05-08,28.26546287536621
2012-05-09,27.759984970092773
2012-05-10,27.82829475402832
2012-05-11,25.246292114257812
2012-05-14,24.447097778320312
2012-05-15,24.75448989868164
2012-05-16,24.221683502197266
2012-05-17,23.17658233642578
2012-05-18,22.87603759765625
2012-05-21,22.206623077392578
2012-05-22,23.231231689453125
2012-05-23,23.402008056640625
2012-05-24,23.203907012939453
2012-05-25,22.88286590576172
2012-05-29,22.971662521362305
2012-05-30,22.51401138305664
2012-05-31,22.6437931060791
2012-06-01,21.810449600219727
2012-06-04,21.175193786621094
2012-06-05,21.851428985595703
2012-06-06,22.58914566040039
2012-06-07,22.411550521850586
2012-06-08,23.005813598632812
2012-06-11,22.418376922607422
2012-06-12,23.067296981811523
2012-06-13,23.4293270111084
2012-06-14,23.668397903442383
2012-06-15,23.927963256835938
2012-06-18,23.647907257080078
2012-06-19,24.167034149169922
2012-06-20,24.89792251586914
2012-06-21,24.25583267211914
2012-06-22,24.583711624145508
2012-06-25,24.12605857849121
2012-06-26,24.39244842529297
2012-06-27,25.12333869934082
2012-06-28,24.50857162475586
2012-06-29,24.406112670898438
2012-07-02,24.781797409057617
2012-07-03,24.712921142578125
2012-07-05,23.67977523803711
2012-07-06,23.349170684814453
2012-07-09,23.39048957824707
2012-07-10,23.590238571166992
2012-07-11,23.824419021606445
2012-07-12,23.445592880249023
2012-07-13,24.843788146972656
2012-07-16,24.168806076049805
2012-07-17,24.099931716918945
2012-07-18,24.07926368713379
2012-07-19,23.73487091064453
2012-07-20,23.349170684814453
2012-07-23,23.721092224121094
2012-07-24,23.920841217041016
2012-07-25,24.22390365600586
2012-07-26,24.664722442626953
2012-07-27,25.408580780029297
2012-07-30,24.892000198364258
2012-07-31,24.795570373535156
2012-08-01,24.795570373535156
2012-08-02,24.22390365600586
2012-08-03,24.857568740844727
2012-08-06,25.002214431762695
2012-08-07,25.49123191833496
2012-08-08,25.594547271728516
2012-08-09,25.429243087768555
2012-08-10,25.46367645263672
2012-08-13,25.47746467590332
2012-08-14,25.5532283782959
2012-08-15,25.53256607055664
2012-08-16,25.5532283782959
2012-08-17,25.47056770324707
2012-08-20,25.739192962646484
2012-08-21,26.20065689086914
2012-08-22,26.0560245513916
2012-08-23,25.64276695251465
2012-08-24,25.601438522338867
2012-08-27,25.64276695251465
2012-08-28,25.57388687133789
2012-08-29,25.69097137451172
2012-08-30,25.415468215942383
2012-08-31,25.58077621459961
2012-09-04,25.49123191833496
2012-09-05,25.560110092163086
2012-09-06,26.64834976196289
2012-09-07,27.068498611450195
2012-09-10,26.69657325744629
2012-09-11,27.27513313293457
2012-09-12,27.49553871154785
2012-09-13,28.514915466308594
2012-09-14,28.632009506225586
2012-09-17,28.37026596069336
2012-09-18,28.41849136352539
2012-09-19,28.473594665527344
2012-09-20,28.411598205566406
2012-09-21,28.156749725341797
2012-09-24,28.397829055786133
2012-09-25,27.929458618164062
2012-09-26,27.715946197509766
2012-09-27,28.018999099731445
2012-09-28,27.881258010864258
2012-10-01,28.21875
2012-10-02,28.184310913085938
2012-10-03,28.35082244873047
2012-10-04,29.016929626464844
2012-10-05,28.940608978271484
2012-10-08,28.905912399291992
2012-10-09,28.711637496948242
2012-10-10,28.982242584228516
2012-10-11,29.211206436157227
2012-10-12,28.878158569335938
2012-10-15,29.40548324584961
2012-10-16,29.717727661132812
2012-10-17,30.057710647583008
2012-10-18,29.842613220214844
2012-10-19,29.36385154724121
2012-10-22,29.20426368713379
2012-10-23,28.676944732666016
2012-10-24,28.940608978271484
2012-10-25,28.91285514831543
2012-10-26,28.558984756469727
2012-10-31,28.919784545898438
2012-11-01,29.724651336669922
2012-11-02,29.43324851989746
2012-11-05,29.329158782958984
2012-11-06,29.752410888671875
2012-11-07,28.087177276611328
2012-11-08,28.031665802001953
2012-11-09,28.18431854248047
2012-11-12,28.156545639038086
2012-11-13,27.78188133239746
2012-11-14,27.261478424072266
2012-11-15,27.330873489379883
2012-11-16,27.428003311157227
2012-11-19,28.163490295410156
2012-11-20,28.239816665649414
2012-11-21,28.26063346862793
2012-11-23,28.510419845581055
2012-11-26,28.36470603942871
2012-11-27,28.274494171142578
2012-11-28,28.330018997192383
2012-11-29,28.60062599182129
2012-11-30,28.50349235534668
2012-12-03,28.316139221191406
2012-12-04,28.149620056152344
2012-12-05,28.58673858642578
2012-12-06,28.774078369140625
2012-12-07,29.5303897857666
2012-12-10,29.356916427612305
2012-12-11,29.585899353027344
2012-12-12,29.676084518432617
2012-12-13,29.683027267456055
2012-12-14,29.703853607177734
2012-12-17,30.168731689453125
2012-12-18,30.439334869384766
2012-12-19,30.20341682434082
2012-12-20,30.89727783203125
2012-12-21,30.529529571533203
2012-12-24,30.474021911621094
2012-12-26,30.501773834228516
2012-12-27,30.272802352905273
2012-12-28,30.00221061706543
2012-12-31,30.508716583251953
2013-01-02,31.20034408569336
2013-01-03,31.137470245361328
2013-01-04,31.68937873840332
2013-01-07,31.724300384521484
2013-01-08,31.78718376159668
2013-01-09,31.7662296295166
2013-01-10,32.24128723144531
2013-01-11,32.23429870605469
2013-01-14,32.05266571044922
2013-01-15,32.38099670410156
2013-01-16,32.70935821533203
2013-01-17,32.44388961791992
2013-01-18,32.457847595214844
2013-01-22,32.513755798339844
2013-01-23,32.297176361083984
2013-01-24,32.39499282836914
2013-01-25,32.946895599365234
2013-01-28,32.58361053466797
2013-01-29,32.91895294189453
2013-01-30,32.925941467285156
2013-01-31,32.87005615234375
2013-02-01,33.42893981933594
2013-02-04,33.31018829345703
2013-02-05,34.08564376831055
2013-02-06,33.959896087646484
2013-02-07,33.69440841674805
2013-02-08,33.97386932373047
2013-02-11,33.99481201171875
2013-02-12,34.33016586303711
2013-02-13,34.00880432128906
2013-02-14,34.386051177978516
2013-02-15,34.148536682128906
2013-02-19,34.5467414855957
2013-02-20,33.959896087646484
2013-02-21,33.708396911621094
2013-02-22,34.16948699951172
2013-02-25,33.32414627075195
2013-02-26,33.254295349121094
2013-02-27,34.4279670715332
2013-02-28,34.17646408081055
2013-03-01,34.16948699951172
2013-03-04,34.302223205566406
2013-03-05,34.57468032836914
2013-03-06,34.95193099975586
2013-03-07,35.37110900878906
2013-03-08,35.07069778442383
2013-03-11,35.266319274902344
2013-03-12,35.12659454345703
2013-03-13,35.04275131225586
2013-03-14,35.62959289550781
2013-03-15,34.94495391845703
2013-03-18,34.58863830566406
2013-03-19,34.37208557128906
2013-03-20,34.31618881225586
2013-03-21,33.778263092041016
2013-03-22,34.078651428222656
2013-03-25,33.897010803222656
2013-03-26,33.98085021972656
2013-03-27,33.3730583190918
2013-03-28,33.156490325927734
2013-04-01,33.41496276855469
2013-04-02,33.729347229003906
2013-04-03,32.934974670410156
2013-04-04,33.38488006591797
2013-04-05,33.68014144897461
2013-04-08,34.15114212036133
2013-04-09,34.22144317626953
2013-04-10,34.62214660644531
2013-04-11,34.66432189941406
2013-04-12,34.45341110229492
2013-04-15,33.69420623779297
2013-04-16,34.0878791809082
2013-04-17,32.89280319213867
2013-04-18,32.78734588623047
2013-04-19,33.202110290527344
2013-04-22,33.286460876464844
2013-04-23,33.8629150390625
2013-04-24,34.24955749511719
2013-04-25,34.44639587402344
2013-04-26,34.3620491027832
2013-04-29,34.39015579223633
2013-04-30,34.45341110229492
2013-05-01,33.75043487548828
2013-05-02,33.799652099609375
2013-05-03,33.441123962402344
2013-05-06,33.86995315551758
2013-05-07,34.54481887817383
2013-05-08,34.980682373046875
2013-05-09,34.47451400756836
2013-05-10,34.418277740478516
2013-05-13,34.917388916015625
2013-05-14,35.31106948852539
2013-05-15,35.915645599365234
2013-05-16,35.831295013427734
2013-05-17,36.76625442504883
2013-05-20,36.75922775268555
2013-05-21,37.27241516113281
2013-05-22,37.70122528076172
2013-05-23,37.50439453125
2013-05-24,37.722320556640625
2013-05-28,38.38311767578125
2013-05-29,38.43233108520508
2013-05-30,39.10017395019531
2013-05-31,38.37609100341797
2013-06-03,38.30579376220703
2013-06-04,37.98945236206055
2013-06-05,37.27942657470703
2013-06-06,37.609840393066406
2013-06-07,38.15113067626953
2013-06-10,38.214412689208984
2013-06-11,37.602806091308594
2013-06-12,37.3848762512207
2013-06-13,38.08085250854492
2013-06-14,37.349735260009766
2013-06-17,37.85588455200195
2013-06-18,38.038673400878906
2013-06-19,37.644981384277344
2013-06-20,36.892791748046875
2013-06-21,36.52725601196289
2013-06-24,35.79612731933594
2013-06-25,36.61159133911133
2013-06-26,36.9068717956543
2013-06-27,37.363792419433594
2013-06-28,37.1107177734375
2013-07-01,36.89982604980469
2013-07-02,37.3884162902832
2013-07-03,37.367183685302734
2013-07-05,38.2310676574707
2013-07-08,38.733821868896484
2013-07-09,38.868385314941406
2013-07-10,38.82589340209961
2013-07-11,39.045413970947266
2013-07-12,38.925018310546875
2013-07-15,38.868385314941406
2013-07-16,38.9533576965332
2013-07-17,39.1374626159668
2013-07-18,39.91638946533203
2013-07-19,39.76768493652344
2013-07-22,40.05093765258789
2013-07-23,40.12882614135742
2013-07-24,40.100494384765625
2013-07-25,40.00844955444336
2013-07-26,39.68979263305664
2013-07-29,39.43485641479492
2013-07-30,39.17994689941406
2013-07-31,39.46319580078125
2013-08-01,40.036766052246094
2013-08-02,40.00135803222656
2013-08-05,39.725196838378906
2013-08-06,39.29324722290039
2013-08-07,39.15869903564453
2013-08-08,38.82589340209961
2013-08-09,38.60636520385742
2013-08-12,38.301876068115234
2013-08-13,38.443511962890625
2013-08-14,38.344364166259766
2013-08-15,37.73539352416992
2013-08-16,37.73539352416992
2013-08-19,36.70155334472656
2013-08-20,36.90691375732422
2013-08-21,36.55992889404297
2013-08-22,36.97062683105469
2013-08-23,37.04853820800781
2013-08-26,36.68031311035156
2013-08-27,35.830562591552734
2013-08-28,35.81641387939453
2013-08-29,35.9013786315918
2013-08-30,35.781009674072266
2013-09-03,36.205875396728516
2013-09-04,36.72988510131836
2013-09-05,36.899818420410156
2013-09-06,37.218475341796875
2013-09-09,37.43091583251953
2013-09-10,38.004478454589844
2013-09-11,37.71414566040039
2013-09-12,36.991878509521484
2013-09-13,37.23971939086914
2013-09-16,37.629173278808594
2013-09-17,37.59376907348633
2013-09-18,37.820369720458984
2013-09-19,37.353023529052734
2013-09-20,37.3884162902832
2013-09-23,36.439552307128906
2013-09-24,35.632301330566406
2013-09-25,36.6094856262207
2013-09-26,36.744041442871094
2013-09-27,36.991878509521484
2013-09-30,36.6024055480957
2013-10-01,36.793617248535156
2013-10-02,37.15740966796875
2013-10-03,37.05040740966797
2013-10-04,37.57112503051758
2013-10-07,36.97193145751953
2013-10-08,36.28715515136719
2013-10-09,36.20153045654297
2013-10-10,37.464149475097656
2013-10-11,37.457008361816406
2013-10-14,37.599666595458984
2013-10-15,37.31434631347656
2013-10-16,38.519859313964844
2013-10-17,38.669673919677734
2013-10-18,38.73384475708008
2013-10-21,38.712467193603516
2013-10-22,38.24880599975586
2013-10-23,37.628196716308594
2013-10-24,37.43560028076172
2013-10-25,37.6424674987793
2013-10-28,37.57826614379883
2013-10-29,37.61392593383789
2013-10-30,37.52120590209961
2013-10-31,36.76506805419922
2013-11-01,37.457008361816406
2013-11-04,37.12173843383789
2013-11-05,37.05754089355469
2013-11-06,37.164527893066406
2013-11-07,36.843544006347656
2013-11-08,38.49134826660156
2013-11-11,38.59120559692383
2013-11-12,38.49846649169922
2013-11-13,38.61974334716797
2013-11-14,38.80519104003906
2013-11-15,39.14045715332031
2013-11-18,39.76106643676758
2013-11-19,40.05353546142578
2013-11-20,40.01785659790039
2013-11-21,40.8167839050293
2013-11-22,40.98800277709961
2013-11-25,41.12352752685547
2013-11-26,40.7811164855957
2013-11-27,41.00225067138672
2013-11-29,40.8167839050293
2013-12-02,40.645572662353516
2013-12-03,40.55999755859375
2013-12-04,40.79538345336914
2013-12-05,39.81813430786133
2013-12-06,39.98932647705078
2013-12-09,40.31032943725586
2013-12-10,40.44586181640625
2013-12-11,39.99646759033203
2013-12-12,40.16767120361328
2013-12-13,40.06780242919922
2013-12-16,40.246124267578125
2013-12-17,39.746795654296875
2013-12-18,40.831058502197266
2013-12-19,40.823936462402344
2013-12-20,41.1591796875
2013-12-23,41.54438400268555
2013-12-24,41.5515251159668
2013-12-26,41.515838623046875
2013-12-27,41.47305679321289
2013-12-30,41.3375244140625
2013-12-31,41.71559143066406
2014-01-02,41.794578552246094
2014-01-03,42.11767578125
2014-01-06,42.36178970336914
2014-01-07,41.8735466003418
2014-01-08,42.26844024658203
2014-01-09,42.189449310302734
2014-01-10,41.995609283447266
2014-01-13,41.42839050292969
2014-01-14,41.45710754394531
2014-01-15,42.71360778808594
2014-01-16,42.3546142578125
2014-01-17,41.722774505615234
2014-01-21,41.765846252441406
2014-01-22,41.34940719604492
2014-01-23,40.54524612426758
2014-01-24,39.554420471191406
2014-01-27,39.554420471191406
2014-01-28,40.021121978759766
2014-01-29,39.87034225463867
2014-01-30,40.20780563354492
2014-01-31,39.7482795715332
2014-02-03,38.99437713623047
2014-02-04,39.45389938354492
2014-02-05,39.64058303833008
2014-02-06,40.55243682861328
2014-02-07,40.652957916259766
2014-02-10,40.73910903930664
2014-02-11,41.234527587890625
2014-02-12,41.29914474487305
2014-02-13,41.66532516479492
2014-02-14,41.75149154663086
2014-02-18,41.995609283447266
2014-02-19,41.11247634887695
2014-02-20,41.342227935791016
2014-02-21,41.3637580871582
2014-02-24,41.66532516479492
2014-02-25,40.947330474853516
2014-02-26,40.74628448486328
2014-02-27,40.70321273803711
2014-02-28,40.79655456542969
2014-03-03,40.35858154296875
2014-03-04,41.11247634887695
2014-03-05,41.758663177490234
2014-03-06,42.28999710083008
2014-03-07,42.64900207519531
2014-03-10,42.505393981933594
2014-03-11,41.78021240234375
2014-03-12,41.586341857910156
2014-03-13,41.22734069824219
2014-03-14,40.78219223022461
2014-03-17,41.342227935791016
2014-03-18,41.686885833740234
2014-03-19,41.85918045043945
2014-03-20,43.158775329589844
2014-03-21,43.20184326171875
2014-03-24,43.8480224609375
2014-03-25,43.74751663208008
2014-03-26,43.00797653198242
2014-03-27,43.0223388671875
2014-03-28,43.108497619628906
2014-03-31,43.58955383300781
2014-04-01,43.560848236083984
2014-04-02,43.698116302490234
2014-04-03,43.82817459106445
2014-04-04,43.214019775390625
2014-04-07,42.62877655029297
2014-04-08,42.52039337158203
2014-04-09,42.82386779785156
2014-04-10,41.47274398803711
2014-04-11,39.95545959472656
2014-04-14,39.709808349609375
2014-04-15,39.594200134277344
2014-04-16,39.926551818847656
2014-04-17,39.89764404296875
2014-04-21,39.760379791259766
2014-04-22,40.32395935058594
2014-04-23,40.497352600097656
2014-04-24,40.59849166870117
2014-04-25,40.24446487426758
2014-04-28,40.09272766113281
2014-04-29,40.53347396850586
2014-04-30,40.44676971435547
2014-05-01,40.25891876220703
2014-05-02,40.157772064208984
2014-05-05,39.175140380859375
2014-05-06,38.5393180847168
2014-05-07,39.05229568481445
2014-05-08,39.27628707885742
2014-05-09,39.02339172363281
2014-05-12,39.485816955566406
2014-05-13,39.46413040161133
2014-05-14,39.27628707885742
2014-05-15,38.66213607788086
2014-05-16,38.517635345458984
2014-05-19,38.89336013793945
2014-05-20,38.81386184692383
2014-05-21,39.10287857055664
2014-05-22,39.41355895996094
2014-05-23,39.399105072021484
2014-05-27,39.839847564697266
2014-05-28,40.0638427734375
2014-05-29,40.25891876220703
2014-05-30,40.15053176879883
2014-06-02,39.9915771484375
2014-06-03,40.17220687866211
2014-06-04,40.230010986328125
2014-06-05,40.916404724121094
2014-06-06,41.16206741333008
2014-06-09,41.48719024658203
2014-06-10,41.83401107788086
2014-06-11,41.378814697265625
2014-06-12,41.21263885498047
2014-06-13,41.21263885498047
2014-06-16,41.08980941772461
2014-06-17,41.48719024658203
2014-06-18,41.74732208251953
2014-06-19,41.40049362182617
2014-06-20,41.581119537353516
2014-06-23,42.04355239868164
2014-06-24,41.48719024658203
2014-06-25,41.56668472290039
2014-06-26,41.46553039550781
2014-06-27,41.56668472290039
2014-06-30,41.63169479370117
2014-07-01,41.8863525390625
2014-07-02,41.449806213378906
2014-07-03,41.508018493652344
2014-07-07,41.23154067993164
2014-07-08,40.56945037841797
2014-07-09,40.75861358642578
2014-07-10,40.42394256591797
2014-07-11,40.598548889160156
2014-07-14,40.95505142211914
2014-07-15,42.39565658569336
2014-07-16,42.715789794921875
2014-07-17,42.097347259521484
2014-07-18,42.36656188964844
2014-07-21,42.37383270263672
2014-07-22,42.68667984008789
2014-07-23,42.92678451538086
2014-07-24,43.050479888916016
2014-07-25,42.93404769897461
2014-07-28,43.06502914428711
2014-07-29,42.66486358642578
2014-07-30,42.861305236816406
2014-07-31,41.959110260009766
2014-08-01,41.093299865722656
2014-08-04,41.217002868652344
2014-08-05,40.7877311706543
2014-08-06,40.911415100097656
2014-08-07,40.6785888671875
2014-08-08,40.991432189941406
2014-08-11,40.97688674926758
2014-08-12,40.99871826171875
2014-08-13,41.26792907714844
2014-08-14,41.457088470458984
2014-08-15,41.28974151611328
2014-08-18,41.63897705078125
2014-08-19,41.87907409667969
2014-08-20,41.93728256225586
2014-08-21,42.5629997253418
2014-08-22,42.55572509765625
2014-08-25,43.174163818359375
2014-08-26,43.465187072753906
2014-08-27,43.35604476928711
2014-08-28,43.043190002441406
2014-08-29,43.25419235229492
2014-09-02,43.41426467895508
2014-09-03,43.43608093261719
2014-09-04,43.443363189697266
2014-09-05,43.5888671875
2014-09-08,43.57432556152344
2014-09-09,42.97044372558594
2014-09-10,43.086849212646484
2014-09-11,43.47972869873047
2014-09-12,43.67618179321289
2014-09-15,43.61070251464844
2014-09-16,43.6470832824707
2014-09-17,43.879913330078125
2014-09-18,44.61475372314453
2014-09-19,44.46196365356445
2014-09-22,44.316436767578125
2014-09-23,44.33827209472656
2014-09-24,44.84029769897461
2014-09-25,43.76348876953125
2014-09-26,44.06180191040039
2014-09-29,43.89446258544922
2014-09-30,43.828983306884766
2014-10-01,43.48701095581055
2014-10-02,43.098812103271484
2014-10-03,44.1682243347168
2014-10-06,44.080322265625
2014-10-07,43.41377258300781
2014-10-08,44.24146270751953
2014-10-09,43.27461242675781
2014-10-10,42.864402770996094
2014-10-13,42.6007194519043
2014-10-14,42.47620391845703
2014-10-15,40.6743049621582
2014-10-16,40.34471130371094
2014-10-17,41.16506576538086
2014-10-20,41.48004150390625
2014-10-21,42.4322509765625
2014-10-22,42.080657958984375
2014-10-23,42.52748489379883
2014-10-24,43.025550842285156
2014-10-27,42.95231628417969
2014-10-28,43.67745590209961
2014-10-29,43.42841720581055
2014-10-30,43.50166702270508
2014-10-31,44.30005645751953
2014-11-03,44.59304428100586
2014-11-04,44.131595611572266
2014-11-05,44.79081726074219
2014-11-06,44.84940719604492
2014-11-07,45.02521514892578
2014-11-10,45.362152099609375
2014-11-11,44.95195007324219
2014-11-12,44.35866928100586
2014-11-13,44.11693572998047
2014-11-14,44.153568267822266
2014-11-17,44.22682571411133
2014-11-18,44.33668899536133
2014-11-19,44.3879508972168
2014-11-20,44.036354064941406
2014-11-21,44.27809524536133
2014-11-24,44.651649475097656
2014-11-25,44.1682243347168
2014-11-26,44.197509765625
2014-11-28,44.0656623840332
2014-12-01,43.94847869873047
2014-12-02,44.73954391479492
2014-12-03,45.07649230957031
2014-12-04,44.95928955078125
2014-12-05,45.92616271972656
2014-12-08,45.90418243408203
2014-12-09,45.743038177490234
2014-12-10,44.44656753540039
2014-12-11,44.78349685668945
2014-12-12,43.9777717590332
2014-12-15,43.333194732666016
2014-12-16,42.798484802246094
2014-12-17,43.779998779296875
2014-12-18,45.03253173828125
2014-12-19,45.362152099609375
2014-12-22,45.36948776245117
2014-12-23,45.76500701904297
2014-12-24,45.76500701904297
2014-12-26,45.81629180908203
2014-12-29,46.11660385131836
2014-12-30,46.255775451660156
2014-12-31,45.8382682800293
2015-01-02,46.06678771972656
2015-01-05,44.636653900146484
2015-01-06,43.4792594909668
2015-01-07,43.54560852050781
2015-01-08,44.518707275390625
2015-01-09,43.74464797973633
2015-01-12,43.368675231933594
2015-01-13,43.37604522705078
2015-01-14,41.879581451416016
2015-01-15,40.53788375854492
2015-01-16,41.23084259033203
2015-01-20,41.068660736083984
2015-01-21,41.201358795166016
2015-01-22,42.45457458496094
2015-01-23,41.783721923828125
2015-01-26,41.85007858276367
2015-01-27,41.42988204956055
2015-01-28,40.3609619140625
2015-01-29,41.03916931152344
2015-01-30,40.08820343017578
2015-02-02,40.891746520996094
2015-02-03,41.81321716308594
2015-02-04,41.56256866455078
2015-02-05,41.85007858276367
2015-02-06,42.675716400146484
2015-02-09,42.624122619628906
2015-02-10,43.09592056274414
2015-02-11,43.029571533203125
2015-02-12,43.9141960144043
2015-02-13,43.9879264831543
2015-02-17,44.30491256713867
2015-02-18,43.766754150390625
2015-02-19,43.6635627746582
2015-02-20,44.0837516784668
2015-02-23,43.752017974853516
2015-02-24,44.83568572998047
2015-02-25,45.07158660888672
2015-02-26,45.39595413208008
2015-02-27,45.17478561401367
2015-03-02,45.536006927490234
2015-03-03,45.68345260620117
2015-03-04,45.80141067504883
2015-03-05,45.705570220947266
2015-03-06,44.887290954589844
2015-03-09,45.336971282958984
2015-03-10,44.201690673828125
2015-03-11,44.408138275146484
2015-03-12,45.241127014160156
2015-03-13,44.9683837890625
2015-03-16,45.59498977661133
2015-03-17,45.418067932128906
2015-03-18,45.521263122558594
2015-03-19,45.115814208984375
2015-03-20,45.521263122558594
2015-03-23,45.07158660888672
2015-03-24,44.57030487060547
2015-03-25,43.943687438964844
2015-03-26,43.89208221435547
2015-03-27,43.89945983886719
2015-03-30,44.93888473510742
2015-03-31,44.65876388549805
2015-04-01,44.48808288574219
2015-04-02,44.911067962646484
2015-04-06,44.87395477294922
2015-04-07,45.15595245361328
2015-04-08,45.30436706542969
2015-04-09,45.616050720214844
2015-04-10,45.78672409057617
2015-04-13,46.061302185058594
2015-04-14,46.781131744384766
2015-04-15,47.64936828613281
2015-04-16,47.3525390625
2015-04-17,46.632713317871094
2015-04-20,46.929542541503906
2015-04-21,46.239410400390625
2015-04-22,46.7069091796875
2015-04-23,46.603023529052734
2015-04-24,46.45461654663086
2015-04-27,46.261661529541016
2015-04-28,46.573333740234375
2015-04-29,47.196693420410156
2015-04-30,46.94438552856445
2015-05-01,47.20411682128906
2015-05-04,48.02784729003906
2015-05-05,47.79036331176758
2015-05-06,47.43415832519531
2015-05-07,47.86457061767578
2015-05-08,48.59923553466797
2015-05-11,48.56954574584961
2015-05-12,48.50276565551758
2015-05-13,48.62149429321289
2015-05-14,49.01480484008789
2015-05-15,48.88865661621094
2015-05-18,49.28938674926758
2015-05-19,49.72721481323242
2015-05-20,49.33390426635742
2015-05-21,49.460060119628906
2015-05-22,49.32649612426758
2015-05-26,48.77732849121094
2015-05-27,49.32649612426758
2015-05-28,49.12611770629883
2015-05-29,48.81446075439453
2015-06-01,49.037071228027344
2015-06-02,48.992530822753906
2015-06-03,49.497161865234375
2015-06-04,49.222591400146484
2015-06-05,50.031455993652344
2015-06-08,49.63815689086914
2015-06-09,49.853355407714844
2015-06-10,50.65480422973633
2015-06-11,50.84775924682617
2015-06-12,50.64740753173828
2015-06-15,50.45445251464844
2015-06-16,50.736454010009766
2015-06-17,50.56576919555664
2015-06-18,51.04069900512695
2015-06-19,50.521240234375
2015-06-22,51.17427444458008
2015-06-23,51.76052474975586
2015-06-24,51.218807220458984
2015-06-25,50.94422912597656
2015-06-26,51.16684341430664
2015-06-29,49.868202209472656
2015-06-30,50.28377151489258
2015-07-01,50.843994140625
2015-07-02,50.43315124511719
2015-07-06,50.2912483215332
2015-07-07,49.89537048339844
2015-07-08,48.872074127197266
2015-07-09,49.37997055053711
2015-07-10,50.08210372924805
2015-07-13,50.858909606933594
2015-07-14,51.568504333496094
2015-07-15,51.68056106567383
2015-07-16,51.9569091796875
2015-07-17,51.69547653198242
2015-07-20,51.73283004760742
2015-07-21,51.613319396972656
2015-07-22,52.34532928466797
2015-07-23,52.01666259765625
2015-07-24,51.471405029296875
2015-07-27,50.79916763305664
2015-07-28,50.82904052734375
2015-07-29,51.49382019042969
2015-07-30,51.568504333496094
2015-07-31,51.18756866455078
2015-08-03,51.18756866455078
2015-08-04,51.13527297973633
2015-08-05,51.336952209472656
2015-08-06,50.97842788696289
2015-08-07,50.82904052734375
2015-08-10,51.45646286010742
2015-08-11,50.9634895324707
2015-08-12,50.22401428222656
2015-08-13,50.455589294433594
2015-08-14,50.70953369140625
2015-08-17,50.843994140625
2015-08-18,50.94854736328125
2015-08-19,50.4929084777832
2015-08-20,49.25300979614258
2015-08-21,47.50517272949219
2015-08-24,45.00293731689453
2015-08-25,44.74897384643555
2015-08-26,46.98978042602539
2015-08-27,48.1624755859375
2015-08-28,47.90105438232422
2015-08-31,47.878631591796875
2015-09-01,45.899261474609375
2015-09-02,46.7358283996582
2015-09-03,46.8179931640625
2015-09-04,45.93660354614258
2015-09-08,47.17652893066406
2015-09-09,46.44453048706055
2015-09-10,46.80305099487305
2015-09-11,46.72835159301758
2015-09-14,46.59390640258789
2015-09-15,47.490234375
2015-09-16,47.908512115478516
2015-09-17,46.795589447021484
2015-09-18,45.51831817626953
2015-09-21,45.899261474609375
2015-09-22,45.495906829833984
2015-09-23,45.29423904418945
2015-09-24,44.98052978515625
2015-09-25,45.9141960144043
2015-09-28,44.801265716552734
2015-09-29,44.69669723510742
2015-09-30,45.540733337402344
2015-10-01,45.87685775756836
2015-10-02,45.74894714355469
2015-10-05,46.659271240234375
2015-10-06,46.68184280395508
2015-10-07,46.742027282714844
2015-10-08,46.742027282714844
2015-10-09,46.591556549072266
2015-10-12,46.43358612060547
2015-10-13,46.3056640625
2015-10-14,45.13204574584961
2015-10-15,46.561466217041016
2015-10-16,46.967708587646484
2015-10-19,46.809730529785156
2015-10-20,47.035438537597656
2015-10-21,46.689361572265625
2015-10-22,47.53948974609375
2015-10-23,48.05107498168945
2015-10-26,48.073638916015625
2015-10-27,47.87802505493164
2015-10-28,49.277366638183594
2015-10-29,49.05916976928711
2015-10-30,48.33695602416992
2015-11-02,49.307456970214844
2015-11-03,49.4880256652832
2015-11-04,49.540672302246094
2015-11-05,49.98455810546875
2015-11-06,51.504249572753906
2015-11-09,50.69926834106445
2015-11-10,50.91741943359375
2015-11-11,50.669166564941406
2015-11-12,49.653533935546875
2015-11-13,49.32250213623047
2015-11-16,50.03721618652344
2015-11-17,49.751312255859375
2015-11-18,50.744388580322266
2015-11-19,50.902400970458984
2015-11-20,50.81209945678711
2015-11-23,50.3155632019043
2015-11-24,50.2403450012207
2015-11-25,50.30052947998047
2015-11-27,50.53375244140625
2015-11-30,50.16509246826172
2015-12-01,50.86476135253906
2015-12-02,50.150062561035156
2015-12-03,49.50305938720703
2015-12-04,51.07542419433594
2015-12-07,50.40585708618164
2015-12-08,49.62343978881836
2015-12-09,49.247257232666016
2015-12-10,49.36012649536133
2015-12-11,48.201534271240234
2015-12-14,48.35200881958008
2015-12-15,49.728763580322266
2015-12-16,50.80458450317383
2015-12-17,49.86417770385742
2015-12-18,48.449806213378906
2015-12-21,49.307456970214844
2015-12-22,49.412784576416016
2015-12-23,50.202735900878906
2015-12-24,50.10491180419922
2015-12-28,49.93941879272461
2015-12-29,50.45851516723633
2015-12-30,50.09739303588867
2015-12-31,49.676090240478516
2016-01-04,48.184059143066406
2016-01-05,48.26737976074219
2016-01-06,47.57060241699219
2016-01-07,45.64686965942383
2016-01-08,44.624420166015625
2016-01-11,44.55625915527344
2016-01-12,44.65470886230469
2016-01-13,43.42776870727539
2016-01-14,44.079097747802734
2016-01-15,43.2005500793457
2016-01-19,43.177833557128906
2016-01-20,42.041770935058594
2016-01-21,41.84486389160156
2016-01-22,43.13239288330078
2016-01-25,42.15537643432617
2016-01-26,43.2308464050293
2016-01-27,43.2005500793457
2016-01-28,43.382328033447266
2016-01-29,45.06368637084961
2016-02-01,44.578975677490234
2016-02-02,43.1929817199707
2016-02-03,43.480777740478516
2016-02-04,44.230587005615234
2016-02-05,43.73828887939453
2016-02-08,42.821861267089844
2016-02-09,42.56435775756836
2016-02-10,42.049346923828125
2016-02-11,40.193790435791016
2016-02-12,43.54136657714844
2016-02-16,44.19270324707031
2016-02-17,44.51081085205078
2016-02-18,43.78373336791992
2016-02-19,43.79129409790039
2016-02-22,44.359336853027344
2016-02-23,42.5037727355957
2016-02-24,42.5189208984375
2016-02-25,43.177833557128906
2016-02-26,43.579246520996094
2016-02-29,42.640113830566406
2016-03-01,44.83648681640625
2016-03-02,45.26060104370117
2016-03-03,45.412086486816406
2016-03-04,45.48023986816406
2016-03-07,45.396942138671875
2016-03-08,44.51837158203125
2016-03-09,44.7758903503418
2016-03-10,44.389625549316406
2016-03-11,44.94251251220703
2016-03-14,44.7758903503418
2016-03-15,44.83648681640625
2016-03-16,44.624420166015625
2016-03-17,44.49567413330078
2016-03-18,45.805912017822266
2016-03-21,45.790771484375
2016-03-22,45.6241569519043
2016-03-23,45.396942138671875
2016-03-24,45.048545837402344
2016-03-28,44.987953186035156
2016-03-29,44.707725524902344
2016-03-30,45.22273635864258
2016-03-31,44.85163116455078
2016-04-01,45.343929290771484
2016-04-04,45.16843795776367
2016-04-05,44.52753448486328
2016-04-06,44.870880126953125
2016-04-07,43.73403549194336
2016-04-08,44.05447769165039
2016-04-11,44.40544509887695
2016-04-12,45.22947692871094
2016-04-13,47.14455032348633
2016-04-14,47.754940032958984
2016-04-15,47.20559310913086
2016-04-18,47.510780334472656
2016-04-19,48.31191635131836
2016-04-20,49.01384735107422
2016-04-21,48.525543212890625
2016-04-22,48.80784225463867
2016-04-25,48.525543212890625
2016-04-26,48.77734375
2016-04-27,48.914669036865234
2016-04-28,48.525543212890625
2016-04-29,48.22035217285156
2016-05-02,48.67051315307617
2016-05-03,47.7320442199707
2016-05-04,46.97669219970703
2016-05-05,46.72492218017578
2016-05-06,46.99958419799805
2016-05-09,46.702030181884766
2016-05-10,47.335296630859375
2016-05-11,47.1598014831543
2016-05-12,47.129295349121094
2016-05-13,46.69438552856445
2016-05-16,47.04536437988281
2016-05-17,47.04536437988281
2016-05-18,48.86126708984375
2016-05-19,48.36532211303711
2016-05-20,48.456878662109375
2016-05-23,48.418731689453125
2016-05-24,49.242740631103516
2016-05-25,49.99046325683594
2016-05-26,49.616615295410156
2016-05-27,49.92180633544922
2016-05-31,49.79973220825195
2016-06-01,50.12016677856445
2016-06-02,50.21174240112305
2016-06-03,49.31904602050781
2016-06-06,49.80736541748047
2016-06-07,49.63950729370117
2016-06-08,49.78445816040039
2016-06-09,49.40297317504883
2016-06-10,48.70866775512695
2016-06-13,48.273773193359375
2016-06-14,47.36580276489258
2016-06-15,47.281890869140625
2016-06-16,47.47264099121094
2016-06-17,47.518409729003906
2016-06-20,47.587074279785156
2016-06-21,48.029605865478516
2016-06-22,47.846500396728516
2016-06-23,48.86888122558594
2016-06-24,45.473628997802734
2016-06-27,43.95529556274414
2016-06-28,45.41257858276367
2016-06-29,46.69438552856445
2016-06-30,47.411590576171875
2016-07-01,47.104026794433594
2016-07-05,45.78917694091797
2016-07-06,46.28128433227539
2016-07-07,46.58116149902344
2016-07-08,47.542320251464844
2016-07-11,47.880638122558594
2016-07-12,48.595733642578125
2016-07-13,48.56497573852539
2016-07-14,49.303138732910156
2016-07-15,49.34928512573242
2016-07-18,49.18009948730469
2016-07-19,49.10321807861328
2016-07-20,49.15705108642578
2016-07-21,48.97249984741211
2016-07-22,49.24163055419922
2016-07-25,49.11090850830078
2016-07-26,49.310813903808594
2016-07-27,49.464622497558594
2016-07-28,49.28776168823242
2016-07-29,49.18780517578125
2016-08-01,49.05707931518555
2016-08-02,48.94174575805664
2016-08-03,49.718360900878906
2016-08-04,49.64146041870117
2016-08-05,50.97938919067383
2016-08-08,50.82560729980469
2016-08-09,50.648746490478516
2016-08-10,50.19509506225586
2016-08-11,50.3334846496582
2016-08-12,50.22585678100586
2016-08-15,50.533409118652344
2016-08-16,50.525718688964844
2016-08-17,50.66411209106445
2016-08-18,50.71025466918945
2016-08-19,50.64105987548828
2016-08-22,50.59492874145508
2016-08-23,50.57184982299805
2016-08-24,50.71025466918945
2016-08-25,50.80253601074219
2016-08-26,50.91787338256836
2016-08-29,51.47917556762695
2016-08-30,51.90208435058594
2016-08-31,51.90208435058594
2016-09-01,51.679100036621094
2016-09-02,51.89438247680664
2016-09-06,51.85594940185547
2016-09-07,51.640655517578125
2016-09-08,51.70984649658203
2016-09-09,51.248512268066406
2016-09-12,51.56376647949219
2016-09-13,51.156246185302734
2016-09-14,51.056278228759766
2016-09-15,51.24081039428711
2016-09-16,50.61030197143555
2016-09-19,50.894798278808594
2016-09-20,51.10240936279297
2016-09-21,51.39457702636719
2016-09-22,51.817501068115234
2016-09-23,51.70984649658203
2016-09-26,50.579559326171875
2016-09-27,51.025516510009766
2016-09-28,51.29463195800781
2016-09-29,50.479583740234375
2016-09-30,51.202362060546875
2016-10-03,51.140865325927734
2016-10-04,51.58232116699219
2016-10-05,52.42655563354492
2016-10-06,52.56595993041992
2016-10-07,52.75184631347656
2016-10-10,53.16232681274414
2016-10-11,52.90673828125
2016-10-12,52.76731872558594
2016-10-13,52.46527099609375
2016-10-14,52.29487228393555
2016-10-17,52.0237922668457
2016-10-18,52.43426513671875
2016-10-19,52.937713623046875
2016-10-20,52.868019104003906
2016-10-21,53.04615020751953
2016-10-24,53.34046936035156
2016-10-25,53.2862548828125
2016-10-26,53.541839599609375
2016-10-27,53.619293212890625
2016-10-28,53.5263557434082
2016-10-31,53.64250946044922
2016-11-01,53.41791915893555
2016-11-02,53.193302154541016
2016-11-03,52.9609489440918
2016-11-04,52.48076629638672
2016-11-07,54.12273406982422
2016-11-08,54.23887252807617
2016-11-09,56.73281478881836
2016-11-10,59.366127014160156
2016-11-11,59.39712905883789
2016-11-14,61.581241607666016
2016-11-15,61.46505355834961
2016-11-16,59.94703674316406
2016-11-17,60.42721939086914
2016-11-18,60.1871223449707
2016-11-21,60.45045471191406
2016-11-22,60.82223129272461
2016-11-23,61.07780075073242
2016-11-25,61.05458068847656
2016-11-28,60.65957260131836
2016-11-29,61.124267578125
2016-11-30,62.0924072265625
2016-12-01,63.34711837768555
2016-12-02,63.199974060058594
2016-12-05,64.48565673828125
2016-12-06,64.8187026977539
2016-12-07,65.11299896240234
2016-12-08,65.9262466430664
2016-12-09,66.21281433105469
2016-12-12,65.62419891357422
2016-12-13,65.64740753173828
2016-12-14,65.62419891357422
2016-12-15,66.60779571533203
2016-12-16,65.78682708740234
2016-12-19,66.16634368896484
2016-12-20,67.01830291748047
2016-12-21,67.18869018554688
2016-12-22,67.29710388183594
2016-12-23,67.42101287841797
2016-12-27,67.48302459716797
2016-12-28,66.99505615234375
2016-12-29,66.5226058959961
2016-12-30,66.83242797851562
2017-01-03,67.56044006347656
2017-01-04,67.68505096435547
2017-01-05,67.06201171875
2017-01-06,67.0698013305664
2017-01-09,67.11654663085938
2017-01-10,67.31124877929688
2017-01-11,67.81745147705078
2017-01-12,67.16326141357422
2017-01-13,67.5215072631836
2017-01-17,65.0683364868164
2017-01-18,65.37202453613281
2017-01-19,64.87361907958984
2017-01-20,65.1617660522461
2017-01-23,65.19291687011719
2017-01-24,65.97949981689453
2017-01-25,66.99974060058594
2017-01-26,67.5604476928711
2017-01-27,67.70063781738281
2017-01-30,66.99974060058594
2017-01-31,65.90940856933594
2017-02-01,66.15863037109375
2017-02-02,65.87825775146484
2017-02-03,67.89533233642578
2017-02-06,67.57604217529297
2017-02-07,67.53710174560547
2017-02-08,66.94522094726562
2017-02-09,67.9109115600586
2017-02-10,67.7551498413086
2017-02-13,68.6507797241211
2017-02-14,69.74885559082031
2017-02-15,70.551025390625
2017-02-16,70.50430297851562
2017-02-17,70.27066040039062
2017-02-21,70.87811279296875
2017-02-22,70.91703796386719
2017-02-23,70.97157287597656
2017-02-24,70.3485336303711
2017-02-27,70.4264144897461
2017-02-28,70.57440948486328
2017-03-01,72.89518737792969
2017-03-02,71.75814819335938
2017-03-03,72.2721939086914
2017-03-06,71.5868148803711
2017-03-07,71.18962860107422
2017-03-08,71.03387451171875
2017-03-09,71.31425476074219
2017-03-10,71.08839416503906
2017-03-13,71.15070343017578
2017-03-14,71.26752471923828
2017-03-15,71.43888092041016
2017-03-16,71.36876678466797
2017-03-17,70.6211166381836
2017-03-20,70.11488342285156
2017-03-21,68.05887603759766
2017-03-22,68.16790771484375
2017-03-23,68.05887603759766
2017-03-24,67.98099517822266
2017-03-27,67.94204711914062
2017-03-28,69.00121307373047
2017-03-29,68.74423217773438
2017-03-30,69.33611297607422
2017-03-31,68.4093246459961
2017-04-03,68.16011810302734
2017-04-04,68.38726806640625
2017-04-05,67.50999450683594
2017-04-06,67.73717498779297
2017-04-07,67.50220489501953
2017-04-10,67.26719665527344
2017-04-11,67.14970397949219
2017-04-12,66.8912353515625
2017-04-13,66.10797119140625
2017-04-17,67.25151824951172
2017-04-18,66.70323944091797
2017-04-19,66.15497589111328
2017-04-20,67.00871276855469
2017-04-21,66.20195770263672
2017-04-24,68.5361099243164
2017-04-25,69.13138580322266
2017-04-26,69.26453399658203
2017-04-27,68.62223815917969
2017-04-28,68.14445495605469
2017-05-01,68.19147491455078
2017-05-02,67.75282287597656
2017-05-03,68.14445495605469
2017-05-04,68.2228012084961
2017-05-05,68.14445495605469
2017-05-08,68.2228012084961
2017-05-09,67.94864654541016
2017-05-10,68.48126220703125
2017-05-11,68.26979064941406
2017-05-12,68.08179473876953
2017-05-15,68.41077423095703
2017-05-16,68.62223815917969
2017-05-17,66.00614929199219
2017-05-18,65.76332092285156
2017-05-19,66.40560150146484
2017-05-22,66.34295654296875
2017-05-23,67.17318725585938
2017-05-24,67.134033203125
2017-05-25,66.85206604003906
2017-05-26,66.85987091064453
2017-05-30,65.71630096435547
2017-05-31,64.34559631347656
2017-06-01,65.05838775634766
2017-06-02,64.72940063476562
2017-06-05,64.84687805175781
2017-06-06,64.98006439208984
2017-06-07,65.72416687011719
2017-06-08,66.53874206542969
2017-06-09,68.11311340332031
2017-06-12,68.1287841796875
2017-06-13,68.35595703125
2017-06-14,68.21493530273438
2017-06-15,67.80765533447266
2017-06-16,67.50220489501953
2017-06-19,68.9825668334961
2017-06-20,68.5517578125
2017-06-21,68.23847198486328
2017-06-22,68.16012573242188
2017-06-23,68.03480529785156
2017-06-26,68.33243560791016
2017-06-27,68.96688842773438
2017-06-28,70.35326385498047
2017-06-29,71.3950424194336
2017-06-30,71.59086608886719
2017-07-03,73.04785919189453
2017-07-05,73.78031158447266
2017-07-06,73.54405212402344
2017-07-07,73.91421508789062
2017-07-10,73.39441680908203
2017-07-11,73.11087036132812
2017-07-12,72.85884857177734
2017-07-13,73.32352447509766
2017-07-14,72.6540756225586
2017-07-17,71.97674560546875
2017-07-18,71.72474670410156
2017-07-19,71.82713317871094
2017-07-20,71.82713317871094
2017-07-21,71.5829849243164
2017-07-24,71.89012908935547
2017-07-25,73.08724975585938
2017-07-26,72.40206146240234
2017-07-27,72.10276794433594
2017-07-28,71.89012908935547
2017-07-31,72.29969024658203
2017-08-01,73.26838684082031
2017-08-02,73.33138275146484
2017-08-03,72.8509750366211
2017-08-04,73.76456451416016
2017-08-07,74.04811096191406
2017-08-08,73.78031158447266
2017-08-09,73.66216278076172
2017-08-10,72.60684204101562
2017-08-11,72.0003890991211
2017-08-14,72.84309387207031
2017-08-15,73.03211212158203
2017-08-16,72.5280532836914
2017-08-17,71.39395904541016
2017-08-18,71.4648208618164
2017-08-21,71.37820434570312
2017-08-22,72.11064147949219
2017-08-23,72.19728088378906
2017-08-24,72.07915496826172
2017-08-25,72.37055969238281
2017-08-28,72.14215087890625
2017-08-29,71.74834442138672
2017-08-30,71.91374969482422
2017-08-31,71.5829849243164
2017-09-01,72.22090911865234
2017-09-05,70.4961166381836
2017-09-06,70.96868133544922
2017-09-07,69.72429656982422
2017-09-08,69.63764953613281
2017-09-11,70.71662139892578
2017-09-12,71.5829849243164
2017-09-13,71.78775024414062
2017-09-14,71.64596557617188
2017-09-15,72.15789794921875
2017-09-18,73.1817398071289
2017-09-19,73.9850845336914
2017-09-20,74.50487518310547
2017-09-21,74.84356689453125
2017-09-22,74.68601989746094
2017-09-25,74.12684631347656
2017-09-26,73.79605865478516
2017-09-27,74.96168518066406
2017-09-28,75.11920166015625
2017-09-29,75.22158813476562
2017-10-02,76.26904296875
2017-10-03,76.67073059082031
2017-10-04,75.8910140991211
2017-10-05,76.91294860839844
2017-10-06,76.77827453613281
2017-10-09,76.374267578125
2017-10-10,76.94461822509766
2017-10-11,76.71488189697266
2017-10-12,76.04154205322266
2017-10-13,75.93855285644531
2017-10-16,77.5070571899414
2017-10-17,77.33280944824219
2017-10-18,77.62588500976562
2017-10-19,77.720947265625
2017-10-20,78.83001708984375
2017-10-23,78.6953353881836
2017-10-24,79.94697570800781
2017-10-25,80.02619171142578
2017-10-26,80.59659576416016
2017-10-27,80.62034606933594
2017-10-30,80.33517456054688
2017-10-31,79.70140838623047
2017-11-01,79.94697570800781
2017-11-02,80.47774505615234
2017-11-03,80.33517456054688
2017-11-06,79.83610534667969
2017-11-07,78.22793579101562
2017-11-08,77.34866333007812
2017-11-09,77.34071350097656
2017-11-10,77.24565124511719
2017-11-13,77.5229263305664
2017-11-14,77.05553436279297
2017-11-15,77.78436279296875
2017-11-16,78.00615692138672
2017-11-17,77.7447280883789
2017-11-20,78.43392944335938
2017-11-21,78.37055969238281
2017-11-22,78.14080810546875
2017-11-24,77.88732147216797
2017-11-27,77.57837677001953
2017-11-28,80.29554748535156
2017-11-29,82.17302703857422
2017-11-30,82.79884338378906
2017-12-01,83.01272583007812
2017-12-04,84.72386169433594
2017-12-05,83.74946594238281
2017-12-06,83.12364959716797
2017-12-07,82.8780746459961
2017-12-08,83.91584777832031
2017-12-11,83.67025756835938
2017-12-12,84.64461517333984
2017-12-13,83.58311462402344
2017-12-14,82.90977478027344
2017-12-15,84.0821762084961
2017-12-18,84.73176574707031
2017-12-19,84.37529754638672
2017-12-20,84.0821762084961
2017-12-21,85.42098999023438
2017-12-22,85.11994171142578
2017-12-26,84.779296875
2017-12-27,84.93773651123047
2017-12-28,85.3892822265625
2017-12-29,84.71589660644531
2018-01-02,85.51604461669922
2018-01-03,85.60315704345703
2018-01-04,86.82949829101562
2018-01-05,86.27204132080078
2018-01-08,86.39946746826172
2018-01-09,86.83747100830078
2018-01-10,87.79301452636719
2018-01-11,88.2628402709961
2018-01-12,89.72010040283203
2018-01-16,89.40155029296875
2018-01-17,89.97489929199219
2018-01-18,90.18989562988281
2018-01-19,89.99083709716797
2018-01-22,91.04195404052734
2018-01-23,90.94640350341797
2018-01-24,92.1090087890625
2018-01-25,92.13288879394531
2018-01-26,92.62663269042969
2018-01-29,92.53103637695312
2018-01-30,91.6630859375
2018-01-31,92.1090087890625
2018-02-01,93.06458282470703
2018-02-02,91.00214385986328
2018-02-05,86.63838195800781
2018-02-06,89.2741470336914
2018-02-07,89.87935638427734
2018-02-08,85.90577697753906
2018-02-09,87.62579345703125
2018-02-12,88.97952270507812
2018-02-13,89.52898406982422
2018-02-14,91.5993881225586
2018-02-15,91.98160552978516
2018-02-16,91.32067108154297
2018-02-20,91.34455108642578
2018-02-21,91.7267837524414
2018-02-22,91.55955505371094
2018-02-23,93.41494750976562
2018-02-26,94.57756805419922
2018-02-27,93.45476531982422
2018-02-28,91.97362518310547
2018-03-01,90.32527923583984
2018-03-02,90.23771667480469
2018-03-05,91.62323760986328
2018-03-06,91.70288848876953
2018-03-07,91.3604736328125
2018-03-08,91.36844635009766
2018-03-09,93.99627685546875
2018-03-12,93.69364929199219
2018-03-13,92.57086944580078
2018-03-14,91.5356674194336
2018-03-15,91.76659393310547
2018-03-16,91.92585754394531
2018-03-19,91.20121765136719
2018-03-20,91.28878784179688
2018-03-21,91.36844635009766
2018-03-22,87.55411529541016
2018-03-23,85.2129898071289
2018-03-26,87.84078979492188
2018-03-27,86.13671112060547
2018-03-28,86.00132751464844
2018-03-29,87.5700454711914
2018-04-02,85.88188934326172
2018-04-03,87.06041717529297
2018-04-04,88.38229370117188
2018-04-05,89.54281616210938
2018-04-06,87.30979919433594
2018-04-09,88.35828399658203
2018-04-10,90.04700469970703
2018-04-11,88.53435516357422
2018-04-12,90.73530578613281
2018-04-13,88.27825164794922
2018-04-16,88.2061996459961
2018-04-17,88.2061996459961
2018-04-18,87.49388885498047
2018-04-19,89.41473388671875
2018-04-20,89.21465301513672
2018-04-23,88.78246307373047
2018-04-24,88.36629486083984
2018-04-25,88.03013610839844
2018-04-26,88.11817169189453
2018-04-27,87.55793762207031
2018-04-30,87.06170654296875
2018-05-01,87.06170654296875
2018-05-02,86.37342071533203
2018-05-03,85.82917785644531
2018-05-04,86.7815933227539
2018-05-07,87.53392028808594
2018-05-08,88.83049011230469
2018-05-09,90.76731872558594
2018-05-10,91.47163391113281
2018-05-11,91.1274642944336
2018-05-14,91.15947723388672
2018-05-15,90.46318054199219
2018-05-16,90.71129608154297
2018-05-17,90.40715789794922
2018-05-18,88.9425277709961
2018-05-21,89.75890350341797
2018-05-22,90.44718933105469
2018-05-23,90.03099822998047
2018-05-24,89.02256774902344
2018-05-25,88.56637573242188
2018-05-29,84.78074645996094
2018-05-30,86.71756744384766
2018-05-31,85.64508819580078
2018-06-01,86.75759887695312
2018-06-04,86.79761505126953
2018-06-05,86.30938720703125
2018-06-06,88.32626342773438
2018-06-07,88.67842864990234
2018-06-08,88.92652893066406
2018-06-11,88.70240783691406
2018-06-12,88.1902084350586
2018-06-13,88.01412200927734
2018-06-14,86.46144104003906
2018-06-15,86.3573989868164
2018-06-18,86.58151245117188
2018-06-19,86.07730865478516
2018-06-20,86.06926727294922
2018-06-21,86.0452651977539
2018-06-22,84.63665771484375
2018-06-25,83.86834716796875
2018-06-26,83.92436981201172
2018-06-27,82.62779998779297
2018-06-28,83.98037719726562
2018-06-29,83.3961181640625
2018-07-02,84.10044860839844
2018-07-03,82.92393493652344
2018-07-05,83.46308898925781
2018-07-06,83.73664093017578
2018-07-09,86.32779693603516
2018-07-10,85.79669189453125
2018-07-11,85.6115951538086
2018-07-12,85.98174285888672
2018-07-13,85.58747100830078
2018-07-16,88.98328399658203
2018-07-17,88.91889953613281
2018-07-18,89.74774932861328
2018-07-19,88.42805480957031
2018-07-20,89.54656219482422
2018-07-23,91.2123031616211
2018-07-24,91.8560562133789
2018-07-25,92.68488311767578
2018-07-26,92.41934204101562
2018-07-27,93.36888885498047
2018-07-30,93.93217468261719
2018-07-31,92.49979400634766
2018-08-01,93.07113647460938
2018-08-02,93.46546173095703
2018-08-03,94.22187805175781
2018-08-06,94.24600219726562
2018-08-07,94.5920181274414
2018-08-08,94.78514099121094
2018-08-09,94.05284118652344
2018-08-10,93.12747955322266
2018-08-13,91.64682006835938
2018-08-14,92.25839233398438
2018-08-15,91.49391174316406
2018-08-16,92.35494995117188
2018-08-17,92.35494995117188
2018-08-20,92.2342758178711
2018-08-21,92.79755401611328
2018-08-22,92.51590728759766
2018-08-23,92.32274627685547
2018-08-24,92.28254699707031
2018-08-27,93.91607666015625
2018-08-28,93.45738983154297
2018-08-29,93.15162658691406
2018-08-30,92.69293975830078
2018-08-31,92.2020492553711
2018-09-04,92.66072845458984
2018-09-05,92.2101058959961
2018-09-06,91.81580352783203
2018-09-07,91.99284362792969
2018-09-10,91.50196838378906
2018-09-11,92.08138275146484
2018-09-12,90.99502563476562
2018-09-13,91.3490982055664
2018-09-14,91.33299255371094
2018-09-17,91.6065902709961
2018-09-18,91.97673797607422
2018-09-19,94.64835357666016
2018-09-20,95.46107482910156
2018-09-21,94.83341217041016
2018-09-24,93.92411804199219
2018-09-25,93.6585693359375
2018-09-26,92.55615234375
2018-09-27,92.15380096435547
2018-09-28,90.80191802978516
2018-10-01,91.33299255371094
2018-10-02,91.71122741699219
2018-10-03,92.5722427368164
2018-10-04,93.40687561035156
2018-10-05,92.88017272949219
2018-10-08,93.44739532470703
2018-10-09,92.79913330078125
2018-10-10,90.3276138305664
2018-10-11,87.62110900878906
2018-10-12,86.66490936279297
2018-10-15,86.17061614990234
2018-10-16,88.01815032958984
2018-10-17,88.99866485595703
2018-10-18,87.58867645263672
2018-10-19,87.44281768798828
2018-10-22,86.18680572509766
2018-10-23,85.28733825683594
2018-10-24,83.6990966796875
2018-10-25,84.9713134765625
2018-10-26,83.804443359375
2018-10-29,84.96321105957031
2018-10-30,86.46232604980469
2018-10-31,88.34229278564453
2018-11-01,88.30988311767578
2018-11-02,87.82366943359375
2018-11-05,88.3990249633789
2018-11-06,88.81228637695312
2018-11-07,90.33570098876953
2018-11-08,91.06502532958984
2018-11-09,90.18173217773438
2018-11-12,88.28556823730469
2018-11-13,88.80421447753906
2018-11-14,86.97283935546875
2018-11-15,89.1931381225586
2018-11-16,89.12833404541016
2018-11-19,89.80899810791016
2018-11-20,87.88040161132812
2018-11-21,87.2240219116211
2018-11-23,86.42181396484375
2018-11-26,88.53678894042969
2018-11-27,88.90950775146484
2018-11-28,89.89813995361328
2018-11-29,89.1850357055664
2018-11-30,90.10070037841797
2018-12-03,90.9515609741211
2018-12-04,86.8918228149414
2018-12-06,85.23873901367188
2018-12-07,83.6990966796875
2018-12-10,82.13516235351562
2018-12-11,81.33293914794922
2018-12-12,81.85964965820312
2018-12-13,81.940673828125
2018-12-14,81.26811218261719
2018-12-17,80.23086547851562
2018-12-18,79.85002899169922
2018-12-19,78.83711242675781
2018-12-20,78.15644073486328
2018-12-21,76.30888366699219
2018-12-24,74.66390228271484
2018-12-26,77.7593765258789
2018-12-27,78.63452911376953
2018-12-28,78.46434020996094
2018-12-31,79.10452270507812
2019-01-02,80.4739990234375
2019-01-03,79.33029174804688
2019-01-04,82.25485229492188
2019-01-07,82.31202697753906
2019-01-08,82.15682983398438
2019-01-09,82.01795196533203
2019-01-10,82.00977325439453
2019-01-11,81.61766052246094
2019-01-14,82.45906066894531
2019-01-15,83.06360626220703
2019-01-16,83.73345947265625
2019-01-17,84.0765609741211
2019-01-18,85.44081115722656
2019-01-22,84.0928955078125
2019-01-23,83.88050079345703
2019-01-24,83.92950439453125
2019-01-25,84.46051025390625
2019-01-28,84.86077880859375
2019-01-29,85.09770202636719
2019-01-30,85.29374694824219
2019-01-31,84.55037689208984
2019-02-01,84.86077880859375
2019-02-04,85.16307067871094
2019-02-05,84.78727722167969
2019-02-06,84.74645233154297
2019-02-07,83.63544464111328
2019-02-08,82.80218505859375
2019-02-11,82.41004943847656
2019-02-12,83.81517028808594
2019-02-13,84.2154312133789
2019-02-14,83.66810607910156
2019-02-15,86.22506713867188
2019-02-19,85.92278289794922
2019-02-20,86.33941650390625
2019-02-21,86.15967559814453
2019-02-22,85.77571868896484
2019-02-25,86.6743392944336
2019-02-26,86.01263427734375
2019-02-27,85.90645599365234
2019-02-28,85.25289916992188
2019-03-01,85.31009674072266
2019-03-04,85.11405181884766
2019-03-05,85.04869079589844
2019-03-06,84.73009490966797
2019-03-07,84.11738586425781
2019-03-08,84.15010070800781
2019-03-11,85.24474334716797
2019-03-12,84.99150848388672
2019-03-13,85.27740478515625
2019-03-14,86.05350494384766
2019-03-15,87.0419692993164
2019-03-18,87.56478118896484
2019-03-19,87.24617767333984
2019-03-20,85.38363647460938
2019-03-21,84.03572082519531
2019-03-22,81.49512481689453
2019-03-25,80.81707000732422
2019-03-26,81.62581634521484
2019-03-27,81.34808349609375
2019-03-28,82.27117919921875
2019-03-29,82.69599151611328
2019-04-01,85.48163604736328
2019-04-02,85.89009857177734
2019-04-03,86.0616455078125
2019-04-04,86.89306640625
2019-04-05,86.68727111816406
2019-04-08,86.9671401977539
2019-04-09,86.32506561279297
2019-04-10,86.71195220947266
2019-04-11,87.44454956054688
2019-04-12,91.54393005371094
2019-04-15,90.49849700927734
2019-04-16,91.45335388183594
2019-04-17,94.08749389648438
2019-04-18,93.39604187011719
2019-04-22,93.51127624511719
2019-04-23,93.62654113769531
2019-04-24,93.47013092041016
2019-04-25,93.5195083618164
2019-04-26,94.2274398803711
2019-04-29,95.5856704711914
2019-04-30,95.5280532836914
2019-05-01,94.79541778564453
2019-05-02,95.00120544433594
2019-05-03,95.5856704711914
2019-05-06,94.73779296875
2019-05-07,93.19026947021484
2019-05-08,92.69636535644531
2019-05-09,92.62226104736328
2019-05-10,92.61402130126953
2019-05-13,90.09516906738281
2019-05-14,90.81130981445312
2019-05-15,90.465576171875
2019-05-16,91.626220703125
2019-05-17,91.18172454833984
2019-05-20,91.6591567993164
2019-05-21,91.97196960449219
2019-05-22,91.222900390625
2019-05-23,89.42839050292969
2019-05-24,90.30919647216797
2019-05-28,89.32962036132812
2019-05-29,89.08267974853516
2019-05-30,88.12779235839844
2019-05-31,87.2223129272461
2019-06-03,87.6338882446289
2019-06-04,90.3338623046875
2019-06-05,90.6549072265625
2019-06-06,90.85247039794922
2019-06-07,89.85645294189453
2019-06-10,90.82777404785156
2019-06-11,91.10765075683594
2019-06-12,89.94696044921875
2019-06-13,90.16924285888672
2019-06-14,90.39974212646484
2019-06-17,89.90583801269531
2019-06-18,91.13235473632812
2019-06-19,90.47380828857422
2019-06-20,90.70429229736328
2019-06-21,90.08692169189453
2019-06-24,89.44486999511719
2019-06-25,88.70402526855469
2019-06-26,89.29669189453125
2019-06-27,89.59303283691406
2019-06-28,92.02960205078125
2019-07-01,93.57711029052734
2019-07-02,93.67591094970703
2019-07-03,93.52668762207031
2019-07-05,94.0821533203125
2019-07-08,93.56816101074219
2019-07-09,93.96604919433594
2019-07-10,93.69247436523438
2019-07-11,94.58779907226562
2019-07-12,95.58261108398438
2019-07-15,94.4220199584961
2019-07-16,95.43338012695312
2019-07-17,94.49662017822266
2019-07-18,95.0603256225586
2019-07-19,94.12358093261719
2019-07-22,94.72874450683594
2019-07-23,96.46133422851562
2019-07-24,96.85093688964844
2019-07-25,95.92247009277344
2019-07-26,96.34526062011719
2019-07-29,96.03852844238281
2019-07-30,95.82301330566406
2019-07-31,96.16287994384766
2019-08-01,93.62616729736328
2019-08-02,93.61790466308594
2019-08-05,90.83247375488281
2019-08-06,91.54540252685547
2019-08-07,89.55583190917969
2019-08-08,91.0728759765625
2019-08-09,90.973388671875
2019-08-12,89.26567077636719
2019-08-13,90.64180755615234
2019-08-14,86.87818908691406
2019-08-15,87.20977783203125
2019-08-16,89.29883575439453
2019-08-19,90.10298156738281
2019-08-20,88.95899200439453
2019-08-21,89.20764923095703
2019-08-22,90.12783813476562
2019-08-23,87.88955688476562
2019-08-26,88.5942153930664
2019-08-27,87.65744018554688
2019-08-28,88.53617858886719
2019-08-29,90.54234313964844
2019-08-30,91.0728759765625
2019-09-03,89.9952163696289
2019-09-04,91.08116912841797
2019-09-05,93.1536636352539
2019-09-06,93.35260772705078
2019-09-09,95.6655044555664
2019-09-10,96.88411712646484
2019-09-11,97.1493911743164
2019-09-12,97.74626922607422
2019-09-13,99.66952514648438
2019-09-16,98.7824935913086
2019-09-17,98.29338073730469
2019-09-18,99.2798843383789
2019-09-19,98.9648666381836
2019-09-20,98.56696319580078
2019-09-23,98.55037689208984
2019-09-24,97.26543426513672
2019-09-25,97.82085418701172
2019-09-26,97.01676940917969
2019-09-27,97.5887451171875
2019-09-30,97.56387329101562
2019-10-01,95.78984069824219
2019-10-02,93.8831558227539
2019-10-03,93.74947357177734
2019-10-04,95.78003692626953
2019-10-07,95.57112884521484
2019-10-08,93.4403076171875
2019-10-09,94.11713409423828
2019-10-10,95.43741607666016
2019-10-11,97.05021667480469
2019-10-14,97.3092269897461
2019-10-15,100.2423324584961
2019-10-16,100.00834655761719
2019-10-17,100.56820678710938
2019-10-18,100.74369049072266
2019-10-21,103.24221801757812
2019-10-22,104.27842712402344
2019-10-23,104.55418395996094
2019-10-24,104.47897338867188
2019-10-25,105.31461334228516
2019-10-28,105.7156982421875
2019-10-29,105.64883422851562
2019-10-30,105.06391906738281
2019-10-31,104.38702392578125
2019-11-01,106.7936782836914
2019-11-04,107.6460189819336
2019-11-05,107.87997436523438
2019-11-06,108.04711151123047
2019-11-07,108.63204193115234
2019-11-08,108.94961547851562
2019-11-11,108.565185546875
2019-11-12,107.93013763427734
2019-11-13,107.36190032958984
2019-11-14,107.46217346191406
2019-11-15,108.23930358886719
2019-11-18,109.15011596679688
2019-11-19,109.1167221069336
2019-11-20,108.32289123535156
2019-11-21,108.57357025146484
2019-11-22,109.29222106933594
2019-11-25,109.87715148925781
2019-11-26,110.02755737304688
2019-11-27,110.35343933105469
2019-11-29,110.10275268554688
2019-12-02,109.86041259765625
2019-12-03,108.44821166992188
2019-12-04,110.58744049072266
2019-12-05,111.1891098022461
2019-12-06,112.84361267089844
2019-12-09,112.31719207763672
2019-12-10,112.39239501953125
2019-12-11,112.12498474121094
2019-12-12,115.33379364013672
2019-12-13,114.32270050048828
2019-12-16,114.76557922363281
2019-12-17,115.46752166748047
2019-12-18,115.35050964355469
2019-12-19,114.77394104003906
2019-12-20,114.6820297241211
2019-12-23,114.64859771728516
2019-12-24,114.9661636352539
2019-12-26,116.1861572265625
2019-12-27,116.26972961425781
2019-12-30,115.84353637695312
2019-12-31,116.48698425292969
2020-01-02,117.89923095703125
2020-01-03,116.34335327148438
2020-01-06,116.2508544921875
2020-01-07,114.27449798583984
2020-01-08,115.16598510742188
2020-01-09,115.58645629882812
2020-01-10,114.43431091308594
2020-01-13,115.38461303710938
2020-01-14,116.73021697998047
2020-01-15,114.98095703125
2020-01-16,115.4266586303711
2020-01-17,116.2256088256836
2020-01-21,115.08187103271484
2020-01-22,114.9472885131836
2020-01-23,114.8295669555664
2020-01-24,111.97859191894531
2020-01-27,111.03667449951172
2020-01-28,113.05506134033203
2020-01-29,112.8868637084961
2020-01-30,114.28292083740234
2020-01-31,111.3141860961914
2020-02-03,112.16362762451172
2020-02-04,113.77831268310547
2020-02-05,115.71260833740234
2020-02-06,115.72943878173828
2020-02-07,115.35942077636719
2020-02-10,115.8387680053711
2020-02-11,116.05740356445312
2020-02-12,116.05740356445312
2020-02-13,115.95647430419922
2020-02-14,115.6032943725586
2020-02-18,114.07266235351562
2020-02-19,115.62850189208984
2020-02-20,115.62850189208984
2020-02-21,114.21566009521484
2020-02-24,111.14601135253906
2020-02-25,106.18414306640625
2020-02-26,106.50373077392578
2020-02-27,102.07167053222656
2020-02-28,97.64803314208984
2020-03-02,102.19780731201172
2020-03-03,98.3628921508789
2020-03-04,100.79335021972656
2020-03-05,95.84830474853516
2020-03-06,90.89482879638672
2020-03-09,78.58264923095703
2020-03-10,84.68826293945312
2020-03-11,80.70195770263672
2020-03-12,74.04971313476562
2020-03-13,87.38787841796875
2020-03-16,74.31037902832031
2020-03-17,78.85176086425781
2020-03-18,70.55113983154297
2020-03-19,71.7369384765625
2020-03-20,70.22315216064453
2020-03-23,66.46390533447266
2020-03-24,74.3692626953125
2020-03-25,77.1445541381836
2020-03-26,82.51851654052734
2020-03-27,76.63993835449219
2020-03-30,78.63311767578125
2020-03-31,75.71485900878906
2020-04-01,70.94640350341797
2020-04-02,73.59552764892578
2020-04-03,71.42021942138672
2020-04-06,76.01728820800781
2020-04-07,77.01997375488281
2020-04-08,80.13002014160156
2020-04-09,87.3187484741211
2020-04-13,83.43549346923828
2020-04-14,81.14969635009766
2020-04-15,77.1474380493164
2020-04-16,74.20733642578125
2020-04-17,80.87776947021484
2020-04-20,77.92918395996094
2020-04-21,75.66889953613281
2020-04-22,75.91532897949219
2020-04-23,75.95781707763672
2020-04-24,77.07945251464844
2020-04-27,80.40193176269531
2020-04-28,80.97124481201172
2020-04-29,83.1550521850586
2020-04-30,81.37062072753906
2020-05-01,79.23778533935547
2020-05-04,78.29457092285156
2020-05-05,78.17562866210938
2020-05-06,76.70556640625
2020-05-07,77.50431060791016
2020-05-08,78.77042388916016
2020-05-11,76.45065307617188
2020-05-12,73.9524154663086
2020-05-13,71.4032211303711
2020-05-14,74.36881256103516
2020-05-15,72.99223327636719
2020-05-18,76.8585205078125
2020-05-19,75.34600067138672
2020-05-20,77.60628509521484
2020-05-21,76.62060546875
2020-05-22,76.0257797241211
2020-05-26,81.42158508300781
2020-05-27,86.13763427734375
2020-05-28,84.85453033447266
2020-05-29,82.68771362304688
2020-06-01,83.78387451171875
2020-06-02,84.06427764892578
2020-06-03,88.60186004638672
2020-06-04,90.44578552246094
2020-06-05,94.5160140991211
2020-06-08,96.40243530273438
2020-06-09,93.9297103881836
2020-06-10,90.12289428710938
2020-06-11,82.60274505615234
2020-06-12,84.86302185058594
2020-06-15,86.0356674194336
2020-06-16,86.72394561767578
2020-06-17,84.53164672851562
2020-06-18,84.0727767944336
2020-06-19,83.11257934570312
2020-06-22,82.21186828613281
2020-06-23,83.21453094482422
2020-06-24,80.4358901977539
2020-06-25,83.24004364013672
2020-06-26,78.67696380615234
2020-06-29,79.02534484863281
2020-06-30,79.92605590820312
2020-07-01,79.24629211425781
2020-07-02,79.50369262695312
2020-07-06,81.5114517211914
2020-07-07,79.21195220947266
2020-07-08,80.05281066894531
2020-07-09,78.31962585449219
2020-07-10,82.60112762451172
2020-07-13,83.78518676757812
2020-07-14,84.26567077636719
2020-07-15,85.56985473632812
2020-07-16,85.81009674072266
2020-07-17,84.22276306152344
2020-07-20,83.4848861694336
2020-07-21,85.29529571533203
2020-07-22,84.6775131225586
2020-07-23,84.92634582519531
2020-07-24,84.32572174072266
2020-07-27,83.14167022705078
2020-07-28,83.50202941894531
2020-07-29,85.5269546508789
2020-07-30,83.24462890625
2020-07-31,82.91859436035156
2020-08-03,82.45526885986328
2020-08-04,81.98336029052734
2020-08-05,83.40766143798828
2020-08-06,83.43340301513672
2020-08-07,85.2695541381836
2020-08-10,86.35065460205078
2020-08-11,89.07913208007812
2020-08-12,88.3240737915039
2020-08-13,87.83502960205078
2020-08-14,87.86934661865234
2020-08-17,85.55267333984375
2020-08-18,84.36003875732422
2020-08-19,84.5573959350586
2020-08-20,83.5449447631836
2020-08-21,83.50202941894531
2020-08-24,85.85301208496094
2020-08-25,86.23052978515625
2020-08-26,85.02074432373047
2020-08-27,87.8178482055664
2020-08-28,88.17821502685547
2020-08-31,85.96454620361328
2020-09-01,85.92163848876953
2020-09-02,87.21725463867188
2020-09-03,86.94268798828125
2020-09-04,88.82172393798828
2020-09-08,85.73287200927734
2020-09-09,86.54798889160156
2020-09-10,85.65567016601562
2020-09-11,86.71959686279297
2020-09-14,87.92081451416016
2020-09-15,85.1837387084961
2020-09-16,85.54412078857422
2020-09-17,84.56595611572266
2020-09-18,84.38578796386719
2020-09-21,81.77742767333984
2020-09-22,80.88507843017578
2020-09-23,79.57231903076172
2020-09-24,79.50369262695312
2020-09-25,80.19868469238281
2020-09-28,82.5067367553711
2020-09-29,81.8117446899414
2020-09-30,82.60112762451172
2020-10-01,83.20172119140625
2020-10-02,83.99111938476562
2020-10-05,85.76637268066406
2020-10-06,84.883056640625
2020-10-07,86.3638687133789
2020-10-08,88.13914489746094
2020-10-09,87.63687133789062
2020-10-12,88.710693359375
2020-10-13,87.27316284179688
2020-10-14,86.7882308959961
2020-10-15,88.08718872070312
2020-10-16,87.90531921386719
2020-10-19,86.42449951171875
2020-10-20,86.91812896728516
2020-10-21,86.05213928222656
2020-10-22,89.09170532226562
2020-10-23,89.8970718383789
2020-10-26,87.67151641845703
2020-10-27,86.01750183105469
2020-10-28,83.60140228271484
2020-10-29,84.14698791503906
2020-10-30,84.90038299560547
2020-11-02,86.814208984375
2020-11-03,89.55068969726562
2020-11-04,86.814208984375
2020-11-05,90.36468505859375
2020-11-06,89.16098022460938
2020-11-09,101.23271942138672
2020-11-10,100.90363311767578
2020-11-11,99.3968276977539
2020-11-12,98.17581176757812
2020-11-13,98.79065704345703
2020-11-16,101.57910919189453
2020-11-17,100.548583984375
2020-11-18,99.80386352539062
2020-11-19,100.0722885131836
2020-11-20,99.21498107910156
2020-11-23,102.07269287109375
2020-11-24,106.79228210449219
2020-11-25,105.67517852783203
2020-11-27,104.97372436523438
2020-11-30,102.08137512207031
2020-12-01,103.69207763671875
2020-12-02,105.68383026123047
2020-12-03,104.99105072021484
2020-12-04,105.943603515625
2020-12-07,105.54527282714844
2020-12-08,105.64917755126953
2020-12-09,104.8265151977539
2020-12-10,104.15104675292969
2020-12-11,103.53621673583984
2020-12-14,102.44508361816406
2020-12-15,104.19436645507812
2020-12-16,104.49744415283203
2020-12-17,103.63146209716797
2020-12-18,103.12055206298828
2020-12-21,106.99147033691406
2020-12-22,105.36341857910156
2020-12-23,108.3077392578125
2020-12-24,107.8314437866211
2020-12-28,108.54155731201172
2020-12-29,108.25580596923828
2020-12-30,108.55886840820312
2020-12-31,110.03970336914062
2021-01-04,109.00052642822266
2021-01-05,109.59363555908203
2021-01-06,114.73968505859375
2021-01-07,118.50764465332031
2021-01-08,118.63849639892578
2021-01-11,120.4090805053711
2021-01-12,122.30177307128906
2021-01-13,122.41519165039062
2021-01-14,123.13040161132812
2021-01-15,120.92366027832031
2021-01-19,120.40033721923828
2021-01-20,118.5948486328125
2021-01-21,117.60053253173828
2021-01-22,116.69344329833984
2021-01-25,115.23683166503906
2021-01-26,114.76585388183594
2021-01-27,111.52123260498047
2021-01-28,113.48368835449219
2021-01-29,112.22771453857422
2021-02-01,113.0562973022461
2021-02-02,116.53644561767578
2021-02-03,117.87092590332031
2021-02-04,120.58352661132812
2021-02-05,120.34803009033203
2021-02-08,122.23201751708984
2021-02-09,121.74356079101562
2021-02-10,121.81333923339844
2021-02-11,121.47319030761719
2021-02-12,123.20014953613281
2021-02-16,126.16571044921875
2021-02-17,126.55818176269531
2021-02-18,126.98554992675781
2021-02-19,129.10507202148438
2021-02-22,130.3174285888672
2021-02-23,131.36407470703125
2021-02-24,133.67544555664062
2021-02-25,131.86123657226562
2021-02-26,128.3636932373047
2021-03-01,131.2681427001953
2021-03-02,130.84071350097656
2021-03-03,133.3701934814453
2021-03-04,131.32046508789062
2021-03-05,131.62571716308594
2021-03-08,133.3701934814453
2021-03-09,132.4281768798828
2021-03-10,135.30653381347656
2021-03-11,134.60000610351562
2021-03-12,136.19615173339844
2021-03-15,135.51577758789062
2021-03-16,133.8935089111328
2021-03-17,135.27157592773438
2021-03-18,137.50445556640625
2021-03-19,135.31517028808594
2021-03-22,131.67807006835938
2021-03-23,130.3610382080078
2021-03-24,131.37281799316406
2021-03-25,133.0561981201172
2021-03-26,135.27157592773438
2021-03-29,133.1695556640625
2021-03-30,134.73956298828125
2021-03-31,132.77708435058594
2021-04-01,134.06797790527344
2021-04-05,134.77854919433594
2021-04-06,133.83106994628906
2021-04-07,135.9279022216797
2021-04-08,136.0946044921875
2021-04-09,137.11236572265625
2021-04-12,136.82281494140625
2021-04-13,135.19094848632812
2021-04-14,132.66421508789062
2021-04-15,133.5064697265625
2021-04-16,134.49786376953125
2021-04-19,133.9275665283203
2021-04-20,130.96214294433594
2021-04-21,132.0763397216797
2021-04-22,129.29518127441406
2021-04-23,131.769287109375
2021-04-26,132.09390258789062
2021-04-27,132.69927978515625
2021-04-28,133.55908203125
2021-04-29,136.15606689453125
2021-04-30,134.94532775878906
2021-05-03,134.55047607421875
2021-05-04,136.4104766845703
2021-05-05,138.20025634765625
2021-05-06,140.98147583007812
2021-05-07,141.46401977539062
2021-05-10,141.4464874267578
2021-05-11,139.09518432617188
2021-05-12,138.13882446289062
2021-05-13,141.69212341308594
2021-05-14,143.89427185058594
2021-05-17,144.4733428955078
2021-05-18,142.43789672851562
2021-05-19,141.3499755859375
2021-05-20,141.1043243408203
2021-05-21,142.7098388671875
2021-05-24,143.48193359375
2021-05-25,141.9991912841797
2021-05-26,141.98165893554688
2021-05-27,144.19259643554688
2021-05-28,144.0960693359375
2021-06-01,145.68406677246094
2021-06-02,145.69281005859375
2021-06-03,145.78933715820312
2021-06-04,146.0261993408203
2021-06-07,145.34185791015625
2021-06-08,144.76284790039062
2021-06-09,142.95550537109375
2021-06-10,140.72706604003906
2021-06-11,140.6305694580078
2021-06-14,138.24412536621094
2021-06-15,136.14724731445312
2021-06-16,137.1035614013672
2021-06-17,133.14674377441406
2021-06-18,129.77769470214844
2021-06-21,131.9798583984375
2021-06-22,131.78684997558594
2021-06-23,132.585205078125
2021-06-24,133.80474853515625
2021-06-25,135.15589904785156
2021-06-28,135.40147399902344
2021-06-29,135.23484802246094
2021-06-30,136.46311950683594
2021-07-01,137.81427001953125
2021-07-02,137.68186950683594
2021-07-06,135.3699493408203
2021-07-07,135.52879333496094
2021-07-08,133.19039916992188
2021-07-09,137.45245361328125
2021-07-12,139.42022705078125
2021-07-13,137.34658813476562
2021-07-14,136.87889099121094
2021-07-15,137.17889404296875
2021-07-16,134.0463409423828
2021-07-19,129.68728637695312
2021-07-20,132.10507202148438
2021-07-21,134.88465881347656
2021-07-22,133.18157958984375
2021-07-23,132.9257049560547
2021-07-26,133.81692504882812
2021-07-27,133.64044189453125
2021-07-28,133.86106872558594
2021-07-29,135.00814819335938
2021-07-30,133.931640625
2021-08-02,133.3933563232422
2021-08-03,134.91111755371094
2021-08-04,133.4551544189453
2021-08-05,135.1405487060547
2021-08-06,138.97900390625
2021-08-09,138.8289794921875
2021-08-10,140.53204345703125
2021-08-11,142.2086181640625
2021-08-12,142.7645263671875
2021-08-13,141.16737365722656
2021-08-16,140.2408447265625
2021-08-17,138.54661560058594
2021-08-18,137.28475952148438
2021-08-19,136.1376495361328
2021-08-20,136.52589416503906
2021-08-23,138.27305603027344
2021-08-24,139.12901306152344
2021-08-25,141.996826171875
2021-08-26,142.729248046875
2021-08-27,143.87635803222656
2021-08-30,141.57330322265625
2021-08-31,141.14089965820312
2021-09-01,140.9379119873047
2021-09-02,141.5909423828125
2021-09-03,140.73500061035156
2021-09-07,140.48793029785156
2021-09-08,139.8614044189453
2021-09-09,140.4702606201172
2021-09-10,138.85546875
2021-09-13,141.06146240234375
2021-09-14,138.5995635986328
2021-09-15,139.5614013671875
2021-09-16,139.49960327148438
2021-09-17,139.13784790039062
2021-09-20,134.97288513183594
2021-09-21,134.99053955078125
2021-09-22,137.57598876953125
2021-09-23,142.22625732421875
2021-09-24,143.86753845214844
2021-09-27,147.3441925048828
2021-09-28,146.55007934570312
2021-09-29,146.43533325195312
2021-09-30,144.4411163330078
2021-10-01,147.47657775878906
2021-10-04,147.31776428222656
2021-10-05,149.7234649658203
2021-10-06,150.04306030273438
2021-10-07,150.992919921875
2021-10-08,151.1083221435547
2021-10-11,147.9302978515625
2021-10-12,146.7940216064453
2021-10-13,142.9235076904297
2021-10-14,145.1161651611328
2021-10-15,147.90362548828125
2021-10-18,147.85037231445312
2021-10-19,149.64356994628906
2021-10-20,151.65870666503906
2021-10-21,150.46917724609375
2021-10-22,152.49313354492188
2021-10-25,151.7474822998047
2021-10-26,152.15582275390625
2021-10-27,148.98667907714844
2021-10-28,151.2325897216797
2021-10-29,150.81536865234375
2021-11-01,150.73548889160156
2021-11-02,151.33026123046875
2021-11-03,151.38352966308594
2021-11-04,149.39501953125
2021-11-05,149.1819305419922
2021-11-08,150.07855224609375
2021-11-09,148.9422607421875
2021-11-10,148.80020141601562
2021-11-11,148.79135131835938
2021-11-12,148.1255645751953
2021-11-15,147.8592529296875
2021-11-16,146.7940216064453
2021-11-17,146.00392150878906
2021-11-18,144.7433319091797
2021-11-19,142.85250854492188
2021-11-22,145.8974151611328
2021-11-23,149.38613891601562
2021-11-24,148.21435546875
2021-11-26,143.74908447265625
2021-11-29,143.12767028808594
2021-11-30,140.9971160888672
2021-12-01,140.16268920898438
2021-12-02,143.1099395751953
2021-12-03,140.5177459716797
2021-12-06,142.1778106689453
2021-12-07,144.31724548339844
2021-12-08,142.6660614013672
2021-12-09,142.4441680908203
2021-12-10,141.8760223388672
2021-12-13,140.18936157226562
2021-12-14,141.26345825195312
2021-12-15,140.2070770263672
2021-12-16,142.39979553222656
2021-12-17,139.15956115722656
2021-12-20,136.65615844726562
2021-12-21,138.5647430419922
2021-12-22,139.10629272460938
2021-12-23,139.60342407226562
2021-12-27,140.4023895263672
2021-12-28,140.8284912109375
2021-12-29,140.75747680664062
2021-12-30,140.68646240234375
2021-12-31,140.571044921875
2022-01-03,143.544921875
2022-01-04,148.98667907714844
2022-01-05,146.2628936767578
2022-01-06,147.81678771972656
2022-01-07,149.28135681152344
2022-01-10,149.42425537109375
2022-01-11,149.57606506347656
2022-01-12,150.4244384765625
2022-01-13,150.2369384765625
2022-01-14,141.00283813476562
2022-01-18,135.09088134765625
2022-01-19,133.00119018554688
2022-01-20,131.86700439453125
2022-01-21,129.56295776367188
2022-01-24,129.4468231201172
2022-01-25,130.8578338623047
2022-01-26,132.0991973876953
2022-01-27,129.76834106445312
2022-01-28,130.92926025390625
2022-01-31,132.70648193359375
2022-02-01,134.9836883544922
2022-02-02,133.90316772460938
2022-02-03,132.79574584960938
2022-02-04,136.24293518066406
2022-02-07,136.69837951660156
2022-02-08,139.2703399658203
2022-02-09,139.85081481933594
2022-02-10,139.2703399658203
2022-02-11,137.45745849609375
2022-02-14,136.18040466308594
2022-02-15,138.17189025878906
2022-02-16,138.42196655273438
2022-02-17,135.23374938964844
2022-02-18,135.86781311035156
2022-02-22,135.626708984375
2022-02-23,132.78684997558594
2022-02-24,129.08961486816406
2022-02-25,132.1438751220703
2022-02-28,126.63375091552734
2022-03-01,121.85594940185547
2022-03-02,124.38328552246094
2022-03-03,123.49917602539062
2022-03-04,120.02521514892578
2022-03-07,115.39033508300781
2022-03-08,114.57767486572266
2022-03-09,119.16788482666016
2022-03-10,117.75689697265625
2022-03-11,115.10456085205078
2022-03-14,116.24764251708984
2022-03-15,118.3105697631836
2022-03-16,123.59738159179688
2022-03-17,125.16020202636719
2022-03-18,125.1155776977539
2022-03-21,124.71369934082031
2022-03-22,127.36607360839844
2022-03-23,124.82982635498047
2022-03-24,125.64244842529297
2022-03-25,126.74095153808594
2022-03-28,125.80323791503906
2022-03-29,126.08003234863281
2022-03-30,125.50849914550781
2022-03-31,121.73988342285156
2022-04-01,120.83787536621094
2022-04-04,121.37369537353516
2022-04-05,119.96124267578125
2022-04-06,118.296875
2022-04-07,117.93701171875
2022-04-08,120.09622192382812
2022-04-11,119.65535736083984
2022-04-12,118.34185028076172
2022-04-13,114.52728271484375
2022-04-14,113.46569061279297
2022-04-18,115.5708999633789
2022-04-19,117.96398162841797
2022-04-20,118.37784576416016
2022-04-21,117.4601821899414
2022-04-22,114.08644104003906
2022-04-25,114.05044555664062
2022-04-26,110.67670440673828
2022-04-27,109.23724365234375
2022-04-28,110.96459197998047
2022-04-29,107.38395690917969
2022-05-02,108.36456298828125
2022-05-03,110.68571472167969
2022-05-04,114.34734344482422
2022-05-05,111.48640441894531
2022-05-06,111.30648803710938
2022-05-09,109.63309478759766
2022-05-10,106.96110534667969
2022-05-11,106.2863540649414
2022-05-12,106.1963882446289
2022-05-13,107.14103698730469
2022-05-16,106.39433288574219
2022-05-17,109.9209976196289
2022-05-18,108.04069519042969
2022-05-19,106.4393081665039
2022-05-20,105.56661987304688
2022-05-23,112.09819030761719
2022-05-24,113.68158721923828
2022-05-25,114.47329711914062
2022-05-26,116.45256805419922
2022-05-27,118.09896087646484
2022-05-31,118.96263122558594
2022-06-01,116.87540435791016
2022-06-02,118.75572967529297
2022-06-03,117.10031127929688
2022-06-06,116.7134780883789
2022-06-07,117.01934051513672
2022-06-08,115.15705108642578
2022-06-09,112.73695373535156
2022-06-10,107.55488586425781
2022-06-13,104.35206604003906
2022-06-14,102.61571502685547
2022-06-15,103.83028411865234
2022-06-16,102.04893493652344
2022-06-17,101.6890640258789
2022-06-21,104.20812225341797
2022-06-22,103.62335205078125
2022-06-23,102.4897689819336
2022-06-24,105.54862976074219
2022-06-27,104.70291900634766
2022-06-28,104.19914245605469
2022-06-29,103.73130798339844
2022-06-30,101.31121063232422
2022-07-01,102.60671997070312
2022-07-05,102.21646881103516
2022-07-06,101.55388641357422
2022-07-07,104.1224594116211
2022-07-08,103.79572296142578
2022-07-11,102.43427276611328
2022-07-12,102.53411102294922
2022-07-13,101.5720443725586
2022-07-14,98.02323150634766
2022-07-15,102.51597595214844
2022-07-18,101.46311950683594
2022-07-19,103.97724914550781
2022-07-20,103.95909118652344
2022-07-21,104.66702270507812
2022-07-22,104.15876770019531
2022-07-25,104.57627868652344
2022-07-26,102.94255065917969
2022-07-27,104.59441375732422
2022-07-28,104.20413970947266
2022-07-29,104.70335388183594
2022-08-01,103.6595687866211
2022-08-02,102.04400634765625
2022-08-03,103.11499786376953
2022-08-04,101.98046875
2022-08-05,105.06639099121094
2022-08-08,103.7866439819336
2022-08-09,104.72148132324219
2022-08-10,107.45342254638672
2022-08-11,109.04176330566406
2022-08-12,110.8479232788086
2022-08-15,111.14744567871094
2022-08-16,112.2093734741211
2022-08-17,111.26544189453125
2022-08-18,110.40319061279297
2022-08-19,107.67124938964844
2022-08-22,105.89230346679688
2022-08-23,104.84854888916016
2022-08-24,105.10267639160156
2022-08-25,107.59864807128906
2022-08-26,104.07706451416016
2022-08-29,103.82295227050781
2022-08-30,103.84110260009766
2022-08-31,103.22390747070312
2022-09-01,103.9318618774414
2022-09-02,103.20576477050781
2022-09-06,103.23298645019531
2022-09-07,105.19343566894531
2022-09-08,107.64401245117188
2022-09-09,108.161376953125
2022-09-12,109.4411392211914
2022-09-13,105.63817596435547
2022-09-14,105.39312744140625
2022-09-15,106.98146057128906
2022-09-16,106.26444244384766
2022-09-19,107.24468994140625
2022-09-20,105.12991333007812
2022-09-21,102.09846496582031
2022-09-22,100.93669891357422
2022-09-23,99.05792236328125
2022-09-26,96.92501068115234
2022-09-27,96.07184600830078
2022-09-28,98.01416015625
2022-09-29,96.35320281982422
2022-09-30,94.84654998779297
2022-10-03,97.77818298339844
2022-10-04,102.35259246826172
2022-10-05,101.0888671875
2022-10-06,99.02845001220703
2022-10-07,97.05045318603516
2022-10-10,96.14385223388672
2022-10-11,93.36914825439453
2022-10-12,94.88015747070312
2022-10-13,100.1548080444336
2022-10-14,101.82146453857422
2022-10-17,106.09796142578125
2022-10-18,108.82689666748047
2022-10-19,106.69322204589844
2022-10-20,106.34522247314453
2022-10-21,111.93126678466797
2022-10-24,112.0686264038086
2022-10-25,112.36165618896484
2022-10-26,113.65286254882812
2022-10-27,114.1015625
2022-10-28,115.45687866210938
2022-10-31,115.27371978759766
2022-11-01,117.35244750976562
2022-11-02,116.27188110351562
2022-11-03,116.48251342773438
2022-11-04,119.6692886352539
2022-11-07,120.30113983154297
2022-11-08,120.3744125366211
2022-11-09,118.80850219726562
2022-11-10,123.69856262207031
2022-11-11,123.90001678466797
2022-11-14,122.62711334228516
2022-11-15,121.73886108398438
2022-11-16,121.90369415283203
2022-11-17,121.37255859375
2022-11-18,122.56303405761719
2022-11-21,121.83961486816406
2022-11-22,123.66192626953125
2022-11-23,124.98060607910156
2022-11-25,125.21869659423828
2022-11-28,123.03006744384766
2022-11-29,125.05387115478516
2022-11-30,126.537353515625
2022-12-01,124.76083374023438
2022-12-02,123.77185821533203
2022-12-05,120.30113983154297
2022-12-06,120.50260925292969
2022-12-07,120.42020416259766
2022-12-08,121.68395233154297
2022-12-09,121.02458190917969
2022-12-12,122.90186309814453
2022-12-13,122.7828140258789
2022-12-14,122.16929626464844
2022-12-15,119.13817596435547
2022-12-16,118.39639282226562
2022-12-19,119.10151672363281
2022-12-20,119.67845916748047
2022-12-21,121.02458190917969
2022-12-22,119.65098571777344
2022-12-23,120.21873474121094
2022-12-27,120.63999938964844
2022-12-28,121.29931640625
2022-12-29,121.99529266357422
2022-12-30,122.8011245727539
2023-01-03,123.73516845703125
2023-01-04,124.88904571533203
2023-01-05,124.86138153076172
2023-01-06,127.25064849853516
2023-01-09,126.72480010986328
2023-01-10,127.8594970703125
2023-01-11,128.8096923828125
2023-01-12,128.68052673339844
2023-01-13,131.92774963378906
2023-01-17,129.88900756835938
2023-01-18,125.9868392944336
2023-01-19,124.30784606933594
2023-01-20,124.6122817993164
2023-01-23,126.6325454711914
2023-01-24,127.72112274169922
2023-01-25,128.3391876220703
2023-01-26,129.13253784179688
2023-01-27,129.4462127685547
2023-01-30,128.34844970703125
2023-01-31,129.11412048339844
2023-02-01,128.77276611328125
2023-02-02,128.17315673828125
2023-02-03,130.15655517578125
2023-02-06,130.92222595214844
2023-02-07,132.51817321777344
2023-02-08,131.58642578125
2023-02-09,129.5384521484375
2023-02-10,130.11041259765625
2023-02-13,131.52183532714844
2023-02-14,132.10302734375
2023-02-15,132.65655517578125
2023-02-16,130.82997131347656
2023-02-17,131.2174530029297
2023-02-21,128.8096923828125
2023-02-22,127.82258605957031
2023-02-23,128.84654235839844
2023-02-24,130.0089569091797
2023-02-27,131.14361572265625
2023-02-28,132.24142456054688
2023-03-01,131.50338745117188
2023-03-02,130.13809204101562
2023-03-03,132.5273895263672
2023-03-06,131.75247192382812
2023-03-07,127.87793731689453
2023-03-08,127.1214828491211
2023-03-09,120.23958587646484
2023-03-10,123.2930908203125
2023-03-13,121.07907104492188
2023-03-14,124.18791961669922
2023-03-15,118.32075500488281
2023-03-16,120.61781311035156
2023-03-17,116.06062316894531
2023-03-20,117.28756713867188
2023-03-21,120.4333267211914
2023-03-22,117.324462890625
2023-03-23,117.01081848144531
2023-03-24,115.23037719726562
2023-03-27,118.53295135498047
2023-03-28,118.89271545410156
2023-03-29,119.13258361816406
2023-03-30,118.7728042602539
2023-03-31,120.2119369506836
2023-04-03,120.07353973388672
2023-04-04,118.46836853027344
2023-04-05,118.64502716064453
2023-04-06,118.51486206054688
2023-04-10,118.90534973144531
2023-04-11,119.49110412597656
2023-04-12,119.47249603271484
2023-04-13,119.92807006835938
2023-04-14,128.98379516601562
2023-04-17,130.0065460205078
2023-04-18,131.46621704101562
2023-04-19,131.2989044189453
2023-04-20,130.91769409179688
2023-04-21,130.6666259765625
2023-04-24,130.84332275390625
2023-04-25,127.99826049804688
2023-04-26,125.72969818115234
2023-04-27,127.42183685302734
2023-04-28,128.52822875976562
2023-05-01,131.2802734375
2023-05-02,129.1604461669922
2023-05-03,126.42699432373047
2023-05-04,124.69768524169922
2023-05-05,127.13362121582031
2023-05-08,127.44041442871094
2023-05-09,126.82678985595703
2023-05-10,126.89189147949219
2023-05-11,126.49208068847656
2023-05-12,124.67906188964844
2023-05-15,125.72969818115234
2023-05-16,124.88363647460938
2023-05-17,128.72348022460938
2023-05-18,129.69973754882812
2023-05-19,129.40220642089844
2023-05-22,128.33299255371094
2023-05-23,126.9941635131836
2023-05-24,125.83195495605469
2023-05-25,126.13877868652344
2023-05-26,127.3195571899414
2023-05-30,127.80304718017578
2023-05-31,126.17598724365234
2023-06-01,127.91460418701172
2023-06-02,130.60157775878906
2023-06-05,129.31851196289062
2023-06-06,129.55096435546875
2023-06-07,130.8061065673828
2023-06-08,130.84332275390625
2023-06-09,131.10362243652344
2023-06-12,131.09434509277344
2023-06-13,132.04269409179688
2023-06-14,131.5499267578125
2023-06-15,133.03750610351562
2023-06-16,133.19557189941406
2023-06-20,132.51683044433594
2023-06-21,132.32162475585938
2023-06-22,129.7740936279297
2023-06-23,129.09539794921875
2023-06-26,129.41148376464844
2023-06-27,129.42079162597656
2023-06-28,128.85365295410156
2023-06-29,133.35362243652344
2023-06-30,135.222412109375
2023-07-03,136.31021118164062
2023-07-05,135.4021759033203
2023-07-06,134.06349182128906
2023-07-07,135.12130737304688
2023-07-10,135.87957763671875
2023-07-11,138.00460815429688
2023-07-12,138.68800354003906
2023-07-13,139.36199951171875
2023-07-14,140.20452880859375
2023-07-17,143.583984375
2023-07-18,143.84609985351562
2023-07-19,144.3984375
2023-07-20,146.1770477294922
2023-07-21,145.05369567871094
2023-07-24,147.90892028808594
2023-07-25,146.80429077148438
2023-07-26,147.68418884277344
2023-07-27,146.05535888671875
2023-07-28,146.8885040283203
2023-07-31,147.87147521972656
2023-08-01,147.1412353515625
2023-08-02,145.4749298095703
2023-08-03,146.36428833007812
2023-08-04,146.05535888671875
2023-08-07,146.74807739257812
2023-08-08,145.92428588867188
2023-08-09,143.9677734375
2023-08-10,143.75245666503906
2023-08-11,144.5856475830078
2023-08-14,144.88519287109375
2023-08-15,141.19680786132812
2023-08-16,140.59771728515625
2023-08-17,139.1373748779297
2023-08-18,139.4556427001953
2023-08-21,139.93304443359375
2023-08-22,137.0310516357422
2023-08-23,137.95779418945312
2023-08-24,137.82675170898438
2023-08-25,137.6582489013672
2023-08-28,138.13568115234375
2023-08-29,139.25901794433594
2023-08-30,138.69735717773438
2023-08-31,136.98422241210938
2023-09-01,137.4429473876953
2023-09-05,135.92640686035156
2023-09-06,135.70172119140625
2023-09-07,134.54095458984375
2023-09-08,134.6438751220703
2023-09-11,135.23365783691406
2023-09-12,136.9935760498047
2023-09-13,137.05911254882812
2023-09-14,139.7177276611328
2023-09-15,139.3058319091797
2023-09-18,139.59600830078125
2023-09-19,139.41815185546875
2023-09-20,138.8284149169922
2023-09-21,137.7425079345703
2023-09-22,136.42254638671875
2023-09-25,137.09657287597656
2023-09-26,135.6736602783203
2023-09-27,136.46934509277344
2023-09-28,138.16375732421875
2023-09-29,135.7579345703125
2023-10-02,134.5877227783203
2023-10-03,133.59542846679688
2023-10-04,134.194580078125
2023-10-05,134.76036071777344
2023-10-06,136.83505249023438
2023-10-09,136.52386474609375
2023-10-10,137.35372924804688
2023-10-11,137.8252410888672
2023-10-12,137.50462341308594
2023-10-13,139.5699005126953
2023-10-16,139.42845153808594
2023-10-17,139.12667846679688
2023-10-18,137.59893798828125
2023-10-19,137.01422119140625
2023-10-20,134.80752563476562
2023-10-23,132.9686279296875
2023-10-24,133.12893676757812
2023-10-25,132.40277099609375
2023-10-26,132.74227905273438
2023-10-27,127.96104431152344
2023-10-30,129.592529296875
2023-10-31,131.1391143798828
2023-11-01,131.02593994140625
2023-11-02,133.36468505859375
2023-11-03,134.85467529296875
2023-11-06,135.87318420410156
2023-11-07,135.80712890625
2023-11-08,136.47671508789062
2023-11-09,136.07122802734375
2023-11-10,138.0893096923828
2023-11-13,137.47634887695312
2023-11-14,139.98483276367188
2023-11-15,141.21080017089844
2023-11-16,142.82334899902344
2023-11-17,144.11532592773438
2023-11-20,144.55857849121094
2023-11-21,144.25680541992188
2023-11-22,144.59628295898438
2023-11-24,144.7943115234375
2023-11-27,144.4642333984375
2023-11-28,144.7943115234375
2023-11-29,145.52989196777344
2023-11-30,147.18966674804688
2023-12-01,147.90635681152344
2023-12-04,148.99085998535156
2023-12-05,148.97198486328125
2023-12-06,147.40658569335938
2023-12-07,147.85919189453125
2023-12-08,149.49066162109375
2023-12-11,150.0376434326172
2023-12-12,151.37673950195312
2023-12-13,151.885986328125
2023-12-14,154.6491241455078
2023-12-15,155.81845092773438
2023-12-18,156.76150512695312
2023-12-19,158.85504150390625
2023-12-20,157.0632781982422
2023-12-21,157.9591827392578
2023-12-22,157.8648223876953
2023-12-26,158.7984619140625
2023-12-27,159.7509307861328
2023-12-28,160.59970092773438
2023-12-29,160.4110870361328
2024-01-02,162.2782745361328
2024-01-03,161.5709991455078
2024-01-04,162.64321899414062
2024-01-05,163.45924377441406
2024-01-08,163.2220458984375
2024-01-09,161.9315948486328
2024-01-10,162.27316284179688
2024-01-11,161.58998107910156
2024-01-12,160.40394592285156
2024-01-16,159.39816284179688
2024-01-17,158.54417419433594
2024-01-18,158.8572998046875
2024-01-19,161.59945678710938
2024-01-22,161.40969848632812
2024-01-23,160.34698486328125
2024-01-24,161.7797393798828
2024-01-25,164.09494018554688
2024-01-26,163.4687042236328
2024-01-29,163.89569091796875
2024-01-30,167.25466918945312
2024-01-31,165.4423370361328
2024-02-01,164.84454345703125
2024-02-02,165.79342651367188
2024-02-05,165.5751953125
2024-02-06,166.14447021484375
2024-02-07,166.45761108398438
2024-02-08,165.85984802246094
2024-02-09,166.05911254882812
2024-02-12,166.7991943359375
2024-02-13,165.34742736816406
2024-02-14,167.0269012451172
2024-02-15,170.6705322265625
2024-02-16,169.87347412109375
2024-02-20,170.5376739501953
2024-02-21,171.64784240722656
2024-02-22,173.7068634033203
2024-02-23,174.579833984375
2024-02-26,173.98204040527344
2024-02-27,174.06744384765625
2024-02-28,174.9498748779297
2024-02-29,176.5439453125
2024-03-01,175.81332397460938
2024-03-04,177.13223266601562
2024-03-05,178.90658569335938
2024-03-06,179.83645629882812
2024-03-07,178.2613525390625
2024-03-08,178.59347534179688
2024-03-11,178.65988159179688
2024-03-12,180.13059997558594
2024-03-13,181.5918426513672
2024-03-14,178.35626220703125
2024-03-15,180.56710815429688
2024-03-18,182.80641174316406
2024-03-19,183.87857055664062
2024-03-20,186.28868103027344
2024-03-21,188.87905883789062
2024-03-22,186.56385803222656
2024-03-25,184.85592651367188
2024-03-26,185.71937561035156
2024-03-27,189.31553649902344
2024-03-28,190.0556182861328
2024-04-01,188.7652130126953
2024-04-02,188.6892852783203
2024-04-03,188.15792846679688
2024-04-04,186.72633361816406
2024-04-05,188.44422912597656
2024-04-08,189.42726135253906
2024-04-09,188.15792846679688
2024-04-10,186.5545654296875
2024-04-11,186.516357421875
2024-04-12,174.45289611816406
2024-04-15,174.54833984375
2024-04-16,172.5536651611328
2024-04-17,171.8665008544922
2024-04-18,172.983154296875
2024-04-19,177.3256072998047
2024-04-22,180.7709503173828
2024-04-23,183.37644958496094
2024-04-24,184.2735595703125
2024-04-25,184.55030822753906
2024-04-26,184.6648712158203
2024-04-29,184.46444702148438
2024-04-30,182.99465942382812
2024-05-01,183.1092071533203
2024-05-02,182.91831970214844
2024-05-03,181.82077026367188
2024-05-06,183.24282836914062
2024-05-07,183.00421142578125
2024-05-08,186.72633361816406
2024-05-09,188.491943359375
2024-05-10,189.7040252685547
2024-05-13,189.66587829589844
2024-05-14,192.3190460205078
2024-05-15,192.89169311523438
2024-05-16,193.2353057861328
2024-05-17,195.44944763183594
2024-05-20,186.65953063964844
2024-05-21,190.4198455810547
2024-05-22,189.26499938964844
2024-05-23,187.93841552734375
2024-05-24,191.5555419921875
2024-05-28,190.40072631835938
2024-05-29,189.0741424560547
2024-05-30,190.23849487304688
2024-05-31,193.38796997070312
2024-06-03,192.61492919921875
2024-06-04,190.07626342773438
2024-06-05,188.26290893554688
2024-06-06,187.92886352539062
2024-06-07,190.83021545410156
2024-06-10,190.5057373046875
2024-06-11,185.49520874023438
2024-06-12,182.7942657470703
2024-06-13,184.8271026611328
2024-06-14,184.94161987304688
2024-06-17,186.0868682861328
2024-06-18,188.01475524902344
2024-06-20,189.60858154296875
2024-06-21,187.34671020507812
2024-06-24,189.8090362548828
2024-06-25,189.03598022460938
2024-06-26,188.42514038085938
2024-06-27,190.08575439453125
2024-06-28,193.0348358154297
2024-07-01,196.07936096191406
2024-07-02,199.30520629882812
2024-07-03,199.17156982421875
2024-07-05,196.53245544433594
2024-07-08,196.89715576171875
2024-07-09,199.25796508789062
2024-07-10,199.4210968017578
2024-07-11,199.085205078125
2024-07-12,196.6764373779297
2024-07-15,201.58038330078125
2024-07-16,205.0064239501953
2024-07-17,208.1253662109375
2024-07-18,201.51318359375
2024-07-19,201.32125854492188
2024-07-22,201.80108642578125
2024-07-23,201.84909057617188
2024-07-24,200.1792449951172
2024-07-25,200.25601196289062
2024-07-26,203.68206787109375
2024-07-29,202.34811401367188
2024-07-30,206.51312255859375
2024-07-31,204.219482421875
2024-08-01,199.5746612548828
2024-08-02,191.1102752685547
2024-08-05,187.04122924804688
2024-08-06,192.26190185546875
2024-08-07,192.3194580078125
2024-08-08,195.83189392089844
2024-08-09,197.50173950195312
2024-08-12,197.87603759765625
2024-08-13,199.55545043945312
2024-08-14,201.7627410888672
2024-08-15,203.0198974609375
2024-08-16,205.34231567382812
2024-08-19,206.7626190185547
2024-08-20,205.87013244628906
2024-08-21,205.94691467285156
2024-08-22,207.89505004882812
2024-08-23,209.50732421875
2024-08-26,210.33262634277344
2024-08-27,211.30191040039062
2024-08-28,212.36715698242188
2024-08-29,213.25006103515625
2024-08-30,215.73561096191406
2024-09-03,211.41708374023438
2024-09-04,210.4861602783203
2024-09-05,208.85475158691406
2024-09-06,203.89320373535156
2024-09-09,208.0677947998047
2024-09-10,197.2714385986328
2024-09-11,198.8740692138672
2024-09-12,198.2694854736328
2024-09-13,196.08139038085938
2024-09-16,199.4786834716797
2024-09-17,200.8126220703125
2024-09-18,199.16195678710938
2024-09-19,201.99301147460938
2024-09-20,202.5784454345703
2024-09-23,202.91432189941406
2024-09-24,203.0582733154297
2024-09-25,201.7147216796875
2024-09-26,201.32125854492188
2024-09-27,202.01223754882812
2024-09-30,202.35769653320312
2024-10-01,198.6917266845703
2024-10-02,198.931640625
2024-10-03,196.95474243164062
2024-10-04,203.94537353515625
2024-10-07,203.66534423828125
2024-10-08,203.49154663085938
2024-10-09,206.06959533691406
2024-10-10,205.5095672607422
2024-10-11,214.63409423828125
2024-10-14,213.85198974609375
2024-10-15,214.7306671142578
2024-10-16,215.9376220703125
2024-10-17,216.69073486328125
2024-10-18,217.60801696777344
2024-10-21,215.3196563720703
2024-10-22,216.40106201171875
2024-10-23,215.7155303955078
2024-10-24,217.23146057128906
2024-10-25,214.65341186523438
2024-10-28,217.7335662841797
2024-10-29,215.22308349609375
2024-10-30,216.6810760498047
2024-10-31,214.27685546875
2024-11-01,215.26171875
2024-11-04,212.21055603027344
2024-11-05,213.86167907714844
2024-11-06,238.55099487304688
2024-11-07,228.2388458251953
2024-11-08,228.8181610107422
2024-11-11,231.048583984375
2024-11-12,231.30929565429688
2024-11-13,232.8542022705078
2024-11-14,233.53973388671875
2024-11-15,236.8612823486328
2024-11-18,236.59092712402344
2024-11-19,234.71774291992188
2024-11-20,232.48728942871094
2024-11-21,236.3302001953125
2024-11-22,239.9897003173828
2024-11-25,241.66976928710938
2024-11-26,241.3607635498047
2024-11-27,241.1869659423828
2024-11-29,241.11940002441406
2024-12-02,237.76889038085938
2024-12-03,236.38818359375
2024-12-04,235.01705932617188
2024-12-05,237.02542114257812
2024-12-06,238.84066772460938
2024-12-09,235.41293334960938
2024-12-10,234.4956512451172
2024-12-11,235.14256286621094
2024-12-12,233.21145629882812
2024-12-13,231.6762237548828
2024-12-16,231.32859802246094
2024-12-17,230.15065002441406
2024-12-18,222.435791015625
2024-12-19,224.93661499023438
2024-12-20,229.41683959960938
2024-12-23,230.1796112060547
2024-12-24,233.964599609375
2024-12-26,234.7659912109375
2024-12-27,232.86386108398438
2024-12-30,231.07757568359375
2024-12-31,231.45413208007812
2025-01-02,231.73416137695312
2025-01-03,234.90118408203125
2025-01-06,233.75592041015625
2025-01-07,236.00759887695312
2025-01-08,235.96876525878906
2025-01-10,232.80477905273438
2025-01-13,237.01698303222656
2025-01-14,240.18092346191406
2025-01-15,244.917236328125
2025-01-16,246.78067016601562
2025-01-17,251.52664184570312
2025-01-21,255.2826385498047
2025-01-22,255.0982208251953
2025-01-23,258.11663818359375
2025-01-24,257.0393371582031
2025-01-27,258.01959228515625
2025-01-28,259.2716064453125
2025-01-29,258.7280578613281
2025-01-30,260.3294677734375
2025-01-31,259.4268493652344
2025-02-03,258.9513244628906
2025-02-04,260.04803466796875
2025-02-05,262.4646301269531
2025-02-06,268.74407958984375
2025-02-07,267.6764831542969
2025-02-10,263.0567321777344
2025-02-11,266.890380859375
2025-02-12,267.33685302734375
2025-02-13,268.18121337890625
2025-02-14,268.4432373046875
2025-02-18,271.70428466796875
2025-02-19,271.02490234375
2025-02-20,258.94158935546875
2025-02-21,256.45703125
2025-02-24,253.64247131347656
2025-02-25,249.8184814453125
2025-02-26,251.1675262451172
2025-02-27,251.4198455810547
2025-02-28,256.8549499511719
2025-03-03,252.94363403320312
2025-03-04,242.87908935546875
2025-03-05,244.12136840820312
2025-03-06,239.27833557128906
2025-03-07,235.14381408691406
2025-03-10,225.38014221191406
2025-03-11,222.39085388183594
2025-03-12,221.1873779296875
2025-03-13,218.5572052001953
2025-03-14,225.59364318847656
2025-03-17,227.0397491455078
2025-03-18,228.04913330078125
2025-03-19,232.06719970703125
2025-03-20,231.9701385498047
2025-03-21,234.51295471191406
2025-03-24,240.75357055664062
2025-03-25,243.733154296875
2025-03-26,243.6361083984375
2025-03-27,240.8118133544922
2025-03-28,235.69703674316406
2025-03-31,238.0748748779297
2025-04-01,236.48316955566406
2025-04-02,238.57957458496094
2025-04-03,221.95411682128906
2025-04-04,205.3434295654297
2025-04-07,209.40577697753906
2025-04-08,211.77871704101562
2025-04-09,228.83859252929688
2025-04-10,221.7783203125
2025-04-11,230.6549072265625
2025-04-14,229.2096710205078
2025-04-15,227.65699768066406
2025-04-16,224.21963500976562
2025-04-17,226.5144805908203
2025-04-21,223.6142120361328
2025-04-22,230.0592498779297
2025-04-23,235.22508239746094
2025-04-24,238.89678955078125
2025-04-25,237.83238220214844
2025-04-28,237.5101318359375
2025-04-29,238.87725830078125
2025-04-30,238.87725830078125
2025-05-01,241.09396362304688
2025-05-02,246.58203125
2025-05-05,246.630859375
2025-05-06,243.3985595703125
2025-05-07,243.53526306152344
2025-05-08,247.51950073242188
2025-05-09,247.13865661621094
2025-05-12,253.9450225830078
2025-05-13,256.8355407714844
2025-05-14,259.4038391113281
2025-05-15,261.2103576660156
2025-05-16,261.2786865234375
2025-05-19,258.66162109375
2025-05-20,259.44287109375
2025-05-21,254.91180419921875
2025-05-22,254.55047607421875
2025-05-23,254.58953857421875
2025-05-27,259.06201171875
2025-05-28,257.3042907714844
2025-05-29,258.16363525390625
2025-05-30,257.8022766113281
2025-06-02,258.4468078613281
2025-06-03,260.01898193359375
2025-06-04,258.0171203613281
2025-06-05,255.8004150390625
2025-06-06,259.4917297363281
2025-06-09,260.4779357910156
2025-06-10,262.2943115234375
2025-06-11,261.8548889160156
2025-06-12,261.9427490234375
2025-06-13,258.7300109863281
2025-06-16,264.0129699707031
2025-06-17,263.1926574707031
2025-06-18,267.5284729003906
2025-06-20,268.5440368652344
2025-06-23,271.7372741699219
2025-06-24,274.6571044921875
2025-06-25,277.3913879394531
2025-06-26,281.97125244140625
2025-06-27,280.3697814941406
2025-06-30,283.1040344238281
2025-07-01,283.59228515625
2025-07-02,285.14495849609375
2025-07-03,290.4435729980469
2025-07-07,286.4892272949219
2025-07-08,277.4717712402344
2025-07-09,277.8446350097656
2025-07-10,282.7801818847656
2025-07-11,281.47515869140625
2025-07-14,283.2806396484375
2025-07-15,281.1709899902344
2025-07-16,280.4546813964844
2025-07-17,284.4580993652344
2025-07-18,285.8023986816406
2025-07-21,285.50799560546875
2025-07-22,285.9593505859375
2025-07-23,291.1893005371094
2025-07-24,290.9832458496094
2025-07-25,293.0144348144531
2025-07-28,292.6807861328125
2025-07-29,291.4640808105469
2025-07-30,294.0054626464844
2025-07-31,290.6790771484375
2025-08-01,283.93804931640625
2025-08-04,288.73626708984375
2025-08-05,285.9004821777344
2025-08-06,285.880859375
2025-08-07,281.55364990234375
2025-08-08,283.33953857421875
2025-08-11,284.12451171875
2025-08-12,287.3527526855469
2025-08-13,285.0762634277344
2025-08-14,288.6381530761719
2025-08-15,285.0370178222656
2025-08-18,286.0575256347656
2025-08-19,285.203857421875
2025-08-20,286.7541809082031
2025-08-21,285.9986572265625
2025-08-22,290.6790771484375
2025-08-25,289.3642272949219
2025-08-26,292.9653625488281
2025-08-27,293.66204833984375
2025-08-28,295.4184265136719
2025-08-29,295.7618713378906
2025-09-02,294.0741271972656
2025-09-03,293.8877258300781
2025-09-04,298.1168518066406
2025-09-05,288.8540344238281
2025-09-08,287.41162109375
2025-09-09,292.2588806152344
2025-09-10,294.89837646484375
2025-09-11,299.8241271972656
2025-09-12,301.1488037109375
2025-09-15,303.1014404296875
2025-09-16,303.385986328125
2025-09-17,305.89794921875
2025-09-18,307.3501892089844
2025-09-19,308.8710632324219
2025-09-22,306.5749816894531
2025-09-23,306.8693542480469
2025-09-24,307.53662109375
2025-09-25,307.5660705566406
2025-09-26,310.12701416015625
2025-09-29,309.7640075683594
2025-09-30,309.50885009765625
2025-10-01,304.87750244140625
2025-10-02,301.77679443359375
2025-10-03,304.21026611328125
2025-10-06,304.8511047363281
2025-10-07,303.3819885253906
2025-10-08,299.77325439453125
2025-10-09,301.2522277832031
2025-10-10,296.6772155761719
2025-10-13,303.6580505371094
2025-10-14,297.85052490234375
2025-10-15,301.40997314453125
2025-10-16,294.360107421875
2025-10-17,293.3938293457031
2025-10-20,298.1265869140625
2025-10-21,292.9303894042969
2025-10-22,289.9920959472656
2025-10-23,290.4161071777344
2025-10-24,296.2334899902344
2025-10-27,299.89154052734375
2025-10-28,301.0845947265625
2025-10-29,301.2325134277344
2025-10-30,305.10748291015625
2025-10-31,306.7639465332031
2025-11-03,305.0187683105469
2025-11-04,304.920166015625
2025-11-05,307.3161315917969
2025-11-06,309.0317687988281
2025-11-07,309.8106994628906
2025-11-10,312.45318603515625
2025-11-11,311.200927734375
2025-11-12,315.92388916015625
2025-11-13,305.14697265625
2025-11-14,299.35906982421875
2025-11-17,296.1644592285156
2025-11-18,295.2179260253906
2025-11-19,299.0238342285156
2025-11-20,294.20233154296875
2025-11-21,293.84735107421875
2025-11-24,293.8276672363281
2025-11-25,298.7576599121094
2025-11-26,303.33270263671875
2025-11-28,308.6965026855469
2025-12-01,304.5947570800781
2025-12-02,303.5693359375
2025-12-03,307.75982666015625
2025-12-04,311.67425537109375
2025-12-05,310.62908935546875
2025-12-08,310.79669189453125
2025-12-09,296.30255126953125
2025-12-10,305.76806640625
2025-12-11,312.9363098144531
2025-12-12,314.06036376953125
2025-12-15,315.53936767578125
2025-12-16,311.1319580078125
2025-12-17,310.5699157714844
2025-12-18,308.61767578125
2025-12-19,312.7686767578125
2025-12-22,318.56634521484375
2025-12-23,321.3666076660156
2025-12-24,324.5612487792969
2025-12-26,323.3188781738281
2025-12-29,319.2171325683594
2025-12-30,318.89178466796875
2025-12-31,317.70855712890625
2026-01-02,320.92291259765625
2026-01-05,329.36309814453125
2026-01-06,331.41326904296875
2026-01-07,323.8660583496094
2026-01-08,326.63934326171875
2026-01-09,326.0450744628906
2026-01-12,321.3899841308594
2026-01-13,307.9298095703125
2026-01-14,304.9287414550781
2026-01-15,306.30548095703125
2026-01-16,309.48480224609375
2026-01-20,299.8477478027344
2026-01-21,299.15447998046875
2026-01-22,300.729248046875
2026-01-23,294.875732421875
2026-01-26,298.1640319824219
2026-01-27,297.44097900390625
2026-01-28,297.89654541015625
2026-01-29,303.49261474609375
2026-01-30,302.9676818847656
2026-02-02,305.1961669921875
2026-02-03,311.8420715332031
2026-02-04,314.23895263671875
2026-02-05,307.1968688964844
2026-02-06,319.3199462890625
2026-02-09,319.0228271484375
2026-02-10,315.2392883300781
2026-02-11,307.8505554199219
2026-02-12,299.7487487792969
2026-02-13,299.6595764160156
2026-02-17,304.1958312988281
2026-02-18,305.8300476074219
2026-02-19,305.10699462890625
2026-02-20,307.82086181640625
2026-02-23,294.8262023925781
2026-02-24,294.459716796875
2026-02-25,300.40240478515625
2026-02-26,303.20538330078125
2026-02-27,297.4310607910156
2026-03-02,294.7172546386719
2026-03-03,297.3914489746094
2026-03-04,296.52978515625
2026-03-05,290.74554443359375
2026-03-06,286.7144470214844
2026-03-09,287.1502685546875
2026-03-10,285.97161865234375
2026-03-11,284.77313232421875
2026-03-12,280.1874084472656
2026-03-13,280.7321472167969
2026-03-16,283.4261474609375
2026-03-17,284.1492004394531
2026-03-18,284.9910583496094
2026-03-19,285.2188415527344
2026-03-20,283.8223571777344
2026-03-23,287.14031982421875
2026-03-24,289.6065368652344
2026-03-25,292.59771728515625
2026-03-26,288.8736267089844
2026-03-27,280.13787841796875
2026-03-30,281.0589904785156
2026-03-31,291.3497314453125
2026-04-01,292.5580749511719
2026-04-02,291.7855224609375
2026-04-06,294.125
2026-04-07,296.0662536621094
2026-04-08,306.5888366699219
2026-04-09,308.938232421875
2026-04-10,308.4803161621094
2026-04-13,312.2732238769531
2026-04-14,309.7247009277344
2026-04-15,304.5579833984375
2026-04-16,308.5599670410156
2026-04-17,308.8984375
2026-04-20,315.5683898925781
2026-04-21,311.5962829589844
2026-04-22,311.6161804199219
2026-04-23,310.29217529296875
2026-04-24,306.8974609375
2026-04-27,310.232421875
2026-04-28,310.0532531738281
2026-04-29,307.86309814453125
2026-04-30,311.82525634765625
2026-05-01,311.06866455078125
2026-05-04,306.270263671875
2026-05-05,308.0124206542969
2026-05-06,313.4877624511719
2026-05-07,304.8964538574219
2026-05-08,300.74517822265625
2026-05-11,298.6545715332031
2026-05-12,303.5126953125
2026-05-13,298.9034729003906
2026-05-14,298.56500244140625
2026-05-15,296.4743957519531
2026-05-18,299.3813171386719
2026-05-19,294.3738708496094
2026-05-20,300.625732421875
2026-05-21,301.6411437988281
2026-05-22,305.0059814453125
2026-05-26,305.3643493652344
2026-05-27,297.93780517578125
2026-05-28,295.3992614746094
2026-05-29,297.9676818847656
2026-06-01,295.2499084472656
2026-06-02,299.6102600097656
2026-06-03,299.50079345703125
2026-06-04,309.4957580566406
2026-06-05,310.9691162109375
2026-06-08,309.7147521972656
2026-06-09,311.2976379394531
2026-06-10,307.75360107421875
2026-06-11,312.0840759277344
2026-06-12,319.28167724609375
2026-06-15,317.96759033203125
2026-06-16,329.6549377441406
2026-06-17,331.9645080566406
2026-06-18,323.761474609375
2026-06-22,329.993408203125
2026-06-23,332.6414794921875
2026-06-24,331.95458984375
2026-06-25,333.6170654296875
2026-06-26,327.57427978515625
2026-06-29,327.91278076171875
2026-06-30,325.86199951171875
2026-07-01,332.5718078613281
2026-07-02,332.9700012207031
2026-07-06,337.7200012207031
2026-07-07,339.2200012207031
2026-07-08,330.6199951171875
2026-07-09,335.4700012207031
2026-07-10,336.4700012207031
2026-07-13,334.5299987792969
2026-07-14,342.8900146484375
2026-07-15,346.9100036621094
2026-07-16,343.1499938964844
2026-07-17,341.1000061035156
2026-07-20,338.8699951171875
2026-07-21,345.2300109863281
2026-07-22,348.2099914550781
2026-07-23,349.8999938964844
2026-07-24,353.2099914550781
2026-07-27,356.20001220703125
2026-07-28,357.30999755859375
2026-07-29,344.7099914550781
2026-07-30,350.8500061035156
2026-07-31,351.7900085449219
2026-08-03,352.6400146484375
2026-08-04,357.5199890136719
2026-08-05,359.239990234375
2026-08-06,356.29998779296875
2026-08-07,357.5199890136719
2026-08-10,359.7900085449219
2026-08-11,362.0400085449219
2026-08-12,365.17999267578125
2026-08-13,363.1099853515625
2026-08-14,362.8399963378906
2026-08-17,360.9599914550781
2026-08-18,363.25
2026-08-19,357.260009765625
2026-08-20,351.54998779296875
2026-08-21,351.5799865722656
