Date,Close
2012-05-18,37.89720153808594
2012-05-21,33.7337646484375
2012-05-22,30.73014259338379
2012-05-23,31.721435546875
2012-05-24,32.74247360229492
2012-05-25,31.632219314575195
2012-05-29,28.588945388793945
2012-05-30,27.94460105895996
2012-05-31,29.342327117919922
2012-06-01,27.47869300842285
2012-06-04,26.66583251953125
2012-06-05,25.64480209350586
2012-06-06,26.576616287231445
2012-06-07,26.080965042114258
2012-06-08,26.864093780517578
2012-06-11,26.774873733520508
2012-06-12,27.16147804260254
2012-06-13,27.032609939575195
2012-06-14,28.04373550415039
2012-06-15,29.748760223388672
2012-06-18,31.136571884155273
2012-06-19,31.632219314575195
2012-06-20,31.324918746948242
2012-06-21,31.562829971313477
2012-06-22,32.76229476928711
2012-06-25,31.780914306640625
2012-06-26,32.811859130859375
2012-06-27,31.949434280395508
2012-06-28,31.087005615234375
2012-06-29,30.829273223876953
2012-07-02,30.502145767211914
2012-07-03,30.92840003967285
2012-07-05,31.19605255126953
2012-07-06,31.453784942626953
2012-07-09,31.88995361328125
2012-07-10,31.19605255126953
2012-07-11,30.700401306152344
2012-07-12,30.541791915893555
2012-07-13,30.452579498291016
2012-07-16,28.00408172607422
2012-07-17,27.845470428466797
2012-07-18,28.856595993041992
2012-07-19,28.74755096435547
2012-07-20,28.509641647338867
2012-07-23,28.49972915649414
2012-07-24,28.20233726501465
2012-07-25,29.084590911865234
2012-07-26,26.616268157958984
2012-07-27,23.503599166870117
2012-07-30,22.94847297668457
2012-07-31,21.52100944519043
2012-08-01,20.6982364654541
2012-08-02,19.86555290222168
2012-08-03,20.90640640258789
2012-08-06,21.729183197021484
2012-08-07,20.539630889892578
2012-08-08,20.539630889892578
2012-08-09,20.827102661132812
2012-08-10,21.620140075683594
2012-08-13,21.411968231201172
2012-08-14,20.202587127685547
2012-08-15,21.015451431274414
2012-08-16,19.697032928466797
2012-08-17,18.88416290283203
2012-08-20,19.835811614990234
2012-08-21,18.99321174621582
2012-08-22,19.270774841308594
2012-08-23,19.270774841308594
2012-08-24,19.24103546142578
2012-08-27,18.98329734802246
2012-08-28,19.171642303466797
2012-08-29,18.933732986450195
2012-08-30,18.92382049560547
2012-08-31,17.902782440185547
2012-09-04,17.575658798217773
2012-09-05,18.41826057434082
2012-09-06,18.794950485229492
2012-09-07,18.814777374267578
2012-09-10,18.646257400512695
2012-09-11,19.260862350463867
2012-09-12,20.747802734375
2012-09-13,20.52971839904785
2012-09-14,21.808488845825195
2012-09-17,21.332666397094727
2012-09-18,21.67961883544922
2012-09-19,23.08725929260254
2012-09-20,22.39335060119629
2012-09-21,22.66100311279297
2012-09-24,20.609020233154297
2012-09-25,20.10346031188965
2012-09-26,20.440502166748047
2012-09-27,20.143110275268555
2012-09-28,21.471446990966797
2012-10-01,21.798574447631836
2012-10-02,22.076135635375977
2012-10-03,21.63996696472168
2012-10-04,21.75892448425293
2012-10-05,20.727977752685547
2012-10-08,20.222415924072266
2012-10-09,20.05389404296875
2012-10-10,19.469032287597656
2012-10-11,19.578073501586914
2012-10-12,19.350074768066406
2012-10-15,19.350074768066406
2012-10-16,19.310422897338867
2012-10-17,19.706937789916992
2012-10-18,18.814777374267578
2012-10-19,18.8346004486084
2012-10-22,19.151817321777344
2012-10-23,19.330251693725586
2012-10-24,23.027780532836914
2012-10-25,22.363611221313477
2012-10-26,21.74901008605957
2012-10-31,20.92623519897461
2012-11-01,21.02536392211914
2012-11-02,20.99562644958496
2012-11-05,21.065017700195312
2012-11-06,20.985715866088867
2012-11-07,20.291805267333984
2012-11-08,19.81598472595215
2012-11-09,19.042774200439453
2012-11-12,19.895288467407227
2012-11-13,19.687116622924805
2012-11-14,22.165353775024414
2012-11-15,21.977006912231445
2012-11-16,23.35490608215332
2012-11-19,22.720483779907227
2012-11-20,22.898910522460938
2012-11-21,24.10828971862793
2012-11-23,23.791074752807617
2012-11-26,25.71419334411621
2012-11-27,25.922361373901367
2012-11-28,26.13053321838379
2012-11-29,27.08217430114746
2012-11-30,27.756254196166992
2012-12-03,26.804615020751953
2012-12-04,27.22095489501953
2012-12-05,27.468778610229492
2012-12-06,26.735219955444336
2012-12-07,27.25069808959961
2012-12-10,27.59764862060547
2012-12-11,27.736431121826172
2012-12-12,27.33991241455078
2012-12-13,27.994169235229492
2012-12-14,26.576616287231445
2012-12-17,26.517139434814453
2012-12-18,27.468778610229492
2012-12-19,27.171396255493164
2012-12-20,27.121829986572266
2012-12-21,26.031402587890625
2012-12-24,26.695571899414062
2012-12-26,26.27922821044922
2012-12-27,25.823226928710938
2012-12-28,25.684450149536133
2012-12-31,26.38827133178711
2013-01-02,27.756254196166992
2013-01-03,27.52825927734375
2013-01-04,28.509641647338867
2013-01-07,29.163896560668945
2013-01-08,28.807025909423828
2013-01-09,30.323711395263672
2013-01-10,31.02753257751465
2013-01-11,31.443872451782227
2013-01-14,30.68057632446289
2013-01-15,29.837974548339844
2013-01-16,29.590152740478516
2013-01-17,29.877628326416016
2013-01-18,29.401805877685547
2013-01-22,30.462491989135742
2013-01-23,30.551706314086914
2013-01-24,30.809444427490234
2013-01-25,31.265439987182617
2013-01-28,32.18733596801758
2013-01-29,30.52197265625
2013-01-30,30.96805191040039
2013-01-31,30.710315704345703
2013-02-01,29.471195220947266
2013-02-04,27.865299224853516
2013-02-05,28.390682220458984
2013-02-06,28.797115325927734
2013-02-07,28.400598526000977
2013-02-08,28.301467895507812
2013-02-11,28.013992309570312
2013-02-12,27.131742477416992
2013-02-13,27.66703987121582
2013-02-14,28.25190544128418
2013-02-15,28.073469161987305
2013-02-19,28.678159713745117
2013-02-20,28.212249755859375
2013-02-21,27.042526245117188
2013-02-22,26.893827438354492
2013-02-25,27.032609939575195
2013-02-26,27.151565551757812
2013-02-27,26.636093139648438
2013-02-28,27.012784957885742
2013-03-01,27.538175582885742
2013-03-04,27.47869300842285
2013-03-05,27.280437469482422
2013-03-06,27.21104621887207
2013-03-07,28.331207275390625
2013-03-08,27.716602325439453
2013-03-11,27.895036697387695
2013-03-12,27.587738037109375
2013-03-13,26.84426498413086
2013-03-14,26.804615020751953
2013-03-15,26.41800880432129
2013-03-18,26.2594051361084
2013-03-19,26.31888198852539
2013-03-20,25.6348876953125
2013-03-21,25.515928268432617
2013-03-22,25.50601577758789
2013-03-25,24.911237716674805
2013-03-26,24.990541458129883
2013-03-27,25.862882614135742
2013-03-28,25.357324600219727
2013-04-01,25.307758331298828
2013-04-02,25.19871711730957
2013-04-03,26.021488189697266
2013-04-04,26.834352493286133
2013-04-05,27.151565551757812
2013-04-08,26.616268157958984
2013-04-09,26.358531951904297
2013-04-10,27.329999923706055
2013-04-11,27.77608299255371
2013-04-12,27.16147804260254
2013-04-15,26.289138793945312
2013-04-16,26.685657501220703
2013-04-17,26.398181915283203
2013-04-18,25.466367721557617
2013-04-19,25.50601577758789
2013-04-22,25.743928909301758
2013-04-23,25.753841400146484
2013-04-24,25.882709503173828
2013-04-25,25.912446975708008
2013-04-26,26.616268157958984
2013-04-29,26.745136260986328
2013-04-30,27.52825927734375
2013-05-01,27.19121742248535
2013-05-02,28.717811584472656
2013-05-03,28.06355857849121
2013-05-06,27.329999923706055
2013-05-07,26.655920028686523
2013-05-08,26.8839168548584
2013-05-09,26.804615020751953
2013-05-10,26.44774627685547
2013-05-13,26.586528778076172
2013-05-14,26.834352493286133
2013-05-15,26.368446350097656
2013-05-16,25.90253257751465
2013-05-17,26.021488189697266
2013-05-20,25.535755157470703
2013-05-21,25.43662452697754
2013-05-22,24.940980911254883
2013-05-23,24.84185028076172
2013-05-24,24.098377227783203
2013-05-28,23.890209197998047
2013-05-29,23.11699676513672
2013-05-30,24.336288452148438
2013-05-31,24.138031005859375
2013-06-03,23.64238166809082
2013-06-04,23.315256118774414
2013-06-05,22.700653076171875
2013-06-06,22.770044326782227
2013-06-07,23.08725929260254
2013-06-10,24.11820411682129
2013-06-11,23.820816040039062
2013-06-12,23.56307601928711
2013-06-13,23.523427963256836
2013-06-14,23.424297332763672
2013-06-17,23.810901641845703
2013-06-18,23.99924659729004
2013-06-19,24.098377227783203
2013-06-20,23.691946029663086
2013-06-21,24.316465377807617
2013-06-24,23.731599807739258
2013-06-25,24.03890037536621
2013-06-26,23.949682235717773
2013-06-27,24.44533348083496
2013-06-28,24.663415908813477
2013-07-01,24.594026565551758
2013-07-02,24.197507858276367
2013-07-03,24.306549072265625
2013-07-05,24.157855987548828
2013-07-08,24.494897842407227
2013-07-09,25.258195877075195
2013-07-10,25.575407028198242
2013-07-11,25.5853214263916
2013-07-12,25.684450149536133
2013-07-15,26.051231384277344
2013-07-16,26.090883255004883
2013-07-17,26.41800880432129
2013-07-18,25.95210075378418
2013-07-19,25.654712677001953
2013-07-22,25.823226928710938
2013-07-23,25.90253257751465
2013-07-24,26.27922821044922
2013-07-25,34.060890197753906
2013-07-26,33.71393966674805
2013-07-29,35.12157440185547
2013-07-30,37.302425384521484
2013-07-31,36.479652404785156
2013-08-01,37.16364669799805
2013-08-02,37.71876907348633
2013-08-05,38.848846435546875
2013-08-06,38.21441650390625
2013-08-07,38.5316276550293
2013-08-08,38.20450210571289
2013-08-09,38.16484832763672
2013-08-12,37.88729476928711
2013-08-13,36.69773864746094
2013-08-14,36.330955505371094
2013-08-15,36.241737365722656
2013-08-16,36.7572135925293
2013-08-19,37.48086166381836
2013-08-20,38.07563781738281
2013-08-21,37.98642349243164
2013-08-22,38.21441650390625
2013-08-23,40.19700622558594
2013-08-26,40.98012924194336
2013-08-27,39.294925689697266
2013-08-28,40.19700622558594
2013-08-29,40.92064666748047
2013-08-30,40.93056106567383
2013-09-03,41.50550842285156
2013-09-04,41.416297912597656
2013-09-05,42.288639068603516
2013-09-06,43.56740951538086
2013-09-09,43.65662384033203
2013-09-10,43.220462799072266
2013-09-11,44.64792251586914
2013-09-12,44.360443115234375
2013-09-13,43.92427444458008
2013-09-16,42.13994216918945
2013-09-17,44.67765808105469
2013-09-18,44.83626937866211
2013-09-19,45.57973861694336
2013-09-20,47.076595306396484
2013-09-23,46.779205322265625
2013-09-24,48.02824401855469
2013-09-25,49.029449462890625
2013-09-26,49.95134735107422
2013-09-27,50.79395294189453
2013-09-30,49.79273986816406
2013-10-01,49.981082916259766
2013-10-02,49.842308044433594
2013-10-03,48.75188064575195
2013-10-04,50.5956916809082
2013-10-07,50.08021926879883
2013-10-08,46.72964096069336
2013-10-09,46.36286163330078
2013-10-10,48.623008728027344
2013-10-11,48.682498931884766
2013-10-14,49.079002380371094
2013-10-15,49.069095611572266
2013-10-16,50.694820404052734
2013-10-17,51.75551223754883
2013-10-18,53.748008728027344
2013-10-21,53.3812255859375
2013-10-22,52.2214241027832
2013-10-23,51.448204040527344
2013-10-24,51.993412017822266
2013-10-25,51.497772216796875
2013-10-28,49.79273986816406
2013-10-29,48.969970703125
2013-10-30,48.58335876464844
2013-10-31,49.77291488647461
2013-11-01,49.31692123413086
2013-11-04,47.80023956298828
2013-11-05,49.67378616333008
2013-11-06,48.69240951538086
2013-11-07,47.1459846496582
2013-11-08,47.11624526977539
2013-11-11,45.797821044921875
2013-11-12,46.20425796508789
2013-11-13,48.28596878051758
2013-11-14,48.563541412353516
2013-11-15,48.58335876464844
2013-11-18,45.43104553222656
2013-11-19,45.9564323425293
2013-11-20,46.025821685791016
2013-11-21,46.29347229003906
2013-11-22,45.82756423950195
2013-11-25,44.429840087890625
2013-11-26,45.49052047729492
2013-11-27,46.085296630859375
2013-11-29,46.60076904296875
2013-12-02,46.65034103393555
2013-12-03,46.32321548461914
2013-12-04,48.196754455566406
2013-12-05,47.919189453125
2013-12-06,47.522674560546875
2013-12-09,48.41484069824219
2013-12-10,49.812564849853516
2013-12-11,48.95014572143555
2013-12-12,51.378814697265625
2013-12-13,52.85584259033203
2013-12-16,53.34158706665039
2013-12-17,54.3824348449707
2013-12-18,55.08625793457031
2013-12-19,54.57078552246094
2013-12-20,54.640174865722656
2013-12-23,57.26710510253906
2013-12-24,57.455448150634766
2013-12-26,57.227455139160156
2013-12-27,54.9573860168457
2013-12-30,53.24245071411133
2013-12-31,54.17426681518555
2014-01-02,54.23373794555664
2014-01-03,54.085052490234375
2014-01-06,56.70206069946289
2014-01-07,57.415802001953125
2014-01-08,57.72309494018555
2014-01-09,56.72188949584961
2014-01-10,57.43562316894531
2014-01-13,55.42329788208008
2014-01-14,57.23736572265625
2014-01-15,57.09858322143555
2014-01-16,56.69215393066406
2014-01-17,55.809898376464844
2014-01-21,58.000667572021484
2014-01-22,57.00936508178711
2014-01-23,56.13703155517578
2014-01-24,53.97600555419922
2014-01-27,53.083839416503906
2014-01-28,54.65999984741211
2014-01-29,53.06401062011719
2014-01-30,60.54829788208008
2014-01-31,62.02531814575195
2014-02-03,60.94480895996094
2014-02-04,62.20375442504883
2014-02-05,61.64862823486328
2014-02-06,61.61888885498047
2014-02-07,63.76008224487305
2014-02-10,62.996788024902344
2014-02-11,64.28547668457031
2014-02-12,63.88896179199219
2014-02-13,66.743896484375
2014-02-14,66.50597381591797
2014-02-18,66.71414184570312
2014-02-19,67.467529296875
2014-02-20,69.02384948730469
2014-02-21,67.992919921875
2014-02-24,70.16384887695312
2014-02-25,69.241943359375
2014-02-26,68.6570816040039
2014-02-27,68.33987426757812
2014-02-28,67.8640365600586
2014-03-03,66.82320404052734
2014-03-04,68.20109558105469
2014-03-05,70.94696807861328
2014-03-06,70.22333526611328
2014-03-07,69.19239044189453
2014-03-10,71.40296936035156
2014-03-11,69.48977661132812
2014-03-12,70.26296997070312
2014-03-13,68.23082733154297
2014-03-14,67.1304931640625
2014-03-17,68.14161682128906
2014-03-18,68.58769226074219
2014-03-19,67.64595794677734
2014-03-20,66.38701629638672
2014-03-21,66.65467071533203
2014-03-24,63.54199981689453
2014-03-25,64.32514190673828
2014-03-26,59.864295959472656
2014-03-27,60.43925094604492
2014-03-28,59.487606048583984
2014-03-31,59.715606689453125
2014-04-01,62.07488250732422
2014-04-02,62.17401123046875
2014-04-03,58.97213363647461
2014-04-04,56.25598907470703
2014-04-07,56.45423889160156
2014-04-08,57.683448791503906
2014-04-09,61.86671447753906
2014-04-10,58.64500427246094
2014-04-11,58.02048873901367
2014-04-14,58.37735366821289
2014-04-15,58.57561492919922
2014-04-16,59.20013427734375
2014-04-17,58.42691421508789
2014-04-21,60.70690155029297
2014-04-22,62.48131561279297
2014-04-23,60.82585144042969
2014-04-24,60.34012222290039
2014-04-25,57.20762252807617
2014-04-28,55.65129089355469
2014-04-29,57.643798828125
2014-04-30,59.25960159301758
2014-05-01,60.617679595947266
2014-05-02,59.933685302734375
2014-05-05,60.68707275390625
2014-05-06,58.02048873901367
2014-05-07,56.89041519165039
2014-05-08,56.26589584350586
2014-05-09,56.74171829223633
2014-05-12,59.30916976928711
2014-05-13,59.30916976928711
2014-05-14,58.71439743041992
2014-05-15,57.415802001953125
2014-05-16,57.514923095703125
2014-05-19,58.6945686340332
2014-05-20,58.050228118896484
2014-05-21,59.96342849731445
2014-05-22,59.993167877197266
2014-05-23,60.815940856933594
2014-05-27,62.92739486694336
2014-05-28,62.95713806152344
2014-05-29,63.274356842041016
2014-05-30,62.74896240234375
2014-06-02,62.530879974365234
2014-06-03,62.32270431518555
2014-06-04,62.78861618041992
2014-06-05,62.639923095703125
2014-06-06,61.9559326171875
2014-06-09,62.33262252807617
2014-06-10,65.19744873046875
2014-06-11,65.20736694335938
2014-06-12,63.73033905029297
2014-06-13,63.93851852416992
2014-06-16,63.6312141418457
2014-06-17,63.839393615722656
2014-06-18,65.02893829345703
2014-06-19,63.7799072265625
2014-06-20,63.93851852416992
2014-06-23,64.80094146728516
2014-06-24,65.14791107177734
2014-06-25,66.85292053222656
2014-06-26,66.54562377929688
2014-06-27,67.01152801513672
2014-06-30,66.7042236328125
2014-07-01,67.467529296875
2014-07-02,65.87153625488281
2014-07-03,65.71294403076172
2014-07-07,64.72164916992188
2014-07-08,62.21366882324219
2014-07-09,64.40442657470703
2014-07-10,64.30530548095703
2014-07-11,65.76251220703125
2014-07-14,67.30892944335938
2014-07-15,66.58527374267578
2014-07-16,67.07101440429688
2014-07-17,65.83189392089844
2014-07-18,67.82438659667969
2014-07-21,68.79588317871094
2014-07-22,68.6669921875
2014-07-23,70.6694107055664
2014-07-24,74.3272933959961
2014-07-25,74.53546142578125
2014-07-28,74.26780700683594
2014-07-29,73.06834411621094
2014-07-30,74.02989196777344
2014-07-31,72.01757049560547
2014-08-01,71.7301025390625
2014-08-04,72.87007904052734
2014-08-05,72.05722045898438
2014-08-06,71.83914947509766
2014-08-07,72.53304290771484
2014-08-08,72.42399597167969
2014-08-11,72.80070495605469
2014-08-12,72.19601440429688
2014-08-13,73.1278305053711
2014-08-14,73.65321350097656
2014-08-15,72.9890365600586
2014-08-18,73.940673828125
2014-08-19,74.63459777832031
2014-08-20,74.15876770019531
2014-08-21,73.92085266113281
2014-08-22,73.92085266113281
2014-08-25,74.36692810058594
2014-08-26,75.29875183105469
2014-08-27,73.98033905029297
2014-08-28,73.21704864501953
2014-08-29,74.1686782836914
2014-09-02,76.01249694824219
2014-09-03,75.16988372802734
2014-09-04,75.28884887695312
2014-09-05,76.58744812011719
2014-09-08,77.21197509765625
2014-09-09,76.00257110595703
2014-09-10,76.7559585571289
2014-09-11,77.24169158935547
2014-09-12,76.80553436279297
2014-09-15,73.93077087402344
2014-09-16,75.41771697998047
2014-09-17,75.76466369628906
2014-09-18,76.32969665527344
2014-09-19,77.2317886352539
2014-09-22,76.1314468383789
2014-09-23,77.60846710205078
2014-09-24,77.8563003540039
2014-09-25,76.54779052734375
2014-09-26,78.1041259765625
2014-09-29,78.31229400634766
2014-09-30,78.3519515991211
2014-10-01,75.88362884521484
2014-10-02,76.40900421142578
2014-10-03,76.76588439941406
2014-10-06,76.88483428955078
2014-10-07,75.62589263916016
2014-10-08,76.84518432617188
2014-10-09,75.24919891357422
2014-10-10,72.27532196044922
2014-10-13,72.3546142578125
2014-10-14,72.94938659667969
2014-10-15,72.57270050048828
2014-10-16,71.99774932861328
2014-10-17,75.28884887695312
2014-10-20,76.28013610839844
2014-10-21,78.00498962402344
2014-10-22,77.68778228759766
2014-10-23,79.34324645996094
2014-10-24,79.9677505493164
2014-10-27,79.5811538696289
2014-10-28,80.06688690185547
2014-10-29,75.19962310791016
2014-10-30,73.46487426757812
2014-10-31,74.33719635009766
2014-11-03,73.23686981201172
2014-11-04,75.1004867553711
2014-11-05,74.1785888671875
2014-11-06,74.60485076904297
2014-11-07,74.94189453125
2014-11-10,74.34710693359375
2014-11-11,73.96051788330078
2014-11-12,74.0695571899414
2014-11-13,73.60365295410156
2014-11-14,74.22816467285156
2014-11-17,73.59373474121094
2014-11-18,73.6928482055664
2014-11-19,72.691650390625
2014-11-20,72.95930480957031
2014-11-21,73.10800170898438
2014-11-24,73.36573791503906
2014-11-25,74.97163391113281
2014-11-26,76.9443130493164
2014-11-28,77.02360534667969
2014-12-01,74.44624328613281
2014-12-02,74.80311584472656
2014-12-03,74.22816467285156
2014-12-04,74.58502960205078
2014-12-05,75.69528198242188
2014-12-08,75.8538818359375
2014-12-09,76.17109680175781
2014-12-10,75.51683807373047
2014-12-11,77.0533676147461
2014-12-12,77.15248107910156
2014-12-15,76.31977844238281
2014-12-16,74.03982543945312
2014-12-17,75.44746398925781
2014-12-18,77.71752166748047
2014-12-19,79.18462371826172
2014-12-22,80.740966796875
2014-12-23,79.90828704833984
2014-12-24,80.06688690185547
2014-12-26,80.07679748535156
2014-12-29,79.32341766357422
2014-12-30,78.53038787841797
2014-12-31,77.3408203125
2015-01-02,77.7670669555664
2015-01-05,76.51805114746094
2015-01-06,75.48710632324219
2015-01-07,75.48710632324219
2015-01-08,77.49943542480469
2015-01-09,77.0632553100586
2015-01-12,76.05215454101562
2015-01-13,75.78449249267578
2015-01-14,75.61597442626953
2015-01-15,73.40538787841797
2015-01-16,74.52554321289062
2015-01-20,75.57632446289062
2015-01-21,76.07196044921875
2015-01-22,76.97404479980469
2015-01-23,77.15248107910156
2015-01-26,76.8253402709961
2015-01-27,75.12031555175781
2015-01-28,75.57632446289062
2015-01-29,77.32100677490234
2015-01-30,75.24919891357422
2015-02-02,74.33719635009766
2015-02-03,74.74364471435547
2015-02-04,74.97163391113281
2015-02-05,74.9518051147461
2015-02-06,73.82171630859375
2015-02-09,73.7919921875
2015-02-10,74.53546142578125
2015-02-11,75.8439712524414
2015-02-12,75.56641387939453
2015-02-13,75.0806884765625
2015-02-17,74.94189453125
2015-02-18,76.042236328125
2015-02-19,78.72864532470703
2015-02-20,79.20446014404297
2015-02-23,78.1536865234375
2015-02-24,77.7670669555664
2015-02-25,78.8674087524414
2015-02-26,79.71002197265625
2015-02-27,78.28256225585938
2015-03-02,79.0557632446289
2015-03-03,78.90707397460938
2015-03-04,80.19574737548828
2015-03-05,80.50304412841797
2015-03-06,79.3134994506836
2015-03-09,78.74846649169922
2015-03-10,76.87492370605469
2015-03-11,76.89474487304688
2015-03-12,78.242919921875
2015-03-13,77.37057495117188
2015-03-16,77.39039611816406
2015-03-17,78.6691665649414
2015-03-18,80.2056655883789
2015-03-19,82.02965545654297
2015-03-20,83.07051086425781
2015-03-23,83.69503784179688
2015-03-24,84.56736755371094
2015-03-25,82.19817352294922
2015-03-26,82.28739929199219
2015-03-27,82.57487487792969
2015-03-30,82.4757308959961
2015-03-31,81.50425720214844
2015-04-01,80.95906829833984
2015-04-02,80.85000610351562
2015-04-06,81.72235870361328
2015-04-07,81.60338592529297
2015-04-08,81.56375122070312
2015-04-09,81.45470428466797
2015-04-10,81.32583618164062
2015-04-13,82.28739929199219
2015-04-14,82.7929458618164
2015-04-15,81.98998260498047
2015-04-16,81.59347534179688
2015-04-17,80.07679748535156
2015-04-20,82.36669921875
2015-04-21,82.89208221435547
2015-04-22,83.89329528808594
2015-04-23,81.69261169433594
2015-04-24,80.82026672363281
2015-04-27,81.19697570800781
2015-04-28,79.97766876220703
2015-04-29,79.76949310302734
2015-04-30,78.08428955078125
2015-05-01,78.3023910522461
2015-05-04,78.12395477294922
2015-05-05,76.88483428955078
2015-05-06,77.42013549804688
2015-05-07,77.74725341796875
2015-05-08,77.82655334472656
2015-05-11,77.3309097290039
2015-05-12,76.78571319580078
2015-05-13,77.75716400146484
2015-05-14,80.66167449951172
2015-05-15,79.71994018554688
2015-05-18,80.17591094970703
2015-05-19,79.92811584472656
2015-05-20,79.84880065917969
2015-05-21,79.77941131591797
2015-05-22,79.8388900756836
2015-05-26,78.63941955566406
2015-05-27,79.84880065917969
2015-05-28,79.4522933959961
2015-05-29,78.5006332397461
2015-06-01,79.59107208251953
2015-06-02,79.7397689819336
2015-06-03,81.72235870361328
2015-06-04,81.33574676513672
2015-06-05,81.42495727539062
2015-06-08,79.9677505493164
2015-06-09,79.9677505493164
2015-06-10,81.44478607177734
2015-06-11,81.11767578125
2015-06-12,80.82026672363281
2015-06-15,80.00741577148438
2015-06-16,80.35436248779297
2015-06-17,81.0780029296875
2015-06-18,82.1882553100586
2015-06-19,81.79174041748047
2015-06-22,84.00232696533203
2015-06-23,87.11498260498047
2015-06-24,88.08646392822266
2015-06-25,87.21412658691406
2015-06-26,87.24388122558594
2015-06-29,85.05310821533203
2015-06-30,85.02335357666016
2015-07-01,86.1534423828125
2015-07-02,86.5301284790039
2015-07-06,86.78785705566406
2015-07-07,86.46073150634766
2015-07-08,84.90441131591797
2015-07-09,85.13240814208984
2015-07-10,87.18437194824219
2015-07-13,89.31565856933594
2015-07-14,88.89932250976562
2015-07-15,88.97863006591797
2015-07-16,90.05914306640625
2015-07-17,94.1432876586914
2015-07-20,97.05767822265625
2015-07-21,97.53351593017578
2015-07-22,96.19526672363281
2015-07-23,94.60918426513672
2015-07-24,96.10603332519531
2015-07-27,93.35023498535156
2015-07-28,94.46049499511719
2015-07-29,96.14569091796875
2015-07-30,94.38118743896484
2015-07-31,93.19163513183594
2015-08-03,93.32050323486328
2015-08-04,93.24119567871094
2015-08-05,95.60047912597656
2015-08-06,94.2919692993164
2015-08-07,93.4791030883789
2015-08-10,93.33040618896484
2015-08-11,92.80502319335938
2015-08-12,93.37007141113281
2015-08-13,92.61668395996094
2015-08-14,93.5980453491211
2015-08-17,93.11233520507812
2015-08-18,94.34152221679688
2015-08-19,94.48030853271484
2015-08-20,89.77165985107422
2015-08-21,85.3108139038086
2015-08-24,81.37540435791016
2015-08-25,82.2774658203125
2015-08-26,86.4310073852539
2015-08-27,88.94889831542969
2015-08-28,90.21776580810547
2015-08-31,88.65149688720703
2015-09-01,86.47065734863281
2015-09-02,89.10749816894531
2015-09-03,87.38264465332031
2015-09-04,87.4916763305664
2015-09-08,88.7506332397461
2015-09-09,89.6527099609375
2015-09-10,91.1792984008789
2015-09-11,91.24871063232422
2015-09-14,91.50642395019531
2015-09-15,92.09129333496094
2015-09-16,92.63650512695312
2015-09-17,93.51876068115234
2015-09-18,93.57823944091797
2015-09-21,94.7182388305664
2015-09-22,92.15077209472656
2015-09-23,93.15196990966797
2015-09-24,93.58815002441406
2015-09-25,91.96240997314453
2015-09-28,88.43341827392578
2015-09-29,85.91551971435547
2015-09-30,89.1174087524414
2015-10-01,90.15825653076172
2015-10-02,91.26851654052734
2015-10-05,93.19163513183594
2015-10-06,91.9921646118164
2015-10-07,91.59564208984375
2015-10-08,91.6650390625
2015-10-09,92.4283218383789
2015-10-12,93.43946075439453
2015-10-13,93.3006820678711
2015-10-14,93.25110626220703
2015-10-15,95.12466430664062
2015-10-16,96.69091796875
2015-10-19,97.61280822753906
2015-10-20,96.15560150146484
2015-10-21,96.2646484375
2015-10-22,98.8023681640625
2015-10-23,101.30043029785156
2015-10-26,102.86666870117188
2015-10-27,102.79727935791016
2015-10-28,103.29290771484375
2015-10-29,103.96700286865234
2015-10-30,101.08232879638672
2015-11-02,102.41067504882812
2015-11-03,101.6870346069336
2015-11-04,103.03520202636719
2015-11-05,107.813232421875
2015-11-06,106.16767883300781
2015-11-09,105.56298828125
2015-11-10,106.97063446044922
2015-11-11,108.06105041503906
2015-11-12,107.07966613769531
2015-11-13,103.04512023925781
2015-11-16,103.13432312011719
2015-11-17,104.21482849121094
2015-11-18,106.83184814453125
2015-11-19,105.3349838256836
2015-11-20,106.38577270507812
2015-11-23,106.01899719238281
2015-11-24,104.81951141357422
2015-11-25,104.49239349365234
2015-11-27,104.53204345703125
2015-11-30,103.33257293701172
2015-12-01,106.1875228881836
2015-12-02,105.14664459228516
2015-12-03,103.47135162353516
2015-12-04,105.25568389892578
2015-12-07,104.69064331054688
2015-12-08,105.56298828125
2015-12-09,103.68944549560547
2015-12-10,104.5022964477539
2015-12-11,101.23103332519531
2015-12-14,103.7489242553711
2015-12-15,103.639892578125
2015-12-16,105.86038208007812
2015-12-17,105.29534149169922
2015-12-18,103.13432312011719
2015-12-21,103.85796356201172
2015-12-22,104.59152221679688
2015-12-23,103.71916961669922
2015-12-24,104.10578918457031
2015-12-28,105.00786590576172
2015-12-29,106.32627868652344
2015-12-30,105.29534149169922
2015-12-31,103.7489242553711
2016-01-04,101.33016204833984
2016-01-05,101.83573150634766
2016-01-06,102.07362365722656
2016-01-07,97.06758880615234
2016-01-08,96.48273468017578
2016-01-11,96.66117858886719
2016-01-12,98.50496673583984
2016-01-13,94.60918426513672
2016-01-14,97.51368713378906
2016-01-15,94.1432876586914
2016-01-19,94.43073272705078
2016-01-20,93.52867126464844
2016-01-21,93.34032440185547
2016-01-22,97.08740997314453
2016-01-25,96.16551971435547
2016-01-26,96.49263763427734
2016-01-27,93.62779998779297
2016-01-28,108.1601791381836
2016-01-29,111.23319244384766
2016-02-01,114.08812713623047
2016-02-02,113.6123046875
2016-02-03,111.70902252197266
2016-02-04,109.5281753540039
2016-02-05,103.1640625
2016-02-08,98.88166809082031
2016-02-09,98.67347717285156
2016-02-10,100.12077331542969
2016-02-11,101.02287292480469
2016-02-12,101.12199401855469
2016-02-16,100.7254638671875
2016-02-17,104.28421020507812
2016-02-18,102.56928253173828
2016-02-19,103.65969848632812
2016-02-22,106.22715759277344
2016-02-23,104.54195404052734
2016-02-24,105.94959259033203
2016-02-25,107.12922668457031
2016-02-26,106.98054504394531
2016-02-29,105.98922729492188
2016-03-01,108.86399841308594
2016-03-02,108.99286651611328
2016-03-03,108.62609100341797
2016-03-04,107.44644927978516
2016-03-07,104.80960845947266
2016-03-08,105.00786590576172
2016-03-09,106.57411193847656
2016-03-10,106.38577270507812
2016-03-11,108.45756530761719
2016-03-14,108.93340301513672
2016-03-15,109.70660400390625
2016-03-16,111.20343780517578
2016-03-17,110.05354309082031
2016-03-18,110.47981262207031
2016-03-21,110.87632751464844
2016-03-22,111.27284240722656
2016-03-23,111.5603256225586
2016-03-24,112.06588745117188
2016-03-28,112.7003173828125
2016-03-29,115.12899017333984
2016-03-30,113.70152282714844
2016-03-31,113.10675048828125
2016-04-01,115.04967498779297
2016-04-04,111.57024383544922
2016-04-05,111.24311065673828
2016-04-06,112.72013092041016
2016-04-07,112.6507339477539
2016-04-08,109.66694641113281
2016-04-11,108.04121398925781
2016-04-12,109.6471176147461
2016-04-13,109.54800415039062
2016-04-14,109.87511444091797
2016-04-15,108.68558502197266
2016-04-18,109.48851776123047
2016-04-19,111.31250762939453
2016-04-20,111.44136047363281
2016-04-21,112.45249938964844
2016-04-22,109.5975570678711
2016-04-25,109.14157104492188
2016-04-26,107.813232421875
2016-04-27,107.94210052490234
2016-04-28,115.71385192871094
2016-04-29,116.55644989013672
2016-05-02,117.53783416748047
2016-05-03,116.40777587890625
2016-05-04,117.03226470947266
2016-05-05,116.7844467163086
2016-05-06,118.4498291015625
2016-05-09,118.20199584960938
2016-05-10,119.4510269165039
2016-05-11,118.47956848144531
2016-05-12,119.23294830322266
2016-05-13,118.76703643798828
2016-05-16,117.636962890625
2016-05-17,116.3284683227539
2016-05-18,116.62583923339844
2016-05-19,115.79315948486328
2016-05-20,116.3284683227539
2016-05-23,114.96046447753906
2016-05-24,116.67539978027344
2016-05-25,116.86375427246094
2016-05-26,118.43000030517578
2016-05-27,118.34078216552734
2016-05-31,117.77574157714844
2016-06-01,117.74600982666016
2016-06-02,117.89469146728516
2016-06-03,117.438720703125
2016-06-06,117.75592041015625
2016-06-07,116.7348861694336
2016-06-08,117.35939025878906
2016-06-09,117.52790832519531
2016-06-10,115.60481262207031
2016-06-13,112.95806121826172
2016-06-14,113.93943786621094
2016-06-15,113.6023941040039
2016-06-16,113.39421844482422
2016-06-17,112.03614044189453
2016-06-20,112.38310241699219
2016-06-21,113.38430786132812
2016-06-22,112.91841125488281
2016-06-23,114.07820892333984
2016-06-24,111.10433197021484
2016-06-27,108.02142333984375
2016-06-28,111.71892547607422
2016-06-29,113.1662368774414
2016-06-30,113.28518676757812
2016-07-01,113.19597625732422
2016-07-05,113.20587158203125
2016-07-06,115.6841049194336
2016-07-07,114.84149169921875
2016-07-08,116.21940612792969
2016-07-11,116.84393310546875
2016-07-12,116.90340423583984
2016-07-13,115.76342010498047
2016-07-14,116.26898193359375
2016-07-15,115.84272003173828
2016-07-18,118.33087158203125
2016-07-19,119.56007385253906
2016-07-20,120.8586654663086
2016-07-21,119.56007385253906
2016-07-22,119.94667053222656
2016-07-25,120.5711898803711
2016-07-26,120.16476440429688
2016-07-27,122.26631164550781
2016-07-28,123.911865234375
2016-07-29,122.86107635498047
2016-08-01,123.22785186767578
2016-08-02,122.01847839355469
2016-08-03,121.44354248046875
2016-08-04,123.27743530273438
2016-08-05,124.06056213378906
2016-08-08,124.16959381103516
2016-08-09,123.97132110595703
2016-08-10,123.79290008544922
2016-08-11,123.8127212524414
2016-08-12,123.79290008544922
2016-08-15,122.8214340209961
2016-08-16,122.2266616821289
2016-08-17,123.28734588623047
2016-08-18,122.83135223388672
2016-08-19,122.4843978881836
2016-08-22,123.06926727294922
2016-08-23,123.28734588623047
2016-08-24,122.40509033203125
2016-08-25,122.81151580810547
2016-08-26,123.87220764160156
2016-08-29,125.4384536743164
2016-08-30,124.74454498291016
2016-08-31,125.02210998535156
2016-09-01,125.0716781616211
2016-09-02,125.40872192382812
2016-09-06,128.60069274902344
2016-09-07,129.90921020507812
2016-09-08,129.135986328125
2016-09-09,125.99357604980469
2016-09-12,127.56975555419922
2016-09-13,126.10262298583984
2016-09-14,126.65774536132812
2016-09-15,127.23271179199219
2016-09-16,127.94646453857422
2016-09-19,127.53009033203125
2016-09-20,127.5201644897461
2016-09-21,128.80885314941406
2016-09-22,128.94764709472656
2016-09-23,126.84608459472656
2016-09-26,126.20175170898438
2016-09-27,127.56975555419922
2016-09-28,128.10504150390625
2016-09-29,126.9749526977539
2016-09-30,127.15340423583984
2016-10-03,127.64903259277344
2016-10-04,127.0740966796875
2016-10-05,127.35166931152344
2016-10-06,127.61930847167969
2016-10-07,127.86714935302734
2016-10-10,129.10626220703125
2016-10-11,127.75807189941406
2016-10-12,127.92662811279297
2016-10-13,126.70730590820312
2016-10-14,126.76678466796875
2016-10-17,126.42974853515625
2016-10-18,127.45079803466797
2016-10-19,128.97735595703125
2016-10-20,128.8683319091797
2016-10-21,130.92031860351562
2016-10-24,132.11976623535156
2016-10-25,131.13839721679688
2016-10-26,129.89926147460938
2016-10-27,128.56101989746094
2016-10-28,130.14710998535156
2016-10-31,129.84974670410156
2016-11-01,128.37271118164062
2016-11-02,126.06298065185547
2016-11-03,118.95538330078125
2016-11-04,119.6988525390625
2016-11-07,121.08668518066406
2016-11-08,123.1386489868164
2016-11-09,122.10771179199219
2016-11-10,119.7484359741211
2016-11-11,117.98391723632812
2016-11-14,114.07820892333984
2016-11-15,116.17974853515625
2016-11-16,115.3272476196289
2016-11-17,116.76463317871094
2016-11-18,116.00133514404297
2016-11-21,120.70996856689453
2016-11-22,120.41259765625
2016-11-23,119.7880630493164
2016-11-25,119.33207702636719
2016-11-28,119.36181640625
2016-11-29,119.81783294677734
2016-11-30,117.3891372680664
2016-12-01,114.0980453491211
2016-12-02,114.39543914794922
2016-12-05,116.40777587890625
2016-12-06,116.2887954711914
2016-12-07,116.92323303222656
2016-12-08,117.8748779296875
2016-12-09,118.63817596435547
2016-12-12,116.74480438232422
2016-12-13,119.26268768310547
2016-12-14,119.1635513305664
2016-12-15,119.52041625976562
2016-12-16,118.82652282714844
2016-12-19,118.20199584960938
2016-12-20,118.05330657958984
2016-12-21,118.00374603271484
2016-12-22,116.37800598144531
2016-12-23,116.24913787841797
2016-12-27,116.98270416259766
2016-12-28,115.9021987915039
2016-12-29,115.33717346191406
2016-12-30,114.0484619140625
2017-01-03,115.84272003173828
2017-01-04,117.65678405761719
2017-01-05,119.61955261230469
2017-01-06,122.33570098876953
2017-01-09,123.8127212524414
2017-01-10,123.26751708984375
2017-01-11,124.99236297607422
2017-01-12,125.51776123046875
2017-01-13,127.22277069091797
2017-01-17,126.75688171386719
2017-01-18,126.80643463134766
2017-01-19,126.43966674804688
2017-01-20,125.9341049194336
2017-01-23,127.8076400756836
2017-01-24,128.24378967285156
2017-01-25,130.33543395996094
2017-01-26,131.6241455078125
2017-01-27,131.02935791015625
2017-01-30,129.8397979736328
2017-01-31,129.18556213378906
2017-02-01,132.07022094726562
2017-02-02,129.70101928710938
2017-02-03,129.8397979736328
2017-02-06,130.910400390625
2017-02-07,130.6923370361328
2017-02-08,133.03176879882812
2017-02-09,132.97230529785156
2017-02-10,133.02188110351562
2017-02-13,132.8831024169922
2017-02-14,132.68484497070312
2017-02-15,132.2783966064453
2017-02-16,132.67491149902344
2017-02-17,132.36761474609375
2017-02-21,132.55593872070312
2017-02-22,134.93505859375
2017-02-23,134.1816864013672
2017-02-24,134.260986328125
2017-02-27,135.22254943847656
2017-02-28,134.360107421875
2017-03-01,136.22372436523438
2017-03-02,135.56947326660156
2017-03-03,135.9759063720703
2017-03-06,136.22372436523438
2017-03-07,136.10479736328125
2017-03-08,136.52114868164062
2017-03-09,137.03662109375
2017-03-10,137.58180236816406
2017-03-13,138.38478088378906
2017-03-14,138.10720825195312
2017-03-15,138.50372314453125
2017-03-16,138.77137756347656
2017-03-17,138.6226806640625
2017-03-20,138.7218017578125
2017-03-21,137.30426025390625
2017-03-22,138.37486267089844
2017-03-23,138.3153533935547
2017-03-24,139.1183319091797
2017-03-27,139.0985107421875
2017-03-28,140.52593994140625
2017-03-29,141.40821838378906
2017-03-30,141.17030334472656
2017-03-31,140.81344604492188
2017-04-03,141.0414276123047
2017-04-04,140.49623107910156
2017-04-05,140.6151885986328
2017-04-06,139.9410858154297
2017-04-07,139.55450439453125
2017-04-10,139.81222534179688
2017-04-11,138.7019805908203
2017-04-12,138.36492919921875
2017-04-13,138.17660522460938
2017-04-17,140.1889190673828
2017-04-18,139.73292541503906
2017-04-19,141.03152465820312
2017-04-20,142.5481719970703
2017-04-21,142.4292449951172
2017-04-24,144.2036590576172
2017-04-25,145.21478271484375
2017-04-26,145.28419494628906
2017-04-27,146.4142608642578
2017-04-28,148.94203186035156
2017-05-01,151.13282775878906
2017-05-02,151.4500274658203
2017-05-03,150.47857666015625
2017-05-04,149.53683471679688
2017-05-05,148.9321746826172
2017-05-08,149.74502563476562
2017-05-09,149.17005920410156
2017-05-10,148.981689453125
2017-05-11,148.73385620117188
2017-05-12,149.0213623046875
2017-05-15,148.88258361816406
2017-05-16,148.47616577148438
2017-05-17,143.58905029296875
2017-05-18,146.37460327148438
2017-05-19,146.77113342285156
2017-05-22,146.9495849609375
2017-05-23,146.78102111816406
2017-05-24,148.73385620117188
2017-05-25,150.63717651367188
2017-05-26,150.8056640625
2017-05-30,151.05348205566406
2017-05-31,150.14154052734375
2017-06-01,150.21090698242188
2017-06-02,152.27281188964844
2017-06-05,152.29263305664062
2017-06-06,151.479736328125
2017-06-07,151.7870635986328
2017-06-08,153.3632354736328
2017-06-09,148.29774475097656
2017-06-12,147.14781188964844
2017-06-13,149.3682861328125
2017-06-14,148.94203186035156
2017-06-15,148.49598693847656
2017-06-16,149.32867431640625
2017-06-19,151.53924560546875
2017-06-20,150.92465209960938
2017-06-21,152.5701904296875
2017-06-22,152.0646209716797
2017-06-23,153.72012329101562
2017-06-26,152.25299072265625
2017-06-27,149.26919555664062
2017-06-28,151.90602111816406
2017-06-29,149.72515869140625
2017-06-30,149.66571044921875
2017-07-03,147.1378936767578
2017-07-05,149.03125
2017-07-06,147.5244903564453
2017-07-07,150.12168884277344
2017-07-10,152.1637725830078
2017-07-11,153.91835021972656
2017-07-12,157.51675415039062
2017-07-13,157.8736114501953
2017-07-14,158.57745361328125
2017-07-17,158.33953857421875
2017-07-18,161.44229125976562
2017-07-19,162.71115112304688
2017-07-20,163.0977325439453
2017-07-21,162.99862670898438
2017-07-24,164.554931640625
2017-07-25,163.84121704101562
2017-07-26,164.1683349609375
2017-07-27,168.95628356933594
2017-07-28,170.94879150390625
2017-07-31,167.77664184570312
2017-08-01,168.38134765625
2017-08-02,167.8262176513672
2017-08-03,167.12237548828125
2017-08-04,168.14344787597656
2017-08-07,170.4828643798828
2017-08-08,169.73941040039062
2017-08-09,169.68983459472656
2017-08-10,165.94273376464844
2017-08-11,166.6168212890625
2017-08-14,169.26358032226562
2017-08-15,169.5114288330078
2017-08-16,168.5201416015625
2017-08-17,165.45700073242188
2017-08-18,165.9526824951172
2017-08-21,166.3194580078125
2017-08-22,168.16326904296875
2017-08-23,167.2413787841797
2017-08-24,166.27980041503906
2017-08-25,164.87216186523438
2017-08-28,165.78416442871094
2017-08-29,166.58712768554688
2017-08-30,168.44081115722656
2017-08-31,170.47299194335938
2017-09-01,170.5225372314453
2017-09-05,169.23387145996094
2017-09-06,170.5919189453125
2017-09-07,171.7022247314453
2017-09-08,169.46182250976562
2017-09-11,171.9995574951172
2017-09-12,171.45436096191406
2017-09-13,171.54359436035156
2017-09-14,169.47178649902344
2017-09-15,170.14584350585938
2017-09-18,168.530029296875
2017-09-19,171.0181884765625
2017-09-20,170.67123413085938
2017-09-21,169.62045288085938
2017-09-22,169.055419921875
2017-09-25,161.4521942138672
2017-09-26,162.780517578125
2017-09-27,166.22030639648438
2017-09-28,167.2611846923828
2017-09-29,169.38255310058594
2017-10-02,167.99473571777344
2017-10-03,168.48046875
2017-10-04,166.95387268066406
2017-10-05,169.7493438720703
2017-10-06,170.730712890625
2017-10-09,170.99835205078125
2017-10-10,170.0962677001953
2017-10-11,171.2362823486328
2017-10-12,171.04795837402344
2017-10-13,172.22756958007812
2017-10-16,173.0007781982422
2017-10-17,174.5769500732422
2017-10-18,174.4976348876953
2017-10-19,173.0404052734375
2017-10-20,173.456787109375
2017-10-23,169.77908325195312
2017-10-24,170.30445861816406
2017-10-25,169.1149139404297
2017-10-26,169.14466857910156
2017-10-27,176.33152770996094
2017-10-30,178.30422973632812
2017-10-31,178.49256896972656
2017-11-01,181.06991577148438
2017-11-02,177.3624725341797
2017-11-03,177.3624725341797
2017-11-06,178.60159301757812
2017-11-07,178.68092346191406
2017-11-08,177.9969024658203
2017-11-09,177.7392120361328
2017-11-10,176.90650939941406
2017-11-13,177.2137908935547
2017-11-14,176.51988220214844
2017-11-15,176.40089416503906
2017-11-16,178.02664184570312
2017-11-17,177.4417724609375
2017-11-20,177.18405151367188
2017-11-21,180.2769012451172
2017-11-22,179.29551696777344
2017-11-24,181.18885803222656
2017-11-27,181.4366912841797
2017-11-28,180.83200073242188
2017-11-29,173.60545349121094
2017-11-30,175.63760375976562
2017-12-01,173.57571411132812
2017-12-04,169.97735595703125
2017-12-05,171.32550048828125
2017-12-06,174.52737426757812
2017-12-07,178.57183837890625
2017-12-08,177.4417724609375
2017-12-11,177.4814453125
2017-12-12,175.41957092285156
2017-12-13,176.7478790283203
2017-12-14,176.83709716796875
2017-12-15,178.6114959716797
2017-12-18,179.24594116210938
2017-12-19,177.94735717773438
2017-12-20,176.34144592285156
2017-12-21,175.9052734375
2017-12-22,175.65744018554688
2017-12-26,174.4579620361328
2017-12-27,176.07379150390625
2017-12-28,176.37115478515625
2017-12-29,174.92388916015625
2018-01-02,179.8406982421875
2018-01-03,183.06240844726562
2018-01-04,182.72537231445312
2018-01-05,185.22344970703125
2018-01-08,186.64100646972656
2018-01-09,186.23455810546875
2018-01-10,186.20481872558594
2018-01-11,186.1354522705078
2018-01-12,177.80856323242188
2018-01-16,176.83709716796875
2018-01-17,176.0540008544922
2018-01-18,178.2348175048828
2018-01-19,179.7118377685547
2018-01-22,183.75633239746094
2018-01-23,187.70167541503906
2018-01-24,184.92605590820312
2018-01-25,185.84796142578125
2018-01-26,188.3460235595703
2018-01-29,184.3610076904297
2018-01-30,185.49110412597656
2018-01-31,185.26309204101562
2018-02-01,191.4091339111328
2018-02-02,188.6235809326172
2018-02-05,179.68211364746094
2018-02-06,183.69683837890625
2018-02-07,178.6114959716797
2018-02-08,170.08639526367188
2018-02-09,174.5769500732422
2018-02-12,174.87432861328125
2018-02-13,171.64271545410156
2018-02-14,177.95726013183594
2018-02-15,178.3934326171875
2018-02-16,175.81605529785156
2018-02-20,174.477783203125
2018-02-21,176.3612823486328
2018-02-22,177.431884765625
2018-02-23,181.69442749023438
2018-02-26,183.3201446533203
2018-02-27,179.88038635253906
2018-02-28,176.7677001953125
2018-03-01,174.40843200683594
2018-03-02,175.08250427246094
2018-03-05,178.82958984375
2018-03-06,178.21499633789062
2018-03-07,182.11074829101562
2018-03-08,180.75270080566406
2018-03-09,183.6175537109375
2018-03-12,183.1516571044922
2018-03-13,180.29672241210938
2018-03-14,182.5865936279297
2018-03-15,182.2594757080078
2018-03-16,183.478759765625
2018-03-19,171.05784606933594
2018-03-20,166.6862335205078
2018-03-21,167.91543579101562
2018-03-22,163.45460510253906
2018-03-23,158.0025177001953
2018-03-26,158.66665649414062
2018-03-27,150.89492797851562
2018-03-28,151.69786071777344
2018-03-29,158.39901733398438
2018-04-02,154.03729248046875
2018-04-03,154.75103759765625
2018-04-04,153.74984741210938
2018-04-05,157.95291137695312
2018-04-06,155.83155822753906
2018-04-09,156.55519104003906
2018-04-10,163.60328674316406
2018-04-11,164.87216186523438
2018-04-12,162.44345092773438
2018-04-13,163.0878448486328
2018-04-16,163.39512634277344
2018-04-17,167.1918182373047
2018-04-18,164.91180419921875
2018-04-19,166.6366729736328
2018-04-20,164.83250427246094
2018-04-23,164.39634704589844
2018-04-24,158.29986572265625
2018-04-25,158.29986572265625
2018-04-26,172.6439208984375
2018-04-27,172.078857421875
2018-04-30,170.50270080566406
2018-05-01,172.34652709960938
2018-05-02,174.53729248046875
2018-05-03,172.505126953125
2018-05-04,175.0725860595703
2018-05-07,176.4207305908203
2018-05-08,177.3624725341797
2018-05-09,181.06991577148438
2018-05-10,183.91494750976562
2018-05-11,185.36221313476562
2018-05-14,185.01528930664062
2018-05-15,182.71546936035156
2018-05-16,181.605224609375
2018-05-17,182.1603546142578
2018-05-18,181.08975219726562
2018-05-21,182.88397216796875
2018-05-22,182.19998168945312
2018-05-23,185.27301025390625
2018-05-24,184.3114776611328
2018-05-25,183.3102569580078
2018-05-29,184.12310791015625
2018-05-30,186.0363006591797
2018-05-31,190.1105499267578
2018-06-01,192.30130004882812
2018-06-04,191.5974578857422
2018-06-05,191.26043701171875
2018-06-06,189.6743621826172
2018-06-07,186.54183959960938
2018-06-08,187.45388793945312
2018-06-11,189.87261962890625
2018-06-12,190.72512817382812
2018-06-13,190.73504638671875
2018-06-14,195.0967254638672
2018-06-15,194.14511108398438
2018-06-18,196.58367919921875
2018-06-19,195.7708282470703
2018-06-20,200.24154663085938
2018-06-21,199.74594116210938
2018-06-22,199.9838409423828
2018-06-25,194.6407470703125
2018-06-26,197.26768493652344
2018-06-27,194.1351776123047
2018-06-28,194.5218048095703
2018-06-29,192.62841796875
2018-07-02,195.64195251464844
2018-07-03,191.05224609375
2018-07-05,196.72247314453125
2018-07-06,201.4608612060547
2018-07-09,202.9576873779297
2018-07-10,201.7681427001953
2018-07-11,200.77687072753906
2018-07-12,205.1187286376953
2018-07-13,205.5152587890625
2018-07-16,205.42601013183594
2018-07-17,208.16200256347656
2018-07-18,207.5375213623047
2018-07-19,206.27853393554688
2018-07-20,208.11245727539062
2018-07-23,209.07398986816406
2018-07-24,212.80128479003906
2018-07-25,215.6066131591797
2018-07-26,174.7256317138672
2018-07-27,173.36756896972656
2018-07-30,169.57090759277344
2018-07-31,171.07769775390625
2018-08-01,170.15579223632812
2018-08-02,174.8346710205078
2018-08-03,176.2323760986328
2018-08-06,184.07354736328125
2018-08-07,182.2098846435547
2018-08-08,183.56797790527344
2018-08-09,181.4961700439453
2018-08-10,178.69081115722656
2018-08-13,178.48263549804688
2018-08-14,179.53343200683594
2018-08-15,177.9671630859375
2018-08-16,173.17919921875
2018-08-17,172.28704833984375
2018-08-20,170.99835205078125
2018-08-21,171.11732482910156
2018-08-22,172.12844848632812
2018-08-23,171.39488220214844
2018-08-24,173.12960815429688
2018-08-27,175.91517639160156
2018-08-28,174.7256317138672
2018-08-29,174.36874389648438
2018-08-30,176.0936279296875
2018-08-31,174.2002410888672
2018-09-04,169.67002868652344
2018-09-05,165.7246856689453
2018-09-06,161.1151580810547
2018-09-07,161.62069702148438
2018-09-10,162.7508087158203
2018-09-11,164.49546813964844
2018-09-12,160.5897979736328
2018-09-13,159.95533752441406
2018-09-14,160.90701293945312
2018-09-17,159.18214416503906
2018-09-18,158.9045867919922
2018-09-19,161.64053344726562
2018-09-20,164.57479858398438
2018-09-21,161.5116424560547
2018-09-24,163.9700927734375
2018-09-25,163.4744415283203
2018-09-26,165.49668884277344
2018-09-27,167.37022399902344
2018-09-28,163.0283660888672
2018-10-01,161.0259246826172
2018-10-02,157.94300842285156
2018-10-03,161.0160369873047
2018-10-04,157.46717834472656
2018-10-05,155.9604034423828
2018-10-08,155.88113403320312
2018-10-09,156.5254364013672
2018-10-10,150.0622100830078
2018-10-11,152.0150604248047
2018-10-12,152.40167236328125
2018-10-15,152.18360900878906
2018-10-16,157.3977813720703
2018-10-17,158.03221130371094
2018-10-18,153.57142639160156
2018-10-19,152.708984375
2018-10-22,153.43263244628906
2018-10-23,153.0460205078125
2018-10-24,144.76870727539062
2018-10-25,149.6359405517578
2018-10-26,144.1045379638672
2018-10-29,140.85308837890625
2018-10-30,144.9471435546875
2018-10-31,150.4686279296875
2018-11-01,150.4290008544922
2018-11-02,149.04119873046875
2018-11-05,147.3856964111328
2018-11-06,148.63475036621094
2018-11-07,150.21090698242188
2018-11-08,146.58277893066406
2018-11-09,143.69810485839844
2018-11-12,140.31777954101562
2018-11-13,140.92250061035156
2018-11-14,142.96453857421875
2018-11-15,142.59776306152344
2018-11-16,138.3153533935547
2018-11-19,130.4048614501953
2018-11-20,131.2771759033203
2018-11-21,133.6464080810547
2018-11-23,130.58326721191406
2018-11-26,135.1927947998047
2018-11-27,133.8248291015625
2018-11-28,135.56947326660156
2018-11-29,137.47276306152344
2018-11-30,139.38597106933594
2018-12-03,139.86180114746094
2018-12-04,136.7292938232422
2018-12-06,138.41452026367188
2018-12-07,136.22372436523438
2018-12-10,140.6151885986328
2018-12-11,140.84317016601562
2018-12-12,143.2421112060547
2018-12-13,143.74766540527344
2018-12-14,142.80593872070312
2018-12-17,138.96961975097656
2018-12-18,142.40940856933594
2018-12-19,132.08010864257812
2018-12-20,132.2387237548828
2018-12-21,123.8622817993164
2018-12-24,122.98003387451172
2018-12-26,133.01194763183594
2018-12-27,133.34898376464844
2018-12-28,132.0404510498047
2018-12-31,129.94883728027344
2019-01-02,134.49888610839844
2019-01-03,130.59320068359375
2019-01-04,136.74911499023438
2019-01-07,136.84825134277344
2019-01-08,141.2892303466797
2019-01-09,142.97445678710938
2019-01-10,142.94473266601562
2019-01-11,142.5481719970703
2019-01-14,144.12437438964844
2019-01-15,147.65338134765625
2019-01-16,146.2556610107422
2019-01-17,147.009033203125
2019-01-18,148.73385620117188
2019-01-22,146.28538513183594
2019-01-23,143.04383850097656
2019-01-24,144.56051635742188
2019-01-25,147.7128448486328
2019-01-28,146.186279296875
2019-01-29,142.934814453125
2019-01-30,149.11056518554688
2019-01-31,165.2389373779297
2019-02-01,164.2674560546875
2019-02-04,167.77664184570312
2019-02-05,169.67002868652344
2019-02-06,169.00588989257812
2019-02-07,164.93165588378906
2019-02-08,165.87338256835938
2019-02-11,164.34677124023438
2019-02-12,163.60328674316406
2019-02-13,162.64173889160156
2019-02-14,162.52279663085938
2019-02-15,161.08541870117188
2019-02-19,160.87725830078125
2019-02-20,161.14488220214844
2019-02-21,158.64683532714844
2019-02-22,160.48072814941406
2019-02-25,163.18695068359375
2019-02-26,162.70123291015625
2019-02-27,161.39273071289062
2019-02-28,160.04457092285156
2019-03-01,160.86732482910156
2019-03-04,165.91302490234375
2019-03-05,169.76914978027344
2019-03-06,171.00830078125
2019-03-07,167.65769958496094
2019-03-08,168.1236114501953
2019-03-11,170.57211303710938
2019-03-12,170.42343139648438
2019-03-13,171.8607940673828
2019-03-14,168.6886444091797
2019-03-15,164.5351104736328
2019-03-18,159.07310485839844
2019-03-19,160.1634979248047
2019-03-20,163.99981689453125
2019-03-21,164.63426208496094
2019-03-22,162.90940856933594
2019-03-25,164.8424072265625
2019-03-26,166.22030639648438
2019-03-27,164.42605590820312
2019-03-28,164.1088409423828
2019-03-29,165.2389373779297
2019-04-01,167.23146057128906
2019-04-02,172.68356323242188
2019-04-03,172.029296875
2019-04-04,174.48776245117188
2019-04-05,174.19033813476562
2019-04-08,173.40721130371094
2019-04-09,176.0341339111328
2019-04-10,176.2720489501953
2019-04-11,175.9647674560547
2019-04-12,177.54090881347656
2019-04-15,178.0861053466797
2019-04-16,177.31292724609375
2019-04-17,177.2237091064453
2019-04-18,176.7280731201172
2019-04-22,179.8605194091797
2019-04-23,182.18019104003906
2019-04-24,180.99061584472656
2019-04-25,191.57762145996094
2019-04-26,189.8230743408203
2019-04-29,193.0844268798828
2019-04-30,191.71644592285156
2019-05-01,191.34962463378906
2019-05-02,190.85400390625
2019-05-03,193.7683868408203
2019-05-06,192.19227600097656
2019-05-07,188.1180419921875
2019-05-08,187.8900146484375
2019-05-09,187.00778198242188
2019-05-10,186.70046997070312
2019-05-13,179.95968627929688
2019-05-14,179.15673828125
2019-05-15,184.64849853515625
2019-05-16,185.36221313476562
2019-05-17,183.6869354248047
2019-05-20,181.12939453125
2019-05-21,183.2111358642578
2019-05-22,183.70680236816406
2019-05-23,179.29551696777344
2019-05-24,179.48382568359375
2019-05-28,182.70555114746094
2019-05-29,180.60401916503906
2019-05-30,181.4168701171875
2019-05-31,175.9251251220703
2019-06-03,162.72103881835938
2019-06-04,166.0418701171875
2019-06-05,166.70606994628906
2019-06-06,166.8646697998047
2019-06-07,171.8409881591797
2019-06-10,173.29815673828125
2019-06-11,176.5496368408203
2019-06-12,173.51625061035156
2019-06-13,175.9251251220703
2019-06-14,179.75149536132812
2019-06-17,187.3646240234375
2019-06-18,186.829345703125
2019-06-19,185.84796142578125
2019-06-20,187.880126953125
2019-06-21,189.4761199951172
2019-06-24,190.92340087890625
2019-06-25,187.1960906982422
2019-06-26,186.02639770507812
2019-06-27,187.85037231445312
2019-06-28,191.3199005126953
2019-07-01,191.3199005126953
2019-07-02,193.30250549316406
2019-07-03,195.4833221435547
2019-07-05,194.6903076171875
2019-07-08,194.055908203125
2019-07-09,197.47586059570312
2019-07-10,200.9652099609375
2019-07-11,199.47825622558594
2019-07-12,203.0865478515625
2019-07-15,202.1349639892578
2019-07-16,202.06556701660156
2019-07-17,200.04331970214844
2019-07-18,199.03219604492188
2019-07-19,196.63323974609375
2019-07-22,200.5587921142578
2019-07-23,200.5984344482422
2019-07-24,202.87843322753906
2019-07-25,198.96282958984375
2019-07-26,198.01113891601562
2019-07-29,194.2343292236328
2019-07-30,195.32472229003906
2019-07-31,192.53919982910156
2019-08-01,191.05224609375
2019-08-02,187.37457275390625
2019-08-05,180.1479949951172
2019-08-06,182.90380859375
2019-08-07,183.5382537841797
2019-08-08,188.50460815429688
2019-08-09,186.21475219726562
2019-08-12,183.75633239746094
2019-08-13,186.80955505371094
2019-08-14,178.14561462402344
2019-08-15,181.0005340576172
2019-08-16,182.1008758544922
2019-08-19,184.54934692382812
2019-08-20,182.2098846435547
2019-08-21,181.95217895507812
2019-08-22,180.45533752441406
2019-08-23,176.20266723632812
2019-08-26,178.78994750976562
2019-08-27,179.72177124023438
2019-08-28,180.17776489257812
2019-08-29,183.95462036132812
2019-08-30,184.0537109375
2019-09-03,180.80227661132812
2019-09-04,185.5109100341797
2019-09-05,189.23817443847656
2019-09-06,185.8578643798828
2019-09-09,187.1168212890625
2019-09-10,184.54934692382812
2019-09-11,186.8491973876953
2019-09-12,185.83804321289062
2019-09-13,185.56048583984375
2019-09-16,184.5989227294922
2019-09-17,186.4427490234375
2019-09-18,186.50221252441406
2019-09-19,188.48480224609375
2019-09-20,188.27662658691406
2019-09-23,185.19369506835938
2019-09-24,179.7019500732422
2019-09-25,181.2086944580078
2019-09-26,178.5421142578125
2019-09-27,175.55833435058594
2019-09-30,176.52980041503906
2019-10-01,174.279541015625
2019-10-02,173.08009338378906
2019-10-03,177.81849670410156
2019-10-04,178.879150390625
2019-10-07,178.11587524414062
2019-10-08,176.20266723632812
2019-10-09,178.2843780517578
2019-10-10,178.46282958984375
2019-10-11,182.5865936279297
2019-10-14,181.68450927734375
2019-10-15,187.24566650390625
2019-10-16,187.89993286132812
2019-10-17,188.73263549804688
2019-10-18,184.23216247558594
2019-10-21,188.10812377929688
2019-10-22,180.75270080566406
2019-10-23,184.52952575683594
2019-10-24,184.75753784179688
2019-10-25,186.25437927246094
2019-10-28,187.75125122070312
2019-10-29,187.66204833984375
2019-10-30,186.61126708984375
2019-10-31,189.98167419433594
2019-11-01,191.9344940185547
2019-11-04,193.0249481201172
2019-11-05,192.62841796875
2019-11-06,189.88253784179688
2019-11-07,188.7623748779297
2019-11-08,189.17869567871094
2019-11-11,187.95944213867188
2019-11-12,192.77713012695312
2019-11-13,191.5082550048828
2019-11-14,191.46859741210938
2019-11-15,193.4016571044922
2019-11-18,195.68157958984375
2019-11-19,197.58493041992188
2019-11-20,195.7906494140625
2019-11-21,196.2069854736328
2019-11-22,197.08926391601562
2019-11-25,198.05078125
2019-11-26,197.23797607421875
2019-11-27,200.24154663085938
2019-11-29,199.88470458984375
2019-12-02,197.96157836914062
2019-12-03,197.08926391601562
2019-12-04,196.980224609375
2019-12-05,197.62452697753906
2019-12-06,199.29983520507812
2019-12-09,199.58729553222656
2019-12-10,199.12139892578125
2019-12-11,200.49928283691406
2019-12-12,195.03724670410156
2019-12-13,192.4202423095703
2019-12-16,196.19708251953125
2019-12-17,196.66299438476562
2019-12-18,200.73724365234375
2019-12-19,204.26622009277344
2019-12-20,204.50411987304688
2019-12-23,204.38519287109375
2019-12-24,203.3343963623047
2019-12-26,205.98114013671875
2019-12-27,206.28848266601562
2019-12-30,202.63058471679688
2019-12-31,203.46328735351562
2020-01-02,207.953857421875
2020-01-03,206.85350036621094
2020-01-06,210.74929809570312
2020-01-07,211.20529174804688
2020-01-08,213.3465118408203
2020-01-09,216.39967346191406
2020-01-10,216.1617889404297
2020-01-13,219.97825622558594
2020-01-14,217.1530303955078
2020-01-15,219.22483825683594
2020-01-16,219.8394775390625
2020-01-17,220.20623779296875
2020-01-21,219.51234436035156
2020-01-22,219.39337158203125
2020-01-23,217.8469696044922
2020-01-24,216.0428466796875
2020-01-27,212.99952697753906
2020-01-28,215.8940887451172
2020-01-29,221.28675842285156
2020-01-30,207.7060089111328
2020-01-31,200.15235900878906
2020-02-03,202.41250610351562
2020-02-04,208.0033721923828
2020-02-05,208.28097534179688
2020-02-06,209.0145263671875
2020-02-07,210.48162841796875
2020-02-10,211.20529174804688
2020-02-11,205.3863983154297
2020-02-12,208.92529296875
2020-02-13,211.2846221923828
2020-02-14,212.3155059814453
2020-02-18,215.90402221679688
2020-02-19,215.59674072265625
2020-02-20,212.71206665039062
2020-02-21,208.35037231445312
2020-02-24,198.9727020263672
2020-02-25,195.05706787109375
2020-02-26,195.4833221435547
2020-02-27,188.09817504882812
2020-02-28,190.79452514648438
2020-03-02,194.72999572753906
2020-03-03,184.27183532714844
2020-03-04,190.0906982421875
2020-03-05,183.5580596923828
2020-03-06,179.5135955810547
2020-03-09,168.0244598388672
2020-03-10,176.6388702392578
2020-03-11,168.75804138183594
2020-03-12,153.1253204345703
2020-03-13,168.79769897460938
2020-03-16,144.73895263671875
2020-03-17,148.11927795410156
2020-03-18,145.6807098388672
2020-03-19,151.7969970703125
2020-03-20,148.42657470703125
2020-03-23,146.81077575683594
2020-03-24,159.5786590576172
2020-03-25,154.85018920898438
2020-03-26,161.9181365966797
2020-03-27,155.4251251220703
2020-03-30,164.50537109375
2020-03-31,165.3479766845703
2020-04-01,158.21066284179688
2020-04-02,156.81292724609375
2020-04-03,152.8378448486328
2020-04-06,164.1088409423828
2020-04-07,167.3603515625
2020-04-08,172.76287841796875
2020-04-09,173.6649627685547
2020-04-13,173.26841735839844
2020-04-14,176.61900329589844
2020-04-15,175.429443359375
2020-04-16,174.71571350097656
2020-04-17,177.6796875
2020-04-20,176.68838500976562
2020-04-21,169.3131561279297
2020-04-22,180.69322204589844
2020-04-23,183.5184326171875
2020-04-24,188.41542053222656
2020-04-27,185.86778259277344
2020-04-28,181.31777954101562
2020-04-29,192.49954223632812
2020-04-30,202.92796325683594
2020-05-01,200.5092315673828
2020-05-04,203.47317504882812
2020-05-05,205.26742553710938
2020-05-06,206.65524291992188
2020-05-07,209.42092895507812
2020-05-08,210.50148010253906
2020-05-11,211.32421875
2020-05-12,208.2710723876953
2020-05-13,203.31455993652344
2020-05-14,205.00970458984375
2020-05-15,209.0442657470703
2020-05-18,211.33416748046875
2020-05-19,214.99203491210938
2020-05-20,227.96807861328125
2020-05-21,229.37571716308594
2020-05-22,232.86508178710938
2020-05-26,230.1786651611328
2020-05-27,227.14529418945312
2020-05-28,223.4973602294922
2020-05-29,223.13055419921875
2020-06-01,229.8911895751953
2020-06-02,230.69412231445312
2020-06-03,228.1564178466797
2020-06-04,224.32009887695312
2020-06-05,228.76113891601562
2020-06-08,229.38563537597656
2020-06-09,236.59234619140625
2020-06-10,234.6692352294922
2020-06-11,222.47630310058594
2020-06-12,226.5902099609375
2020-06-15,230.47605895996094
2020-06-16,233.5986328125
2020-06-17,233.4796905517578
2020-06-18,233.88613891601562
2020-06-19,236.71131896972656
2020-06-22,237.13754272460938
2020-06-23,240.1312713623047
2020-06-24,231.9828643798828
2020-06-25,233.6283721923828
2020-06-26,214.19898986816406
2020-06-29,218.71929931640625
2020-06-30,225.09335327148438
2020-07-01,235.4821319580078
2020-07-02,231.38803100585938
2020-07-06,238.1883087158203
2020-07-07,238.76329040527344
2020-07-08,241.4595947265625
2020-07-09,242.37158203125
2020-07-10,242.93666076660156
2020-07-13,236.91949462890625
2020-07-14,237.6431121826172
2020-07-15,238.1883087158203
2020-07-16,238.83265686035156
2020-07-17,239.92312622070312
2020-07-20,243.28359985351562
2020-07-21,239.64552307128906
2020-07-22,237.7819061279297
2020-07-23,230.5751953125
2020-07-24,228.70162963867188
2020-07-27,231.4673614501953
2020-07-28,228.11676025390625
2020-07-29,231.25917053222656
2020-07-30,232.45864868164062
2020-07-31,251.46176147460938
2020-08-03,249.76666259765625
2020-08-04,247.6551971435547
2020-08-05,246.95135498046875
2020-08-06,262.970703125
2020-08-07,266.1031494140625
2020-08-10,260.7105407714844
2020-08-11,253.90037536621094
2020-08-12,257.6276550292969
2020-08-13,259.0253601074219
2020-08-14,258.96588134765625
2020-08-17,258.8865966796875
2020-08-18,260.0562744140625
2020-08-19,260.30413818359375
2020-08-20,266.6682434082031
2020-08-21,264.6856384277344
2020-08-24,269.02752685546875
2020-08-25,278.37542724609375
2020-08-26,301.2644348144531
2020-08-27,290.6675109863281
2020-08-28,291.1036376953125
2020-08-31,290.64764404296875
2020-09-01,292.8681945800781
2020-09-02,299.86676025390625
2020-09-03,288.5857849121094
2020-09-04,280.2688293457031
2020-09-08,268.79949951171875
2020-09-09,271.3372497558594
2020-09-10,265.75628662109375
2020-09-11,264.2891540527344
2020-09-14,263.8331604003906
2020-09-15,270.0486145019531
2020-09-16,261.22601318359375
2020-09-17,252.60174560546875
2020-09-18,250.33169555664062
2020-09-21,245.98983764648438
2020-09-22,252.53237915039062
2020-09-23,246.85227966308594
2020-09-24,247.35780334472656
2020-09-25,252.60174560546875
2020-09-28,254.58436584472656
2020-09-29,259.5111083984375
2020-09-30,259.6201477050781
2020-10-01,264.3089294433594
2020-10-02,257.67718505859375
2020-10-05,262.3462219238281
2020-10-06,256.4083557128906
2020-10-07,255.87298583984375
2020-10-08,261.4638671875
2020-10-09,262.1479187011719
2020-10-12,273.3495788574219
2020-10-13,273.7361755371094
2020-10-14,269.45379638671875
2020-10-15,264.3981018066406
2020-10-16,263.6150207519531
2020-10-19,259.1244812011719
2020-10-20,265.2308654785156
2020-10-21,276.30364990234375
2020-10-22,275.6989440917969
2020-10-23,282.3108825683594
2020-10-26,274.69769287109375
2020-10-27,280.82391357421875
2020-10-28,265.3399353027344
2020-10-29,278.3852844238281
2020-10-30,260.819580078125
2020-11-02,259.08477783203125
2020-11-03,262.99053955078125
2020-11-04,284.87835693359375
2020-11-05,292.1147766113281
2020-11-06,290.8558044433594
2020-11-09,276.3432922363281
2020-11-10,270.0584411621094
2020-11-11,274.0732421875
2020-11-12,272.6853942871094
2020-11-13,274.5391540527344
2020-11-16,276.53167724609375
2020-11-17,272.6061096191406
2020-11-18,269.6024475097656
2020-11-19,270.5640563964844
2020-11-20,267.35223388671875
2020-11-23,266.09326171875
2020-11-24,274.5093688964844
2020-11-25,273.19097900390625
2020-11-27,275.3916320800781
2020-11-30,274.55889892578125
2020-12-01,284.0555725097656
2020-12-02,285.01708984375
2020-12-03,279.3964538574219
2020-12-04,277.2651672363281
2020-12-07,283.0939636230469
2020-12-08,280.9329833984375
2020-12-09,275.50067138671875
2020-12-10,274.7076110839844
2020-12-11,271.168701171875
2020-12-14,271.80316162109375
2020-12-15,273.15130615234375
2020-12-16,273.270263671875
2020-12-17,272.09063720703125
2020-12-18,273.9939270019531
2020-12-21,270.41534423828125
2020-12-22,264.7649230957031
2020-12-23,265.7760009765625
2020-12-24,265.07220458984375
2020-12-28,274.58868408203125
2020-12-29,274.37054443359375
2020-12-30,269.5033874511719
2020-12-31,270.7820739746094
2021-01-04,266.59881591796875
2021-01-05,268.6112060546875
2021-01-06,261.017822265625
2021-01-07,266.4006042480469
2021-01-08,265.2408142089844
2021-01-11,254.60415649414062
2021-01-12,248.9042205810547
2021-01-13,249.44944763183594
2021-01-14,243.50167846679688
2021-01-15,249.171875
2021-01-19,258.8271179199219
2021-01-20,265.15155029296875
2021-01-21,270.4946594238281
2021-01-22,272.1104431152344
2021-01-25,275.5898742675781
2021-01-26,279.5947265625
2021-01-27,269.7710266113281
2021-01-28,262.6931457519531
2021-01-29,256.0811767578125
2021-02-01,259.72918701171875
2021-02-02,264.7549743652344
2021-02-03,264.32879638671875
2021-02-04,264.170166015625
2021-02-05,265.7662048339844
2021-02-08,264.2593994140625
2021-02-09,267.1044616699219
2021-02-10,269.5033874511719
2021-02-11,268.0362548828125
2021-02-12,268.1452941894531
2021-02-16,271.5850524902344
2021-02-17,271.18853759765625
2021-02-18,267.04498291015625
2021-02-19,259.2830810546875
2021-02-22,258.06378173828125
2021-02-23,263.5456237792969
2021-02-24,262.0091247558594
2021-02-25,252.47288513183594
2021-02-26,255.3773651123047
2021-03-01,262.6039123535156
2021-03-02,256.74542236328125
2021-03-03,253.18663024902344
2021-03-04,255.39724731445312
2021-03-05,261.9794006347656
2021-03-08,253.08749389648438
2021-03-09,263.4267272949219
2021-03-10,262.593994140625
2021-03-11,271.4957580566406
2021-03-12,266.06353759765625
2021-03-15,271.3669738769531
2021-03-16,276.848876953125
2021-03-17,281.53765869140625
2021-03-18,276.1946105957031
2021-03-19,287.5845031738281
2021-03-22,290.9847106933594
2021-03-23,288.1000671386719
2021-03-24,279.6839904785156
2021-03-25,276.3135681152344
2021-03-26,280.5562438964844
2021-03-29,288.28839111328125
2021-03-30,285.492919921875
2021-03-31,291.9660949707031
2021-04-01,296.0601501464844
2021-04-05,306.220947265625
2021-04-06,303.593994140625
2021-04-07,310.3645324707031
2021-04-08,310.29510498046875
2021-04-09,309.739990234375
2021-04-12,308.8280029296875
2021-04-13,307.06353759765625
2021-04-14,300.1839294433594
2021-04-15,305.140380859375
2021-04-16,303.5146484375
2021-04-19,299.6090087890625
2021-04-20,300.015380859375
2021-04-21,298.8456726074219
2021-04-22,293.938720703125
2021-04-23,298.5086364746094
2021-04-26,300.4019470214844
2021-04-27,300.9274597167969
2021-04-28,304.4266357421875
2021-04-29,326.6416320800781
2021-04-30,322.2501220703125
2021-05-03,319.77191162109375
2021-05-04,315.5886535644531
2021-05-05,312.2776794433594
2021-05-06,317.23419189453125
2021-05-07,316.3023681640625
2021-05-10,303.3065185546875
2021-05-11,303.861572265625
2021-05-12,299.916259765625
2021-05-13,302.6026306152344
2021-05-14,313.1896667480469
2021-05-17,312.71392822265625
2021-05-18,307.26171875
2021-05-19,310.86016845703125
2021-05-20,315.83642578125
2021-05-21,313.4771728515625
2021-05-24,321.8040771484375
2021-05-25,324.93658447265625
2021-05-26,324.80767822265625
2021-05-27,329.8533630371094
2021-05-28,325.8683166503906
2021-06-01,326.2648620605469
2021-06-02,326.2847595214844
2021-06-03,323.2017517089844
2021-06-04,327.4742126464844
2021-06-07,333.6499938964844
2021-06-08,330.77520751953125
2021-06-09,327.3751525878906
2021-06-10,329.5658264160156
2021-06-11,328.3763427734375
2021-06-14,333.83837890625
2021-06-15,333.81854248046875
2021-06-16,328.1979064941406
2021-06-17,333.58062744140625
2021-06-18,326.7902526855469
2021-06-21,329.3973388671875
2021-06-22,336.0787048339844
2021-06-23,337.6250915527344
2021-06-24,340.1925354003906
2021-06-25,338.3982849121094
2021-06-28,352.5440979003906
2021-06-29,348.8267517089844
2021-06-30,344.6831359863281
2021-07-01,351.3049621582031
2021-07-02,351.6123352050781
2021-07-06,349.708984375
2021-07-07,347.4389343261719
2021-07-08,342.6410827636719
2021-07-09,347.36962890625
2021-07-12,350.0856628417969
2021-07-13,349.0249938964844
2021-07-14,344.60382080078125
2021-07-15,341.46142578125
2021-07-16,338.190185546875
2021-07-19,334.01678466796875
2021-07-20,338.6857604980469
2021-07-21,343.216064453125
2021-07-22,348.1328125
2021-07-23,366.5708923339844
2021-07-26,369.2176818847656
2021-07-27,364.60821533203125
2021-07-28,370.03057861328125
2021-07-29,355.2007751464844
2021-07-30,353.1983947753906
2021-08-02,348.8861999511719
2021-08-03,348.1824035644531
2021-08-04,355.79559326171875
2021-08-05,359.810302734375
2021-08-06,360.34564208984375
2021-08-09,358.4621276855469
2021-08-10,357.986328125
2021-08-11,356.8265075683594
2021-08-12,359.49310302734375
2021-08-13,360.0184631347656
2021-08-16,363.3690185546875
2021-08-17,355.3296203613281
2021-08-18,352.3557434082031
2021-08-19,352.02862548828125
2021-08-20,356.2415771484375
2021-08-23,360.18701171875
2021-08-24,362.3282165527344
2021-08-25,365.18316650390625
2021-08-26,361.2080383300781
2021-08-27,369.3861999511719
2021-08-30,377.3463134765625
2021-08-31,376.0774841308594
2021-09-01,378.7242431640625
2021-09-02,372.01312255859375
2021-09-03,372.9845886230469
2021-09-07,378.85302734375
2021-09-08,374.2832336425781
2021-09-09,374.70947265625
2021-09-10,375.3935241699219
2021-09-13,373.232421875
2021-09-14,373.25225830078125
2021-09-15,370.66497802734375
2021-09-16,369.8124084472656
2021-09-17,361.5450744628906
2021-09-20,352.6036682128906
2021-09-21,354.36810302734375
2021-09-22,340.2222900390625
2021-09-23,342.9483642578125
2021-09-24,349.887451171875
2021-09-27,350.5020446777344
2021-09-28,337.6846008300781
2021-09-29,336.6536560058594
2021-09-30,336.43560791015625
2021-10-01,340.0240478515625
2021-10-04,323.3901062011719
2021-10-05,330.0614929199219
2021-10-06,330.7356262207031
2021-10-07,326.3541259765625
2021-10-08,327.1768493652344
2021-10-11,322.61700439453125
2021-10-12,320.95159912109375
2021-10-13,321.71484375
2021-10-14,325.6700744628906
2021-10-15,321.93292236328125
2021-10-18,332.42083740234375
2021-10-19,337.0303649902344
2021-10-20,337.8135070800781
2021-10-21,338.9039306640625
2021-10-22,321.7842102050781
2021-10-25,325.8287353515625
2021-10-26,313.06085205078125
2021-10-27,309.5020751953125
2021-10-28,314.1611633300781
2021-10-29,320.7532653808594
2021-11-01,327.1075134277344
2021-11-02,325.2240295410156
2021-11-03,328.73321533203125
2021-11-04,332.9264221191406
2021-11-05,338.1604309082031
2021-11-08,335.6722717285156
2021-11-09,332.4505615234375
2021-11-10,324.78790283203125
2021-11-11,324.88690185546875
2021-11-12,337.92254638671875
2021-11-15,344.53448486328125
2021-11-16,339.9745178222656
2021-11-17,337.8034973144531
2021-11-18,335.74163818359375
2021-11-19,342.29412841796875
2021-11-22,338.04150390625
2021-11-23,334.314208984375
2021-11-24,338.0910339355469
2021-11-26,330.2201843261719
2021-11-29,335.0874328613281
2021-11-30,321.63555908203125
2021-12-01,307.89617919921875
2021-12-02,307.6880187988281
2021-12-03,304.1689453125
2021-12-06,315.1029357910156
2021-12-07,319.9998779296875
2021-12-08,327.68243408203125
2021-12-09,326.9488830566406
2021-12-10,326.87945556640625
2021-12-13,331.5782470703125
2021-12-14,330.8347473144531
2021-12-15,338.6857604980469
2021-12-16,331.9846496582031
2021-12-17,330.8843078613281
2021-12-20,322.61700439453125
2021-12-21,331.2907409667969
2021-12-22,327.5733947753906
2021-12-23,332.3216857910156
2021-12-27,343.16644287109375
2021-12-28,343.20611572265625
2021-12-29,339.9547119140625
2021-12-30,341.3623046875
2021-12-31,333.4220275878906
2022-01-03,335.59295654296875
2022-01-04,333.60052490234375
2022-01-05,321.34808349609375
2022-01-06,329.5658264160156
2022-01-07,328.9017333984375
2022-01-10,325.2141418457031
2022-01-11,331.459228515625
2022-01-12,330.35894775390625
2022-01-13,323.63800048828125
2022-01-14,329.0107421875
2022-01-18,315.38043212890625
2022-01-19,316.80792236328125
2022-01-20,313.8043212890625
2022-01-21,300.5308532714844
2022-01-24,306.0226135253906
2022-01-25,297.5371398925781
2022-01-26,292.065185546875
2022-01-27,292.07513427734375
2022-01-28,299.0835876464844
2022-01-31,310.53302001953125
2022-02-01,316.2230529785156
2022-02-02,320.1882629394531
2022-02-03,235.69027709960938
2022-02-04,235.02610778808594
2022-02-07,222.95211791992188
2022-02-08,218.2633056640625
2022-02-09,229.98040771484375
2022-02-10,226.08465576171875
2022-02-11,217.63880920410156
2022-02-14,215.8048858642578
2022-02-15,219.076171875
2022-02-16,214.6549835205078
2022-02-17,205.90188598632812
2022-02-18,204.3653564453125
2022-02-22,200.3208770751953
2022-02-23,196.72247314453125
2022-02-24,205.79281616210938
2022-02-25,208.64772033691406
2022-02-28,209.19296264648438
2022-03-01,201.71859741210938
2022-03-02,206.29837036132812
2022-03-03,201.20310974121094
2022-03-04,198.31845092773438
2022-03-07,185.83804321289062
2022-03-08,188.6334991455078
2022-03-09,196.7720489501953
2022-03-10,193.51068115234375
2022-03-11,185.9768524169922
2022-03-14,185.00535583496094
2022-03-15,190.35833740234375
2022-03-16,201.8573760986328
2022-03-17,206.03073120117188
2022-03-18,214.60545349121094
2022-03-21,209.6489715576172
2022-03-22,214.76405334472656
2022-03-23,211.60179138183594
2022-03-24,217.6586456298828
2022-03-25,219.88905334472656
2022-03-28,221.6436004638672
2022-03-29,227.85903930664062
2022-03-30,225.86651611328125
2022-03-31,220.42433166503906
2022-04-01,222.89266967773438
2022-04-04,231.8539581298828
2022-04-05,229.82179260253906
2022-04-06,221.3561553955078
2022-04-07,221.00918579101562
2022-04-08,220.39459228515625
2022-04-11,214.57571411132812
2022-04-12,212.27587890625
2022-04-13,213.11849975585938
2022-04-14,208.35037231445312
2022-04-18,208.9352264404297
2022-04-19,215.41827392578125
2022-04-20,198.6753387451172
2022-04-21,186.43283081054688
2022-04-22,182.50729370117188
2022-04-25,185.36221313476562
2022-04-26,179.37481689453125
2022-04-27,173.4270477294922
2022-04-28,203.9390869140625
2022-04-29,198.72486877441406
2022-05-02,209.29209899902344
2022-05-03,210.18426513671875
2022-05-04,221.46519470214844
2022-05-05,206.46688842773438
2022-05-06,201.9961700439453
2022-05-09,194.5019989013672
2022-05-10,195.92942810058594
2022-05-11,187.09701538085938
2022-05-12,189.57522583007812
2022-05-13,196.89096069335938
2022-05-16,198.2986297607422
2022-05-17,200.85618591308594
2022-05-18,190.5665283203125
2022-05-19,189.62481689453125
2022-05-20,191.85520935058594
2022-05-23,194.5218048095703
2022-05-24,179.7019500732422
2022-05-25,182.22972106933594
2022-05-26,189.9618377685547
2022-05-27,193.43136596679688
2022-05-31,191.95431518554688
2022-06-01,186.99786376953125
2022-06-02,197.12889099121094
2022-06-03,189.11924743652344
2022-06-06,192.55902099609375
2022-06-07,193.9468536376953
2022-06-08,194.92822265625
2022-06-09,182.39825439453125
2022-06-10,174.0416717529297
2022-06-13,162.83006286621094
2022-06-14,162.3046875
2022-06-15,167.8757781982422
2022-06-16,159.46958923339844
2022-06-17,162.31463623046875
2022-06-21,155.68287658691406
2022-06-22,154.49331665039062
2022-06-23,157.36805725097656
2022-06-24,168.67872619628906
2022-06-27,168.01458740234375
2022-06-28,159.28125
2022-06-29,162.5128936767578
2022-06-30,159.8462677001953
2022-07-01,158.63690185546875
2022-07-05,166.7258758544922
2022-07-06,168.29214477539062
2022-07-07,170.69107055664062
2022-07-08,169.39247131347656
2022-07-11,161.4621124267578
2022-07-12,161.84872436523438
2022-07-13,162.06680297851562
2022-07-14,156.67417907714844
2022-07-15,163.26625061035156
2022-07-18,165.77423095703125
2022-07-19,174.24978637695312
2022-07-20,181.4961700439453
2022-07-21,181.57550048828125
2022-07-22,167.79647827148438
2022-07-25,165.19927978515625
2022-07-26,157.76458740234375
2022-07-27,168.10377502441406
2022-07-28,159.32090759277344
2022-07-29,157.71502685546875
2022-08-01,158.53778076171875
2022-08-02,158.7955322265625
2022-08-03,167.33056640625
2022-08-04,169.0851593017578
2022-08-05,165.65530395507812
2022-08-08,168.76795959472656
2022-08-09,167.0629119873047
2022-08-10,176.7875213623047
2022-08-11,175.94493103027344
2022-08-12,178.92872619628906
2022-08-15,179.31533813476562
2022-08-16,177.90768432617188
2022-08-17,173.32794189453125
2022-08-18,173.13958740234375
2022-08-19,166.49789428710938
2022-08-22,161.630615234375
2022-08-23,159.70753479003906
2022-08-24,161.83880615234375
2022-08-25,167.31076049804688
2022-08-26,160.37167358398438
2022-08-29,157.78436279296875
2022-08-30,155.79190063476562
2022-08-31,161.5116424560547
2022-09-01,163.92051696777344
2022-09-02,158.92442321777344
2022-09-06,157.15989685058594
2022-09-07,158.99375915527344
2022-09-08,160.6492462158203
2022-09-09,167.6775360107422
2022-09-12,167.48919677734375
2022-09-13,151.7969970703125
2022-09-14,150.15139770507812
2022-09-15,148.24815368652344
2022-09-16,145.01651000976562
2022-09-19,146.73147583007812
2022-09-20,144.81825256347656
2022-09-21,140.8828125
2022-09-22,141.5767364501953
2022-09-23,139.18771362304688
2022-09-26,135.18289184570312
2022-09-27,133.23001098632812
2022-09-28,140.37728881835938
2022-09-29,135.22254943847656
2022-09-30,134.49888610839844
2022-10-03,137.4033966064453
2022-10-04,139.05885314941406
2022-10-05,137.77017211914062
2022-10-06,137.85935974121094
2022-10-07,132.28829956054688
2022-10-10,132.6253204345703
2022-10-11,127.4210433959961
2022-10-12,126.39009094238281
2022-10-13,129.15582275390625
2022-10-14,125.65653228759766
2022-10-17,132.87313842773438
2022-10-18,131.6439666748047
2022-10-19,132.07022094726562
2022-10-20,130.385009765625
2022-10-21,128.87823486328125
2022-10-24,128.5907440185547
2022-10-25,136.3129425048828
2022-10-26,128.68992614746094
2022-10-27,97.08740997314453
2022-10-28,98.3364486694336
2022-10-31,92.34903717041016
2022-11-01,94.37126922607422
2022-11-02,89.7518310546875
2022-11-03,88.13602447509766
2022-11-04,89.99966430664062
2022-11-07,95.87803649902344
2022-11-08,95.63021850585938
2022-11-09,100.58668518066406
2022-11-10,110.89615631103516
2022-11-11,112.03614044189453
2022-11-14,113.22569274902344
2022-11-15,116.060791015625
2022-11-16,112.24431610107422
2022-11-17,110.47981262207031
2022-11-18,111.0745849609375
2022-11-21,108.90364837646484
2022-11-22,110.46989440917969
2022-11-23,111.26293182373047
2022-11-25,110.44017028808594
2022-11-28,107.83306884765625
2022-11-29,108.50714111328125
2022-11-30,117.07192993164062
2022-12-01,119.39155578613281
2022-12-02,122.41500091552734
2022-12-05,121.36421966552734
2022-12-06,113.1265869140625
2022-12-07,112.93822479248047
2022-12-08,114.32604217529297
2022-12-09,114.89107513427734
2022-12-12,113.71142578125
2022-12-13,119.10408020019531
2022-12-14,120.53153991699219
2022-12-15,115.13890838623047
2022-12-16,118.39034271240234
2022-12-19,113.48343658447266
2022-12-20,116.07070922851562
2022-12-21,118.71746063232422
2022-12-22,116.10045623779297
2022-12-23,117.012451171875
2022-12-27,115.862548828125
2022-12-28,114.61351776123047
2022-12-29,119.21312713623047
2022-12-30,119.29241180419922
2023-01-03,123.65412139892578
2023-01-04,126.26123809814453
2023-01-05,125.83496856689453
2023-01-06,128.88818359375
2023-01-09,128.3429412841797
2023-01-10,131.83229064941406
2023-01-11,131.73318481445312
2023-01-12,135.51991271972656
2023-01-13,135.78758239746094
2023-01-17,134.1816864013672
2023-01-18,131.862060546875
2023-01-19,134.96478271484375
2023-01-20,138.1567840576172
2023-01-23,142.0228271484375
2023-01-24,141.89393615722656
2023-01-25,140.2682342529297
2023-01-26,146.0177459716797
2023-01-27,150.41909790039062
2023-01-30,145.77981567382812
2023-01-31,147.67320251464844
2023-02-01,151.7870635986328
2023-02-02,187.1267547607422
2023-02-03,184.9062042236328
2023-02-06,184.44033813476562
2023-02-07,189.95191955566406
2023-02-08,181.83322143554688
2023-02-09,176.37115478515625
2023-02-10,172.63400268554688
2023-02-13,177.86802673339844
2023-02-14,177.9176025390625
2023-02-15,175.6177978515625
2023-02-16,170.9388885498047
2023-02-17,171.3750457763672
2023-02-21,170.58203125
2023-02-22,169.63035583496094
2023-02-23,170.5423583984375
2023-02-24,168.90675354003906
2023-02-27,168.06411743164062
2023-02-28,173.4171142578125
2023-03-01,171.9103546142578
2023-03-02,173.01071166992188
2023-03-03,183.6373748779297
2023-03-06,183.2904052734375
2023-03-07,182.90380859375
2023-03-08,183.35980224609375
2023-03-09,180.1083526611328
2023-03-10,177.94735717773438
2023-03-13,179.3252410888672
2023-03-14,192.33103942871094
2023-03-15,196.028564453125
2023-03-16,203.14605712890625
2023-03-17,193.9071807861328
2023-03-20,196.08802795410156
2023-03-21,200.4001922607422
2023-03-22,198.07061767578125
2023-03-23,202.50169372558594
2023-03-24,204.21665954589844
2023-03-27,201.0742645263672
2023-03-28,198.9330291748047
2023-03-29,203.56240844726562
2023-03-30,206.03073120117188
2023-03-31,210.0950469970703
2023-04-03,211.21517944335938
2023-04-04,212.850830078125
2023-04-05,209.63902282714844
2023-04-06,214.2188262939453
2023-04-10,212.88055419921875
2023-04-11,211.98843383789062
2023-04-12,212.13711547851562
2023-04-13,218.43182373046875
2023-04-14,219.5618896484375
2023-04-17,216.9547882080078
2023-04-18,215.9932403564453
2023-04-19,213.82232666015625
2023-04-20,211.21517944335938
2023-04-21,211.0367431640625
2023-04-24,210.93763732910156
2023-04-25,205.74325561523438
2023-04-26,207.57713317871094
2023-04-27,236.48330688476562
2023-04-28,238.22799682617188
2023-05-01,241.06307983398438
2023-05-02,237.15740966796875
2023-05-03,234.9666290283203
2023-05-04,231.48719787597656
2023-05-05,230.7536163330078
2023-05-08,231.23934936523438
2023-05-09,231.3384552001953
2023-05-10,231.05101013183594
2023-05-11,233.73741149902344
2023-05-12,231.77467346191406
2023-05-15,236.7806854248047
2023-05-16,236.74105834960938
2023-05-17,240.37908935546875
2023-05-18,244.70114135742188
2023-05-19,243.50167846679688
2023-05-22,246.1583709716797
2023-05-23,244.5921173095703
2023-05-24,247.0406036376953
2023-05-25,250.49032592773438
2023-05-26,259.7589416503906
2023-05-30,260.2347412109375
2023-05-31,262.41558837890625
2023-06-01,270.23687744140625
2023-06-02,270.23687744140625
2023-06-05,269.02752685546875
2023-06-06,268.75982666015625
2023-06-07,261.30535888671875
2023-06-08,262.27679443359375
2023-06-09,262.6435852050781
2023-06-12,268.6904296875
2023-06-13,268.9581604003906
2023-06-14,270.970458984375
2023-06-15,279.3766174316406
2023-06-16,278.55389404296875
2023-06-20,281.8548583984375
2023-06-21,279.1883544921875
2023-06-22,282.40008544921875
2023-06-23,286.216552734375
2023-06-26,276.0458984375
2023-06-27,284.5511169433594
2023-06-28,282.8064880371094
2023-06-29,279.0792541503906
2023-06-30,284.4818420410156
2023-07-03,283.5301513671875
2023-07-05,291.8074035644531
2023-07-06,289.4482116699219
2023-07-07,288.0009460449219
2023-07-10,291.53985595703125
2023-07-11,295.693359375
2023-07-12,306.6471862792969
2023-07-13,310.6817626953125
2023-07-14,306.1812744140625
2023-07-17,307.9159851074219
2023-07-18,309.3335266113281
2023-07-19,313.2591247558594
2023-07-20,299.88653564453125
2023-07-21,291.698486328125
2023-07-24,289.0715026855469
2023-07-25,291.9066162109375
2023-07-26,295.9709167480469
2023-07-27,308.9964599609375
2023-07-28,322.6466979980469
2023-07-31,315.8265686035156
2023-08-01,319.9007568359375
2023-08-02,311.5738830566406
2023-08-03,310.4636535644531
2023-08-04,308.02508544921875
2023-08-07,313.8043212890625
2023-08-08,309.9184265136719
2023-08-09,302.5531311035156
2023-08-10,303.0784912109375
2023-08-11,299.01422119140625
2023-08-14,303.52459716796875
2023-08-15,299.3215026855469
2023-08-16,291.7282409667969
2023-08-17,282.6082458496094
2023-08-18,280.7842712402344
2023-08-21,287.3763732910156
2023-08-22,285.0963439941406
2023-08-23,291.6785583496094
2023-08-24,284.2538146972656
2023-08-25,283.0146789550781
2023-08-28,287.7332458496094
2023-08-29,295.39593505859375
2023-08-30,292.5310974121094
2023-08-31,293.31427001953125
2023-09-01,293.7999572753906
2023-09-05,297.5371398925781
2023-09-06,296.565673828125
2023-09-07,296.0700378417969
2023-09-08,295.2968444824219
2023-09-11,304.8826904296875
2023-09-12,299.0340270996094
2023-09-13,302.4044189453125
2023-09-14,309.0064697265625
2023-09-15,297.6957702636719
2023-09-18,299.916259765625
2023-09-19,302.4143371582031
2023-09-20,297.0613098144531
2023-09-21,293.1556091308594
2023-09-22,296.4764099121094
2023-09-25,298.2112121582031
2023-09-26,296.35748291015625
2023-09-27,295.1481018066406
2023-09-28,301.31396484375
2023-09-29,297.5966796875
2023-10-02,304.1490783691406
2023-10-03,298.32025146484375
2023-10-04,302.9198303222656
2023-10-05,302.1367492675781
2023-10-06,312.6841735839844
2023-10-09,315.5886535644531
2023-10-10,319.0383605957031
2023-10-11,324.9663391113281
2023-10-12,321.338134765625
2023-10-13,311.9505920410156
2023-10-16,318.3543395996094
2023-10-17,321.1795959472656
2023-10-18,314.2107238769531
2023-10-19,310.0869140625
2023-10-20,305.963134765625
2023-10-23,311.2765197753906
2023-10-24,309.8292236328125
2023-10-25,296.9225769042969
2023-10-26,285.83984375
2023-10-27,294.14697265625
2023-10-30,300.0252990722656
2023-10-31,298.64739990234375
2023-11-01,309.13525390625
2023-11-02,308.163818359375
2023-11-03,311.8613586425781
2023-11-06,313.0508728027344
2023-11-07,316.0446472167969
2023-11-08,316.99627685546875
2023-11-09,317.7595520019531
2023-11-10,325.9079895019531
2023-11-13,326.3243408203125
2023-11-14,333.3823547363281
2023-11-15,329.813720703125
2023-11-16,331.2808837890625
2023-11-17,332.1234436035156
2023-11-20,337.0105285644531
2023-11-21,334.0465393066406
2023-11-22,338.51727294921875
2023-11-24,335.2856750488281
2023-11-27,331.7864074707031
2023-11-28,336.0390625
2023-11-29,329.30816650390625
2023-11-30,324.30206298828125
2023-12-01,321.992431640625
2023-12-04,317.23419189453125
2023-12-05,315.519287109375
2023-12-06,314.6865539550781
2023-12-07,323.74700927734375
2023-12-08,329.8533630371094
2023-12-11,322.4483947753906
2023-12-12,331.31060791015625
2023-12-13,331.8260498046875
2023-12-14,330.26971435546875
2023-12-15,332.0044860839844
2023-12-18,341.62005615234375
2023-12-19,347.31005859375
2023-12-20,346.2394714355469
2023-12-21,351.00762939453125
2023-12-22,350.3136901855469
2023-12-26,351.74114990234375
2023-12-27,354.7150573730469
2023-12-28,355.2007751464844
2023-12-29,350.87872314453125
2024-01-02,343.2755126953125
2024-01-03,341.4713439941406
2024-01-04,344.0982971191406
2024-01-05,348.8861999511719
2024-01-08,355.5378112792969
2024-01-09,354.3185119628906
2024-01-10,367.2449951171875
2024-01-11,366.4520263671875
2024-01-12,371.2300109863281
2024-01-16,364.2611999511719
2024-01-17,365.163330078125
2024-01-18,372.8557434082031
2024-01-19,380.11199951171875
2024-01-22,378.4565734863281
2024-01-23,381.8468017578125
2024-01-24,387.2989196777344
2024-01-25,389.75726318359375
2024-01-26,390.708984375
2024-01-29,397.529052734375
2024-01-30,396.57745361328125
2024-01-31,386.7437744140625
2024-02-01,391.3434143066406
2024-02-02,470.8550720214844
2024-02-05,455.4107971191406
2024-02-06,450.7616271972656
2024-02-07,465.50213623046875
2024-02-08,465.9085998535156
2024-02-09,464.0350646972656
2024-02-12,464.8182067871094
2024-02-13,456.1145935058594
2024-02-14,469.1600341796875
2024-02-15,479.81646728515625
2024-02-16,469.19970703125
2024-02-20,467.6433410644531
2024-02-21,464.4480285644531
2024-02-22,482.4095153808594
2024-02-23,480.3255920410156
2024-02-26,478.0530700683594
2024-02-27,483.32244873046875
2024-02-28,480.3156433105469
2024-02-29,486.3788757324219
2024-03-01,498.4556884765625
2024-03-04,494.3772277832031
2024-03-05,486.4681701660156
2024-03-06,492.29327392578125
2024-03-07,508.27008056640625
2024-03-08,502.0777893066406
2024-03-11,479.8888854980469
2024-03-12,495.9252014160156
2024-03-13,491.7772216796875
2024-03-14,488.0658264160156
2024-03-15,480.39501953125
2024-03-18,493.1764221191406
2024-03-19,492.4421081542969
2024-03-20,501.65106201171875
2024-03-21,503.8739318847656
2024-03-22,505.67999267578125
2024-03-25,499.170166015625
2024-03-26,492.0948181152344
2024-03-27,490.080322265625
2024-03-28,481.8636169433594
2024-04-01,487.5895080566406
2024-04-02,493.5635070800781
2024-04-03,502.8617248535156
2024-04-04,507.009765625
2024-04-05,523.3040161132812
2024-04-08,515.2760009765625
2024-04-09,512.944091796875
2024-04-10,515.8515625
2024-04-11,519.156005859375
2024-04-12,507.9822692871094
2024-04-15,496.4016418457031
2024-04-16,495.9351806640625
2024-04-17,490.3879699707031
2024-04-18,497.95953369140625
2024-04-19,477.38824462890625
2024-04-22,478.04315185546875
2024-04-23,492.3031921386719
2024-04-24,489.7230529785156
2024-04-25,438.0019836425781
2024-04-26,439.8973388671875
2024-04-29,429.30902099609375
2024-04-30,426.8778381347656
2024-05-01,435.8287048339844
2024-05-02,438.2996826171875
2024-05-03,448.5010070800781
2024-05-06,462.1159973144531
2024-05-07,464.6563720703125
2024-05-08,468.9830322265625
2024-05-09,471.781494140625
2024-05-10,472.55548095703125
2024-05-13,464.4281311035156
2024-05-14,468.23883056640625
2024-05-15,477.85455322265625
2024-05-16,469.60821533203125
2024-05-17,468.2983093261719
2024-05-20,465.2518005371094
2024-05-21,461.07403564453125
2024-05-22,464.19989013671875
2024-05-23,462.2151794433594
2024-05-24,474.55999755859375
2024-05-28,476.24700927734375
2024-05-29,470.72955322265625
2024-05-30,463.4754943847656
2024-05-31,463.25714111328125
2024-06-03,473.8356018066406
2024-06-04,473.3393859863281
2024-06-05,491.2711486816406
2024-06-06,489.9811096191406
2024-06-07,489.1872253417969
2024-06-10,498.7534484863281
2024-06-11,503.5861511230469
2024-06-12,504.9456787109375
2024-06-13,500.2419128417969
2024-06-14,500.7982482910156
2024-06-17,503.25177001953125
2024-06-18,496.1593322753906
2024-06-20,498.3546142578125
2024-06-21,491.48077392578125
2024-06-24,495.583251953125
2024-06-25,507.19525146484375
2024-06-26,509.69842529296875
2024-06-27,516.0955200195312
2024-06-28,500.85784912109375
2024-07-01,501.3147277832031
2024-07-02,506.10260009765625
2024-07-03,506.5595397949219
2024-07-05,536.3097534179688
2024-07-08,525.7904052734375
2024-07-09,526.4659423828125
2024-07-10,531.1246948242188
2024-07-11,509.2813415527344
2024-07-12,495.54351806640625
2024-07-15,492.8515625
2024-07-16,486.5240478515625
2024-07-17,458.9093933105469
2024-07-18,472.677001953125
2024-07-19,473.6107177734375
2024-07-22,484.1500244140625
2024-07-23,485.431396484375
2024-07-24,458.1941833496094
2024-07-25,450.3866271972656
2024-07-26,462.5946960449219
2024-07-29,462.6045837402344
2024-07-30,460.1014404296875
2024-07-31,471.6637878417969
2024-08-01,494.4210205078125
2024-08-02,484.885009765625
2024-08-05,472.5578308105469
2024-08-06,490.7953796386719
2024-08-07,485.6598815917969
2024-08-08,506.23175048828125
2024-08-09,514.3174438476562
2024-08-12,512.5096435546875
2024-08-13,525.0156860351562
2024-08-14,523.24755859375
2024-08-15,533.7469482421875
2024-08-16,523.9031372070312
2024-08-19,525.7507934570312
2024-08-20,523.2177734375
2024-08-21,531.5914916992188
2024-08-22,528.3829956054688
2024-08-23,524.4793090820312
2024-08-26,517.6451416015625
2024-08-27,515.6385498046875
2024-08-28,513.3341064453125
2024-08-29,514.7643432617188
2024-08-30,517.8338012695312
2024-09-03,508.3475341796875
2024-09-04,509.3210144042969
2024-09-05,513.4134521484375
2024-09-06,496.93414306640625
2024-09-09,501.4240417480469
2024-09-10,501.4240417480469
2024-09-11,508.41705322265625
2024-09-12,522.09521484375
2024-09-13,521.1218872070312
2024-09-16,530.2294311523438
2024-09-17,533.2520751953125
2024-09-18,534.872802734375
2024-09-19,555.9015502929688
2024-09-20,558.1388549804688
2024-09-23,561.1812744140625
2024-09-24,560.1075439453125
2024-09-25,565.0589599609375
2024-09-26,564.5916748046875
2024-09-27,564.1143798828125
2024-09-30,569.1653442382812
2024-10-01,573.1723022460938
2024-10-02,569.5332641601562
2024-10-03,579.4363403320312
2024-10-04,592.5309448242188
2024-10-07,581.4348754882812
2024-10-08,589.4984130859375
2024-10-09,587.1320190429688
2024-10-10,580.4902954101562
2024-10-11,586.5752563476562
2024-10-14,587.0425415039062
2024-10-15,582.9163208007812
2024-10-16,573.4904174804688
2024-10-17,573.6296997070312
2024-10-18,573.1723022460938
2024-10-21,571.8697509765625
2024-10-22,578.6806030273438
2024-10-23,560.4654541015625
2024-10-24,564.5320434570312
2024-10-25,569.9707641601562
2024-10-28,574.8526611328125
2024-10-29,589.88623046875
2024-10-30,588.4146118164062
2024-10-31,564.3331909179688
2024-11-01,563.9155883789062
2024-11-04,557.47265625
2024-11-05,569.1554565429688
2024-11-06,568.777587890625
2024-11-07,588.3152465820312
2024-11-08,585.96875
2024-11-11,579.833984375
2024-11-12,581.4745483398438
2024-11-13,576.68212890625
2024-11-14,573.8583984375
2024-11-15,550.9103393554688
2024-11-18,551.2285766601562
2024-11-19,557.8803100585938
2024-11-20,562.2849731445312
2024-11-21,559.868896484375
2024-11-22,555.9415283203125
2024-11-25,561.877197265625
2024-11-26,570.259033203125
2024-11-27,565.9439697265625
2024-11-29,571.03466796875
2024-12-02,589.4387817382812
2024-12-03,610.1396484375
2024-12-04,610.2688598632812
2024-12-05,605.4466552734375
2024-12-06,620.2018432617188
2024-12-09,610.06005859375
2024-12-10,615.7772827148438
2024-12-11,629.0607299804688
2024-12-12,627.1815795898438
2024-12-13,616.8013305664062
2024-12-16,621.169677734375
2024-12-17,616.3932495117188
2024-12-18,594.2527465820312
2024-12-19,592.6407470703125
2024-12-20,582.3714599609375
2024-12-23,596.899658203125
2024-12-24,604.7608032226562
2024-12-26,600.3824462890625
2024-12-27,596.8598022460938
2024-12-30,588.3319091796875
2024-12-31,582.6301879882812
2025-01-02,596.292724609375
2025-01-03,601.6561279296875
2025-01-06,627.1004638671875
2025-01-07,614.8509521484375
2025-01-08,607.7161254882812
2025-01-10,612.8308715820312
2025-01-13,605.3380126953125
2025-01-14,591.3271484375
2025-01-15,614.084716796875
2025-01-16,608.2933349609375
2025-01-17,609.7561645507812
2025-01-21,613.427978515625
2025-01-22,620.433349609375
2025-01-23,633.3197021484375
2025-01-24,644.305419921875
2025-01-27,656.6344604492188
2025-01-28,671.013427734375
2025-01-29,673.1627197265625
2025-01-30,683.62109375
2025-01-31,685.7903442382812
2025-02-03,694.029541015625
2025-02-04,700.7265014648438
2025-02-05,701.4031982421875
2025-02-06,708.4880981445312
2025-02-07,711.005615234375
2025-02-10,713.87158203125
2025-02-11,716.2596435546875
2025-02-12,721.8123168945312
2025-02-13,724.9767456054688
2025-02-14,733.0467529296875
2025-02-18,712.8465576171875
2025-02-19,700.3085327148438
2025-02-20,691.4224853515625
2025-02-21,680.1880493164062
2025-02-24,664.8438720703125
2025-02-25,654.2661743164062
2025-02-26,670.3864135742188
2025-02-27,655.0025024414062
2025-02-28,664.9135131835938
2025-03-03,651.8281860351562
2025-03-04,636.8521728515625
2025-03-05,653.2411499023438
2025-03-06,624.8416137695312
2025-03-07,622.582763671875
2025-03-10,595.048828125
2025-03-11,602.7308959960938
2025-03-12,616.5127563476562
2025-03-13,587.7349853515625
2025-03-14,605.1494140625
2025-03-17,602.4603881835938
2025-03-18,580.01123046875
2025-03-19,581.7044067382812
2025-03-20,583.6365356445312
2025-03-21,593.84521484375
2025-03-24,616.3541259765625
2025-03-25,623.7841186523438
2025-03-26,608.515869140625
2025-03-27,600.149658203125
2025-03-28,574.4138793945312
2025-03-31,574.0354614257812
2025-04-01,583.6365356445312
2025-04-02,581.5748901367188
2025-04-03,529.4758911132812
2025-04-04,502.6943664550781
2025-04-07,514.1679077148438
2025-04-08,508.3912658691406
2025-04-09,583.4075317382812
2025-04-10,544.0867919921875
2025-04-11,541.3777465820312
2025-04-14,529.3364868164062
2025-04-15,519.4166870117188
2025-04-16,500.28411865234375
2025-04-17,499.45745849609375
2025-04-21,482.705322265625
2025-04-22,498.2622985839844
2025-04-23,518.171630859375
2025-04-24,530.999755859375
2025-04-25,545.0628051757812
2025-04-28,547.5227661132812
2025-04-29,552.203857421875
2025-04-30,546.7858276367188
2025-05-01,569.9022216796875
2025-05-02,594.6122436523438
2025-05-05,596.8531494140625
2025-05-06,584.9413452148438
2025-05-07,594.4029541015625
2025-05-08,595.59814453125
2025-05-09,590.1004638671875
2025-05-12,636.85107421875
2025-05-13,653.3841552734375
2025-05-14,656.7007446289062
2025-05-15,641.2831420898438
2025-05-16,637.7574462890625
2025-05-19,637.8471069335938
2025-05-20,634.5304565429688
2025-05-21,632.9368896484375
2025-05-22,634.0025634765625
2025-05-23,624.5309448242188
2025-05-27,639.7294921875
2025-05-28,640.984375
2025-05-29,642.448486328125
2025-05-30,644.878662109375
2025-06-02,668.1942138671875
2025-06-03,664.1604614257812
2025-06-04,685.1753540039062
2025-06-05,681.8588256835938
2025-06-06,694.89599609375
2025-06-09,691.2607421875
2025-06-10,699.567138671875
2025-06-11,691.3403930664062
2025-06-12,690.5635375976562
2025-06-13,680.1159057617188
2025-06-16,699.8262939453125
2025-06-17,694.9522705078125
2025-06-18,693.4970703125
2025-06-20,680.120849609375
2025-06-23,696.248046875
2025-06-24,709.8733520507812
2025-06-25,706.3648681640625
2025-06-26,723.7180786132812
2025-06-27,731.2333374023438
2025-06-30,735.6788940429688
2025-07-01,716.8704223632812
2025-07-02,711.2389526367188
2025-07-03,716.6611938476562
2025-07-07,716.0032348632812
2025-07-08,718.3157348632812
2025-07-09,730.3861694335938
2025-07-10,724.8642578125
2025-07-11,715.1660766601562
2025-07-14,718.5648803710938
2025-07-15,708.0692749023438
2025-07-16,700.6136474609375
2025-07-17,699.1185913085938
2025-07-18,701.979248046875
2025-07-21,710.6408081054688
2025-07-22,702.5075073242188
2025-07-23,711.2489013671875
2025-07-24,712.4649047851562
2025-07-25,710.351806640625
2025-07-28,715.28564453125
2025-07-29,697.7132568359375
2025-07-30,692.9389038085938
2025-07-31,770.913330078125
2025-08-01,747.5598754882812
2025-08-04,773.833740234375
2025-08-05,760.9660034179688
2025-08-06,769.468017578125
2025-08-07,759.3412475585938
2025-08-08,766.786865234375
2025-08-11,763.3680419921875
2025-08-12,787.419189453125
2025-08-13,777.5315551757812
2025-08-14,779.5748901367188
2025-08-15,782.664794921875
2025-08-18,764.8631591796875
2025-08-19,749.0249633789062
2025-08-20,745.2772827148438
2025-08-21,736.6854858398438
2025-08-22,752.32421875
2025-08-25,750.839111328125
2025-08-26,751.636474609375
2025-08-27,744.9385375976562
2025-08-28,748.65625
2025-08-29,736.2867431640625
2025-09-02,732.70849609375
2025-09-03,734.6421508789062
2025-09-04,746.2042846679688
2025-09-05,749.991943359375
2025-09-08,749.8423461914062
2025-09-09,763.1986083984375
2025-09-10,749.5234375
2025-09-11,748.447021484375
2025-09-12,753.1216430664062
2025-09-15,762.2018432617188
2025-09-16,776.4551391601562
2025-09-17,773.1858520507812
2025-09-18,777.7011108398438
2025-09-19,775.837158203125
2025-09-22,763.1751098632812
2025-09-23,753.4404296875
2025-09-24,758.686767578125
2025-09-25,746.9672241210938
2025-09-26,741.8206787109375
2025-09-29,741.4715576171875
2025-09-30,732.4749755859375
2025-10-01,715.4791259765625
2025-10-02,725.1639404296875
2025-10-03,708.7167358398438
2025-10-06,713.8035278320312
2025-10-07,711.230224609375
2025-10-08,715.9779052734375
2025-10-09,731.6072387695312
2025-10-10,703.4703979492188
2025-10-13,713.8433837890625
2025-10-14,706.8117065429688
2025-10-15,715.6885986328125
2025-10-16,710.2228393554688
2025-10-17,715.0602416992188
2025-10-20,730.2706909179688
2025-10-21,731.3678588867188
2025-10-22,731.5074462890625
2025-10-23,732.095947265625
2025-10-24,736.444580078125
2025-10-27,748.872314453125
2025-10-28,749.49072265625
2025-10-29,749.7200927734375
2025-10-30,664.7410888671875
2025-10-31,646.6680908203125
2025-11-03,636.0557250976562
2025-11-04,625.6926879882812
2025-11-05,634.30029296875
2025-11-06,617.3344116210938
2025-11-07,620.0972290039062
2025-11-10,630.1212158203125
2025-11-11,625.4533081054688
2025-11-12,607.43017578125
2025-11-13,608.3079223632812
2025-11-14,607.8790283203125
2025-11-17,600.4483642578125
2025-11-18,596.1395874023438
2025-11-19,588.7886352539062
2025-11-20,587.6217041015625
2025-11-21,592.70849609375
2025-11-24,611.4596557617188
2025-11-25,634.569580078125
2025-11-26,631.9663696289062
2025-11-28,646.2691650390625
2025-12-01,639.20751953125
2025-12-02,645.42138671875
2025-12-03,637.9408569335938
2025-12-04,659.81396484375
2025-12-05,671.673095703125
2025-12-08,665.0702514648438
2025-12-09,655.2557983398438
2025-12-10,648.4434814453125
2025-12-11,651.016845703125
2025-12-12,642.5587768554688
2025-12-15,646.3570556640625
2025-12-16,655.9798583984375
2025-12-17,648.343505859375
2025-12-18,663.2669067382812
2025-12-19,657.5969848632812
2025-12-22,660.3220825195312
2025-12-23,663.7559814453125
2025-12-24,666.3613891601562
2025-12-26,662.10888671875
2025-12-29,657.5171508789062
2025-12-30,664.7642211914062
2025-12-31,658.9146728515625
2026-01-02,649.2518920898438
2026-01-05,657.616943359375
2026-01-06,659.4437255859375
2026-01-07,647.5349731445312
2026-01-08,644.9096069335938
2026-01-09,651.8970947265625
2026-01-12,640.826904296875
2026-01-13,629.96630859375
2026-01-14,614.4240112304688
2026-01-15,619.694580078125
2026-01-16,619.1455688476562
2026-01-20,603.0443115234375
2026-01-21,611.8685913085938
2026-01-22,646.476806640625
2026-01-23,657.5870361328125
2026-01-26,671.1627807617188
2026-01-27,671.7716674804688
2026-01-28,667.5392456054688
2026-01-29,736.995361328125
2026-01-30,715.2241821289062
2026-02-02,705.152099609375
2026-02-03,690.4683227539062
2026-02-04,667.7987670898438
2026-02-05,669.0166015625
2026-02-06,660.2822265625
2026-02-09,676.0140991210938
2026-02-10,669.5256958007812
2026-02-11,667.4993286132812
2026-02-12,648.6529541015625
2026-02-13,638.630859375
2026-02-17,638.151611328125
2026-02-18,642.0746459960938
2026-02-19,643.6318969726562
2026-02-20,654.4924926757812
2026-02-23,636.1152954101562
2026-02-24,638.16162109375
2026-02-25,652.5260620117188
2026-02-26,655.8401489257812
2026-02-27,647.02587890625
2026-03-02,652.396240234375
2026-03-03,653.91357421875
2026-03-04,666.541015625
2026-03-05,659.393798828125
2026-03-06,643.7117309570312
2026-03-09,646.2373046875
2026-03-10,652.9053344726562
2026-03-11,653.6939086914062
2026-03-12,637.0436401367188
2026-03-13,612.6171875
2026-03-16,626.8690185546875
2026-03-17,622.0834350585938
2026-03-18,615.1099243164062
2026-03-19,606.1382446289062
2026-03-20,593.1102905273438
2026-03-23,603.5006713867188
2026-03-24,592.3709716796875
2026-03-25,594.3391723632812
2026-03-26,547.032958984375
2026-03-27,525.233154296875
2026-03-30,535.8833618164062
2026-03-31,571.6002197265625
2026-04-01,578.6936645507812
2026-04-02,573.9281005859375
2026-04-06,572.4894409179688
2026-04-07,574.5175170898438
2026-04-08,611.8529052734375
2026-04-09,627.8081665039062
2026-04-10,629.2767333984375
2026-04-13,633.9425048828125
2026-04-14,661.8765258789062
2026-04-15,670.9581909179688
2026-04-16,676.2432250976562
2026-04-17,687.9124145507812
2026-04-20,670.2887573242188
2026-04-21,668.220703125
2026-04-22,674.09521484375
2026-04-23,658.5396728515625
2026-04-24,674.4049682617188
2026-04-27,677.9916381835938
2026-04-28,670.7183837890625
2026-04-29,668.5004272460938
2026-04-30,611.3433837890625
2026-05-01,608.1863403320312
2026-05-04,609.8447875976562
2026-05-05,604.3998413085938
2026-05-06,612.3125
2026-05-07,616.2388305664062
2026-05-08,609.0654907226562
2026-05-11,598.3054809570312
2026-05-12,602.441650390625
2026-05-13,616.0590209960938
2026-05-14,617.8573608398438
2026-05-15,613.6612548828125
2026-05-18,610.64404296875
2026-05-19,602.052001953125
2026-05-20,604.499755859375
2026-05-21,606.8175659179688
2026-05-22,609.6949462890625
2026-05-26,611.7730102539062
2026-05-27,634.6718139648438
2026-05-28,634.7017211914062
2026-05-29,631.92431640625
2026-06-01,599.9139404296875
2026-06-02,597.0765991210938
2026-06-03,622.4031372070312
2026-06-04,626.9888916015625
2026-06-05,592.450927734375
2026-06-08,584.8479614257812
2026-06-09,584.0487060546875
2026-06-10,570.4512939453125
2026-06-11,567.9036254882812
2026-06-12,566.4549560546875
2026-06-15,593.47998046875
2026-06-16,600.2100219726562
2026-06-17,567.5800170898438
2026-06-18,577.219970703125
2026-06-22,563.8499755859375
2026-06-23,562.2000122070312
2026-06-24,557.6699829101562
2026-06-25,542.8699951171875
2026-06-26,550.25
2026-06-29,562.5999755859375
2026-06-30,563.2899780273438
2026-07-01,612.9099731445312
2026-07-02,582.9000244140625
2026-07-06,600.2899780273438
2026-07-07,615.5800170898438
2026-07-08,603.1199951171875
2026-07-09,631.47998046875
2026-07-10,669.2100219726562
2026-07-13,656.72998046875
2026-07-14,661.0399780273438
2026-07-15,681.3099975585938
2026-07-16,664.5399780273438
2026-07-17,646.010009765625
2026-07-20,645.8499755859375
2026-07-21,643.8099975585938
2026-07-22,627.1699829101562
2026-07-23,606.0999755859375
2026-07-24,595.1900024414062
2026-07-27,593.8699951171875
2026-07-28,593.4099731445312
2026-07-29,585.6099853515625
2026-07-30,539.030029296875
2026-07-31,556.7100219726562
2026-08-03,590.239990234375
2026-08-04,587.9400024414062
2026-08-05,588.77001953125
2026-08-06,589.9000244140625
2026-08-07,592.0999755859375
2026-08-10,594.9199829101562
2026-08-11,599.1199951171875
2026-08-12,578.8499755859375
2026-08-13,594.969970703125
2026-08-14,589.8499755859375
2026-08-17,568.969970703125
2026-08-18,543.6699829101562
2026-08-19,546.030029296875
2026-08-20,545.8300170898438
2026-08-21,549.9000244140625
