Date,Close
2010-01-04,22.984241485595703
2010-01-05,22.991666793823242
2010-01-06,22.850570678710938
2010-01-07,22.61292839050293
2010-01-08,22.76887321472168
2010-01-11,22.47925567626953
2010-01-12,22.330734252929688
2010-01-13,22.538665771484375
2010-01-14,22.991666793823242
2010-01-15,22.91739845275879
2010-01-19,23.095632553100586
2010-01-20,22.716894149780273
2010-01-21,22.286170959472656
2010-01-22,21.50641441345215
2010-01-25,21.773765563964844
2010-01-26,21.907432556152344
2010-01-27,22.033679962158203
2010-01-28,21.654935836791992
2010-01-29,20.92717170715332
2010-02-01,21.097965240478516
2010-02-02,21.135099411010742
2010-02-03,21.2613525390625
2010-02-04,20.67466926574707
2010-02-05,20.808349609375
2010-02-08,20.585556030273438
2010-02-09,20.800914764404297
2010-02-10,20.78606605529785
2010-02-11,20.882606506347656
2010-02-12,20.741514205932617
2010-02-16,21.15186309814453
2010-02-17,21.330928802490234
2010-02-18,21.614444732666016
2010-02-19,21.465225219726562
2010-02-22,21.43539047241211
2010-02-23,21.13693618774414
2010-02-24,21.360774993896484
2010-02-25,21.3383846282959
2010-02-26,21.390621185302734
2010-03-01,21.651744842529297
2010-03-02,21.233932495117188
2010-03-03,21.233932495117188
2010-03-04,21.360774993896484
2010-03-05,21.330928802490234
2010-03-08,21.360774993896484
2010-03-09,21.487607955932617
2010-03-10,21.614444732666016
2010-03-11,21.771129608154297
2010-03-12,21.838275909423828
2010-03-15,21.85319709777832
2010-03-16,21.91288185119629
2010-03-17,22.106870651245117
2010-03-18,22.091943740844727
2010-03-19,22.077024459838867
2010-03-22,22.084484100341797
2010-03-23,22.293394088745117
2010-03-24,22.121795654296875
2010-03-25,22.3903865814209
2010-03-26,22.129253387451172
2010-03-29,22.077024459838867
2010-03-30,22.211328506469727
2010-03-31,21.85319709777832
2010-04-01,21.75619888305664
2010-04-05,21.838275909423828
2010-04-06,21.875585556030273
2010-04-07,21.89796257019043
2010-04-08,22.323240280151367
2010-04-09,22.636594772338867
2010-04-12,22.62167739868164
2010-04-13,22.718671798706055
2010-04-14,22.994728088378906
2010-04-15,23.032033920288086
2010-04-16,22.882814407348633
2010-04-19,23.158872604370117
2010-04-20,23.397619247436523
2010-04-21,23.375232696533203
2010-04-22,23.420001983642578
2010-04-23,23.099180221557617
2010-04-26,23.21109390258789
2010-04-27,23.017105102539062
2010-04-28,23.061870574951172
2010-04-29,23.129016876220703
2010-04-30,22.785818099975586
2010-05-03,23.024564743041992
2010-05-04,22.47991943359375
2010-05-05,22.271013259887695
2010-05-06,21.621906280517578
2010-05-07,21.047407150268555
2010-05-10,21.592060089111328
2010-05-11,21.547290802001953
2010-05-12,21.96511459350586
2010-05-13,21.815889358520508
2010-05-14,21.584609985351562
2010-05-17,21.592060089111328
2010-05-18,21.434675216674805
2010-05-19,21.164865493774414
2010-05-20,20.317970275878906
2010-05-21,20.115619659423828
2010-05-24,19.68842315673828
2010-05-25,19.538536071777344
2010-05-26,18.744098663330078
2010-05-27,19.486066818237305
2010-05-28,19.3361759185791
2010-06-01,19.40363311767578
2010-06-02,19.830821990966797
2010-06-03,20.13060760498047
2010-06-04,19.32868194580078
2010-06-07,18.953947067260742
2010-06-08,18.819046020507812
2010-06-09,18.5792179107666
2010-06-10,18.73660659790039
2010-06-11,19.23125457763672
2010-06-14,19.11133575439453
2010-06-15,19.920753479003906
2010-06-16,19.725887298583984
2010-06-17,19.76336669921875
2010-06-18,19.81583595275879
2010-06-21,19.44859504699707
2010-06-22,19.313690185546875
2010-06-23,18.96893310546875
2010-06-24,18.73660659790039
2010-06-25,18.384355545043945
2010-06-28,18.219467163085938
2010-06-29,17.47001075744629
2010-06-30,17.245166778564453
2010-07-01,17.357585906982422
2010-07-02,17.440025329589844
2010-07-06,17.852237701416016
2010-07-07,18.211978912353516
2010-07-08,18.294414520263672
2010-07-09,18.18950080871582
2010-07-12,18.60919761657715
2010-07-13,18.834033966064453
2010-07-14,19.066368103027344
2010-07-15,19.118824005126953
2010-07-16,18.654163360595703
2010-07-19,18.90898323059082
2010-07-20,19.096355438232422
2010-07-21,18.8265323638916
2010-07-22,19.36615753173828
2010-07-23,19.343666076660156
2010-07-26,19.561012268066406
2010-07-27,19.605981826782227
2010-07-28,19.44859504699707
2010-07-29,19.508548736572266
2010-07-30,19.343666076660156
2010-08-02,19.733394622802734
2010-08-03,19.605981826782227
2010-08-04,19.283714294433594
2010-08-05,19.01390266418457
2010-08-06,19.148807525634766
2010-08-09,19.193777084350586
2010-08-10,18.789064407348633
2010-08-11,18.63168716430664
2010-08-12,18.354381561279297
2010-08-13,18.286924362182617
2010-08-16,18.36187171936035
2010-08-17,18.618043899536133
2010-08-18,18.700931549072266
2010-08-19,18.414615631103516
2010-08-20,18.256383895874023
2010-08-23,18.294057846069336
2010-08-24,18.11323356628418
2010-08-25,18.158437728881836
2010-08-26,17.94746971130371
2010-08-27,18.030345916748047
2010-08-30,17.811838150024414
2010-08-31,17.683752059936523
2010-09-01,18.007749557495117
2010-09-02,18.037878036499023
2010-09-03,18.301599502563477
2010-09-07,18.052953720092773
2010-09-08,18.030345916748047
2010-09-09,18.090625762939453
2010-09-10,17.97007179260254
2010-09-13,18.91942596435547
2010-09-14,18.859155654907227
2010-09-15,18.926969528198242
2010-09-16,19.085195541381836
2010-09-17,19.002317428588867
2010-09-20,19.160541534423828
2010-09-21,18.94957733154297
2010-09-22,18.54269790649414
2010-09-23,18.407079696655273
2010-09-24,18.67078971862793
2010-09-27,18.63312339782715
2010-09-28,18.595447540283203
2010-09-29,18.459823608398438
2010-09-30,18.452289581298828
2010-10-01,18.36940574645996
2010-10-04,18.015277862548828
2010-10-05,18.3468017578125
2010-10-06,18.407079696655273
2010-10-07,18.482431411743164
2010-10-08,18.512563705444336
2010-10-11,18.527629852294922
2010-10-12,18.70846939086914
2010-10-13,19.092723846435547
2010-10-14,19.009855270385742
2010-10-15,19.243423461914062
2010-10-18,19.454395294189453
2010-10-19,18.91189956665039
2010-10-20,19.070125579833984
2010-10-21,19.153013229370117
2010-10-22,19.12286949157715
2010-10-25,18.979707717895508
2010-10-26,19.514671325683594
2010-10-27,19.627685546875
2010-10-28,19.800987243652344
2010-10-29,20.094825744628906
2010-11-01,20.305805206298828
2010-11-02,20.637327194213867
2010-11-03,20.366079330444336
2010-11-04,20.44896697998047
2010-11-05,20.230459213256836
2010-11-08,20.200321197509766
2010-11-09,20.305805206298828
2010-11-10,20.298263549804688
2010-11-11,20.102373123168945
2010-11-12,19.7934513092041
2010-11-15,19.740703582763672
2010-11-16,19.566347122192383
2010-11-17,19.3843994140625
2010-11-18,19.589080810546875
2010-11-19,19.47536849975586
2010-11-22,19.505693435668945
2010-11-23,19.043262481689453
2010-11-24,19.23278045654297
2010-11-26,19.14181900024414
2010-11-29,19.187297821044922
2010-11-30,19.149394989013672
2010-12-01,19.74070930480957
2010-12-02,20.385074615478516
2010-12-03,20.4836368560791
2010-12-06,20.347179412841797
2010-12-07,20.36992073059082
2010-12-08,20.642831802368164
2010-12-09,20.529125213623047
2010-12-10,20.72623062133789
2010-12-13,20.657995223999023
2010-12-14,20.938491821289062
2010-12-15,21.11285400390625
2010-12-16,21.218984603881836
2010-12-17,21.1507625579834
2010-12-20,21.08253288269043
2010-12-21,21.27962875366211
2010-12-22,21.370594024658203
2010-12-23,21.453998565673828
2010-12-27,21.27962875366211
2010-12-28,21.234140396118164
2010-12-29,21.203821182250977
2010-12-30,21.11285400390625
2010-12-31,21.158340454101562
2011-01-03,21.211402893066406
2011-01-04,21.294795989990234
2011-01-05,21.22657012939453
2011-01-06,21.848201751708984
2011-01-07,21.681419372558594
2011-01-10,21.39334487915039
2011-01-11,21.309961318969727
2011-01-12,21.643505096435547
2011-01-13,21.370594024658203
2011-01-14,21.453998565673828
2011-01-18,21.726905822753906
2011-01-19,21.58287239074707
2011-01-20,21.491893768310547
2011-01-21,21.24172592163086
2011-01-24,21.514636993408203
2011-01-25,21.56770896911621
2011-01-26,21.8178768157959
2011-01-27,21.886110305786133
2011-01-28,21.037046432495117
2011-01-31,21.021881103515625
2011-02-01,21.218984603881836
2011-02-02,21.18108558654785
2011-02-03,20.96123504638672
2011-02-04,21.052213668823242
2011-02-07,21.378185272216797
2011-02-08,21.43882942199707
2011-02-09,21.203821182250977
2011-02-10,20.847515106201172
2011-02-11,20.657995223999023
2011-02-14,20.642831802368164
2011-02-15,20.558950424194336
2011-02-16,20.604707717895508
2011-02-17,20.749595642089844
2011-02-18,20.635204315185547
2011-02-22,20.276798248291016
2011-02-23,20.276798248291016
2011-02-24,20.414066314697266
2011-02-25,20.246299743652344
2011-02-28,20.269168853759766
2011-03-01,19.94889259338379
2011-03-02,19.887887954711914
2011-03-03,19.979400634765625
2011-03-04,19.78875732421875
2011-03-07,19.613367080688477
2011-03-08,19.758258819580078
2011-03-09,19.743003845214844
2011-03-10,19.376970291137695
2011-03-11,19.582860946655273
2011-03-14,19.59048080444336
2011-03-15,19.361713409423828
2011-03-16,18.9041690826416
2011-03-17,18.89653778076172
2011-03-18,18.911787033081055
2011-03-21,19.315963745117188
2011-03-22,19.293075561523438
2011-03-23,19.476099014282227
2011-03-24,19.681989669799805
2011-03-25,19.537109375
2011-03-28,19.376970291137695
2011-03-29,19.437969207763672
2011-03-30,19.529489517211914
2011-03-31,19.361713409423828
2011-04-01,19.430341720581055
2011-04-04,19.483728408813477
2011-04-05,19.659116744995117
2011-04-06,19.941272735595703
2011-04-07,19.979400634765625
2011-04-08,19.88025665283203
2011-04-11,19.811630249023438
2011-04-12,19.55236053466797
2011-04-13,19.544729232788086
2011-04-14,19.384593963623047
2011-04-15,19.34646987915039
2011-04-18,19.12531089782715
2011-04-19,19.178695678710938
2011-04-20,19.64387321472168
2011-04-21,19.460845947265625
2011-04-25,19.529489517211914
2011-04-26,19.971773147583008
2011-04-27,20.11665916442871
2011-04-28,20.368314743041992
2011-04-29,19.765878677368164
2011-05-02,19.567607879638672
2011-05-03,19.681989669799805
2011-05-04,19.872631072998047
2011-05-05,19.666738510131836
2011-05-06,19.727745056152344
2011-05-09,19.69724464416504
2011-05-10,19.57523536682129
2011-05-11,19.338844299316406
2011-05-12,19.308334350585938
2011-05-13,19.087186813354492
2011-05-16,18.736404418945312
2011-05-17,18.820846557617188
2011-05-18,18.95132827758789
2011-05-19,18.974353790283203
2011-05-20,18.79780387878418
2011-05-23,18.55218505859375
2011-05-24,18.536832809448242
2011-05-25,18.567537307739258
2011-05-26,18.935972213745117
2011-05-27,19.005056381225586
2011-05-31,19.19695472717285
2011-06-01,18.751754760742188
2011-06-02,18.59056282043457
2011-06-03,18.352617263793945
2011-06-06,18.429378509521484
2011-06-07,18.467754364013672
2011-06-08,18.375648498535156
2011-06-09,18.3909912109375
2011-06-10,18.1991024017334
2011-06-13,18.452409744262695
2011-06-14,18.59056282043457
2011-06-15,18.222129821777344
2011-06-16,18.42170524597168
2011-06-17,18.621274948120117
2011-06-20,18.782461166381836
2011-06-21,19.005056381225586
2011-06-22,18.920623779296875
2011-06-23,18.90526580810547
2011-06-24,18.651973724365234
2011-06-27,19.342784881591797
2011-06-28,19.803325653076172
2011-06-29,19.665172576904297
2011-06-30,19.95684242248535
2011-07-01,19.972190856933594
2011-07-05,19.97987174987793
2011-07-06,20.210142135620117
2011-07-07,20.547874450683594
2011-07-08,20.663002014160156
2011-07-11,20.440418243408203
2011-07-12,20.3713321685791
2011-07-13,20.440418243408203
2011-07-14,20.317596435546875
2011-07-15,20.5555477142334
2011-07-18,20.409706115722656
2011-07-19,21.138906478881836
2011-07-20,20.770471572875977
2011-07-21,20.80117416381836
2011-07-22,21.1312313079834
2011-07-25,21.42289924621582
2011-07-26,21.553390502929688
2011-07-27,20.977710723876953
2011-07-28,21.277063369750977
2011-07-29,21.031442642211914
2011-08-01,20.931652069091797
2011-08-02,20.57089614868164
2011-08-03,20.663002014160156
2011-08-04,19.910795211791992
2011-08-05,19.711219787597656
2011-08-08,18.790132522583008
2011-08-09,19.634462356567383
2011-08-10,18.575218200683594
2011-08-11,19.335115432739258
2011-08-12,19.266029357910156
2011-08-15,19.580738067626953
2011-08-16,19.58073616027832
2011-08-17,19.503488540649414
2011-08-18,19.055490493774414
2011-08-19,18.57659339904785
2011-08-22,18.52252197265625
2011-08-23,19.0941104888916
2011-08-24,19.233142852783203
2011-08-25,18.978248596191406
2011-08-26,19.503488540649414
2011-08-29,19.959209442138672
2011-08-30,20.260459899902344
2011-08-31,20.54625129699707
2011-09-01,20.245012283325195
2011-09-02,19.928314208984375
2011-09-06,19.704320907592773
2011-09-07,20.082805633544922
2011-09-08,20.252731323242188
2011-09-09,19.881967544555664
2011-09-12,19.99784278869629
2011-09-13,20.113704681396484
2011-09-14,20.469017028808594
2011-09-15,20.847490310668945
2011-09-16,20.947908401489258
2011-09-19,21.017427444458008
2011-09-20,20.83977508544922
2011-09-21,20.075082778930664
2011-09-22,19.356733322143555
2011-09-23,19.356733322143555
2011-09-26,19.650245666503906
2011-09-27,19.827911376953125
2011-09-28,19.758390426635742
2011-09-29,19.65797233581543
2011-09-30,19.22542381286621
2011-10-03,18.947355270385742
2011-10-04,19.57301139831543
2011-10-05,19.99784278869629
2011-10-06,20.34541893005371
2011-10-07,20.275901794433594
2011-10-10,20.80887222290039
2011-10-11,20.8552188873291
2011-10-12,20.824321746826172
2011-10-13,20.994251251220703
2011-10-14,21.063766479492188
2011-10-17,20.83977508544922
2011-10-18,21.094667434692383
2011-10-19,20.95563316345215
2011-10-20,20.886123657226562
2011-10-21,20.978803634643555
2011-10-24,21.00197982788086
2011-10-25,20.70846176147461
2011-10-26,20.538528442382812
2011-10-27,21.048324584960938
2011-10-28,20.83977508544922
2011-10-31,20.569429397583008
2011-11-01,20.075082778930664
2011-11-02,20.090524673461914
2011-11-03,20.49217987060547
2011-11-04,20.275901794433594
2011-11-07,20.700725555419922
2011-11-08,20.978803634643555
2011-11-09,20.237289428710938
2011-11-10,20.299083709716797
2011-11-11,20.785701751708984
2011-11-14,20.669832229614258
2011-11-15,20.80992317199707
2011-11-16,20.288501739501953
2011-11-17,19.876041412353516
2011-11-18,19.68926429748535
2011-11-21,19.455799102783203
2011-11-22,19.29236602783203
2011-11-23,19.0433349609375
2011-11-25,18.91103744506836
2011-11-28,19.354631423950195
2011-11-29,19.331279754638672
2011-11-30,19.90717315673828
2011-12-01,19.67369842529297
2011-12-02,19.62700843811035
2011-12-05,20.000560760498047
2011-12-06,19.96942901611328
2011-12-07,19.9227352142334
2011-12-08,19.76708984375
2011-12-09,20.000560760498047
2011-12-12,19.852697372436523
2011-12-13,20.04725456237793
2011-12-14,19.914955139160156
2011-12-15,19.8916015625
2011-12-16,20.234031677246094
2011-12-19,19.868261337280273
2011-12-20,20.25737953186035
2011-12-21,20.04725456237793
2011-12-22,20.086166381835938
2011-12-23,20.25737953186035
2011-12-27,20.26516342163086
2011-12-28,20.09394073486328
2011-12-29,20.249588012695312
2011-12-30,20.202899932861328
2012-01-03,20.83327293395996
2012-01-04,21.323558807373047
2012-01-05,21.541461944580078
2012-01-06,21.876102447509766
2012-01-09,21.588153839111328
2012-01-10,21.66597557067871
2012-01-11,21.572582244873047
2012-01-12,21.790489196777344
2012-01-13,21.985042572021484
2012-01-17,21.992828369140625
2012-01-18,21.969491958618164
2012-01-19,21.883878707885742
2012-01-20,23.12126922607422
2012-01-23,23.136838912963867
2012-01-24,22.83331871032715
2012-01-25,23.004533767700195
2012-01-26,22.95783042907715
2012-01-27,22.74771499633789
2012-01-30,23.04344367980957
2012-01-31,22.981185913085938
2012-02-01,23.261348724365234
2012-02-02,23.308042526245117
2012-02-03,23.533733367919922
2012-02-06,23.502599716186523
2012-02-07,23.619340896606445
2012-02-08,23.8605899810791
2012-02-09,23.946191787719727
2012-02-10,23.736066818237305
2012-02-13,23.798330307006836
2012-02-14,23.69649887084961
2012-02-15,23.539827346801758
2012-02-16,24.51118278503418
2012-02-17,24.479854583740234
2012-02-21,24.628690719604492
2012-02-22,24.495515823364258
2012-02-23,24.573856353759766
2012-02-24,24.660018920898438
2012-02-27,24.558185577392578
2012-02-28,24.96553611755371
2012-02-29,24.86370086669922
2012-03-01,25.294546127319336
2012-03-02,25.130037307739258
2012-03-05,24.91069984436035
2012-03-06,24.722688674926758
2012-03-07,24.94202995300293
2012-03-08,25.0751953125
2012-03-09,25.059539794921875
2012-03-12,25.09870147705078
2012-03-13,25.592205047607422
2012-03-14,25.670551300048828
2012-03-15,25.73322296142578
2012-03-16,25.53738021850586
2012-03-19,25.224031448364258
2012-03-20,25.059539794921875
2012-03-21,24.996864318847656
2012-03-22,25.06736946105957
2012-03-23,25.0751953125
2012-03-26,25.52954864501953
2012-03-27,25.474712371826172
2012-03-28,25.216201782226562
2012-03-29,25.16136932373047
2012-03-30,25.271034240722656
2012-04-02,25.294546127319336
2012-04-03,25.02036476135254
2012-04-04,24.448514938354492
2012-04-05,24.691356658935547
2012-04-09,24.36235237121582
2012-04-10,23.868825912475586
2012-04-11,23.77483367919922
2012-04-12,24.268342971801758
2012-04-13,24.13516616821289
2012-04-16,24.346677780151367
2012-04-17,24.628690719604492
2012-04-18,24.3936767578125
2012-04-19,24.291845321655273
2012-04-20,25.39636993408203
2012-04-23,25.16136932373047
2012-04-24,25.00470542907715
2012-04-25,25.224031448364258
2012-04-26,25.153532028198242
2012-04-27,25.051694869995117
2012-04-30,25.083032608032227
2012-05-01,25.0751953125
2012-05-02,24.91069984436035
2012-05-03,24.879362106323242
2012-05-04,24.268342971801758
2012-05-07,24.009836196899414
2012-05-08,23.892330169677734
2012-05-09,24.09600257873535
2012-05-10,24.080339431762695
2012-05-11,24.40935707092285
2012-05-14,24.03333854675293
2012-05-15,23.820438385009766
2012-05-16,23.576021194458008
2012-05-17,23.434080123901367
2012-05-18,23.079248428344727
2012-05-21,23.457733154296875
2012-05-22,23.465621948242188
2012-05-23,22.95309829711914
2012-05-24,22.921560287475586
2012-05-25,22.913673400878906
2012-05-29,23.307920455932617
2012-05-30,23.134450912475586
2012-05-31,23.01617431640625
2012-06-01,22.432695388793945
2012-06-04,22.51154327392578
2012-06-05,22.48000717163086
2012-06-06,23.142337799072266
2012-06-07,23.04771614074707
2012-06-08,23.378889083862305
2012-06-11,22.787513732910156
2012-06-12,23.095029830932617
2012-06-13,22.968870162963867
2012-06-14,23.134450912475586
2012-06-15,23.670629501342773
2012-06-18,23.528701782226562
2012-06-19,24.206804275512695
2012-06-20,24.388154983520508
2012-06-21,23.76525115966797
2012-06-22,24.206804275512695
2012-06-25,23.552358627319336
2012-06-26,23.670629501342773
2012-06-27,23.788904190063477
2012-06-28,23.583892822265625
2012-06-29,24.12006950378418
2012-07-02,24.09642219543457
2012-07-03,24.254114151000977
2012-07-05,24.206804275512695
2012-07-06,23.80467987060547
2012-07-09,23.654863357543945
2012-07-10,23.449848175048828
2012-07-11,23.102916717529297
2012-07-12,22.574613571166992
2012-07-13,23.173873901367188
2012-07-16,23.213306427001953
2012-07-17,23.386770248413086
2012-07-18,24.009679794311523
2012-07-19,24.183156967163086
2012-07-20,23.749479293823242
2012-07-23,23.087154388427734
2012-07-24,22.98463249206543
2012-07-25,22.73232650756836
2012-07-26,22.99251937866211
2012-07-27,23.465621948242188
2012-07-30,23.37099266052246
2012-07-31,23.236955642700195
2012-08-01,23.18964195251465
2012-08-02,23.01617431640625
2012-08-03,23.457733154296875
2012-08-06,23.615436553955078
2012-08-07,23.85987091064453
2012-08-08,23.915061950683594
2012-08-09,24.049102783203125
2012-08-10,23.986021041870117
2012-08-13,23.962366104125977
2012-08-14,23.914751052856445
2012-08-15,23.970308303833008
2012-08-16,24.4306697845459
2012-08-17,24.525917053222656
2012-08-20,24.3989200592041
2012-08-21,24.446542739868164
2012-08-22,24.24017333984375
2012-08-23,24.0179386138916
2012-08-24,24.25605010986328
2012-08-27,24.359235763549805
2012-08-28,24.31160545349121
2012-08-29,24.32748031616211
2012-08-30,24.065567016601562
2012-08-31,24.462413787841797
2012-09-04,24.12111473083496
2012-09-05,24.12111473083496
2012-09-06,24.88308334350586
2012-09-07,24.565603256225586
2012-09-10,24.383045196533203
2012-09-11,24.438608169555664
2012-09-12,24.4306697845459
2012-09-13,24.55766487121582
2012-09-14,24.771961212158203
2012-09-17,24.771961212158203
2012-09-18,24.748153686523438
2012-09-19,24.644969940185547
2012-09-20,24.962461471557617
2012-09-21,24.75609588623047
2012-09-24,24.4306697845459
2012-09-25,24.12111473083496
2012-09-26,23.946496963500977
2012-09-27,23.938562393188477
2012-09-28,23.621076583862305
2012-10-01,23.406770706176758
2012-10-02,23.541702270507812
2012-10-03,23.7004451751709
2012-10-04,23.835376739501953
2012-10-05,23.692508697509766
2012-10-08,23.6369571685791
2012-10-09,23.240097045898438
2012-10-10,23.001972198486328
2012-10-11,22.978166580200195
2012-10-12,23.176593780517578
2012-10-15,23.422645568847656
2012-10-16,23.406770706176758
2012-10-17,23.486143112182617
2012-10-18,23.414701461791992
2012-10-19,22.73210906982422
2012-10-22,22.2241268157959
2012-10-23,22.263824462890625
2012-10-24,22.144756317138672
2012-10-25,22.12887954711914
2012-10-26,22.390811920166016
2012-10-31,22.65273666381836
2012-11-01,23.430585861206055
2012-11-02,23.414701461791992
2012-11-05,23.517887115478516
2012-11-06,23.7004451751709
2012-11-07,23.081342697143555
2012-11-08,22.867040634155273
2012-11-09,22.882917404174805
2012-11-12,22.398740768432617
2012-11-13,21.678531646728516
2012-11-14,21.47847557067871
2012-11-15,21.334426879882812
2012-11-16,21.222387313842773
2012-11-19,21.39044189453125
2012-11-20,21.37442970275879
2012-11-21,21.56649398803711
2012-11-23,22.166675567626953
2012-11-26,21.918594360351562
2012-11-27,21.6705265045166
2012-11-28,21.894594192504883
2012-11-29,21.56649398803711
2012-11-30,21.30241584777832
2012-12-03,21.15036964416504
2012-12-04,21.10236167907715
2012-12-05,21.342418670654297
2012-12-06,21.39044189453125
2012-12-07,21.17437171936035
2012-12-10,21.558496475219727
2012-12-11,21.86258316040039
2012-12-12,21.79856300354004
2012-12-13,21.69454002380371
2012-12-14,21.454465866088867
2012-12-17,21.68653678894043
2012-12-18,22.05464744567871
2012-12-19,21.85457992553711
2012-12-20,22.150672912597656
2012-12-21,21.96661949157715
2012-12-24,21.654521942138672
2012-12-26,21.49447250366211
2012-12-27,21.574499130249023
2012-12-28,21.246395111083984
2012-12-31,21.37442970275879
2013-01-02,22.102659225463867
2013-01-03,21.80657386779785
2013-01-04,21.398447036743164
2013-01-07,21.358428955078125
2013-01-08,21.246395111083984
2013-01-09,21.366432189941406
2013-01-10,21.17437171936035
2013-01-11,21.47046661376953
2013-01-14,21.51848602294922
2013-01-15,21.774555206298828
2013-01-16,21.638519287109375
2013-01-17,21.80657386779785
2013-01-18,21.80657386779785
2013-01-22,21.726547241210938
2013-01-23,22.094655990600586
2013-01-24,22.110654830932617
2013-01-25,22.310718536376953
2013-01-28,22.334728240966797
2013-01-29,22.414749145507812
2013-01-30,22.28671646118164
2013-01-31,21.96661949157715
2013-02-01,22.350736618041992
2013-02-04,21.9586124420166
2013-02-05,22.006629943847656
2013-02-06,21.87859535217285
2013-02-07,21.8305721282959
2013-02-08,22.04663848876953
2013-02-11,22.294713973999023
2013-02-12,22.310718536376953
2013-02-13,22.43075180053711
2013-02-14,22.43875503540039
2013-02-15,22.414749145507812
2013-02-19,22.632606506347656
2013-02-20,22.487363815307617
2013-02-21,22.180761337280273
2013-02-22,22.398616790771484
2013-02-25,22.08394432067871
2013-02-26,22.08394432067871
2013-02-27,22.438962936401367
2013-02-28,22.430883407592773
2013-03-01,22.55191993713379
2013-03-04,22.713294982910156
2013-03-05,22.874664306640625
2013-03-06,22.664880752563477
2013-03-07,22.705224990844727
2013-03-08,22.59226417541504
2013-03-11,22.487363815307617
2013-03-12,22.519641876220703
2013-03-13,22.5277099609375
2013-03-14,22.705224990844727
2013-03-15,22.62453842163086
2013-03-18,22.672943115234375
2013-03-19,22.73749542236328
2013-03-20,22.8504695892334
2013-03-21,22.681018829345703
2013-03-22,22.79397964477539
2013-03-25,22.72136116027832
2013-03-26,22.72136116027832
2013-03-27,22.890798568725586
2013-03-28,23.084449768066406
2013-04-01,23.084449768066406
2013-04-02,23.237754821777344
2013-04-03,23.044113159179688
2013-04-04,23.076383590698242
2013-04-05,23.15706443786621
2013-04-08,23.068317413330078
2013-04-09,23.891319274902344
2013-04-10,24.431921005249023
2013-04-11,23.35072135925293
2013-04-12,23.22968292236328
2013-04-15,23.14900016784668
2013-04-16,23.374919891357422
2013-04-17,23.2619686126709
2013-04-18,23.22968292236328
2013-04-19,24.020414352416992
2013-04-22,24.87569808959961
2013-04-23,24.69011688232422
2013-04-24,25.626083374023438
2013-04-25,25.771318435668945
2013-04-26,25.650283813476562
2013-04-29,26.311922073364258
2013-04-30,26.707277297973633
2013-05-01,26.400676727294922
2013-05-02,26.755691528320312
2013-05-03,27.021955490112305
2013-05-06,27.231735229492188
2013-05-07,26.876728057861328
2013-05-08,26.618532180786133
2013-05-09,26.352252960205078
2013-05-10,26.3764591217041
2013-05-13,26.650802612304688
2013-05-14,27.243946075439453
2013-05-15,27.503955841064453
2013-05-16,27.690839767456055
2013-05-17,28.33271598815918
2013-05-20,28.50336265563965
2013-05-21,28.31647300720215
2013-05-22,28.12146759033203
2013-05-23,27.74771499633789
2013-05-24,27.845212936401367
2013-05-28,28.454605102539062
2013-05-29,28.340843200683594
2013-05-30,28.46272850036621
2013-05-31,28.35709571838379
2013-06-03,28.917741775512695
2013-06-04,28.430227279663086
2013-06-05,28.259592056274414
2013-06-06,28.405855178833008
2013-06-07,28.982746124267578
2013-06-10,28.820247650146484
2013-06-11,28.30835723876953
2013-06-12,28.438352584838867
2013-06-13,28.210844039916992
2013-06-14,27.950843811035156
2013-06-17,28.438352584838867
2013-06-18,28.422109603881836
2013-06-19,28.105222702026367
2013-06-20,27.21143913269043
2013-06-21,27.032690048217773
2013-06-24,27.398326873779297
2013-06-25,27.357696533203125
2013-06-26,27.910215377807617
2013-06-27,28.129596710205078
2013-06-28,28.064594268798828
2013-07-01,27.918336868286133
2013-07-02,27.577077865600586
2013-07-03,27.63395881652832
2013-07-05,27.796451568603516
2013-07-08,27.893959045410156
2013-07-09,27.910215377807617
2013-07-10,28.194595336914062
2013-07-11,28.998998641967773
2013-07-12,28.982746124267578
2013-07-15,29.389005661010742
2013-07-16,29.47026824951172
2013-07-17,29.039621353149414
2013-07-18,28.79587173461914
2013-07-19,25.513267517089844
2013-07-22,26.0089054107666
2013-07-23,25.854524612426758
2013-07-24,25.96828269958496
2013-07-25,25.505142211914062
2013-07-26,25.692028045654297
2013-07-29,25.62702178955078
2013-07-30,25.878902435302734
2013-07-31,25.87078094482422
2013-08-01,25.73264503479004
2013-08-02,25.911399841308594
2013-08-05,25.757028579711914
2013-08-06,25.659521102905273
2013-08-07,26.04953384399414
2013-08-08,26.72393226623535
2013-08-09,26.569557189941406
2013-08-12,26.70768165588379
2013-08-13,26.372201919555664
2013-08-14,26.470388412475586
2013-08-15,26.01215934753418
2013-08-16,26.020349502563477
2013-08-19,25.684864044189453
2013-08-20,25.87306785583496
2013-08-21,25.864883422851562
2013-08-22,26.50312042236328
2013-08-23,28.434185028076172
2013-08-26,27.94324493408203
2013-08-27,27.214996337890625
2013-08-28,27.018611907958984
2013-08-29,27.452285766601562
2013-08-30,27.32955551147461
2013-09-03,26.085803985595703
2013-09-04,25.529394149780273
2013-09-05,25.553945541381836
2013-09-06,25.488483428955078
2013-09-09,25.90579605102539
2013-09-10,26.50312042236328
2013-09-11,26.789505004882812
2013-09-12,26.748586654663086
2013-09-13,27.02679443359375
2013-09-16,26.838590621948242
2013-09-17,26.944971084594727
2013-09-18,27.26409149169922
2013-09-19,27.525924682617188
2013-09-20,26.83041000366211
2013-09-23,26.789505004882812
2013-09-24,26.55220603942871
2013-09-25,26.60129737854004
2013-09-26,26.81405258178711
2013-09-27,27.223176956176758
2013-09-30,27.23135757446289
2013-10-01,27.476835250854492
2013-10-02,27.755037307739258
2013-10-03,27.7059383392334
2013-10-04,27.722312927246094
2013-10-07,27.247726440429688
2013-10-08,27.010427474975586
2013-10-09,27.059524536132812
2013-10-10,27.624113082885742
2013-10-11,27.92687225341797
2013-10-14,28.188709259033203
2013-10-15,28.2214412689209
2013-10-16,28.34417152404785
2013-10-17,28.573280334472656
2013-10-18,28.606021881103516
2013-10-21,28.630563735961914
2013-10-22,28.29509162902832
2013-10-23,27.624113082885742
2013-10-24,27.591398239135742
2013-10-25,29.23607063293457
2013-10-28,29.105154037475586
2013-10-29,29.064247131347656
2013-10-30,29.08060646057129
2013-10-31,28.974227905273438
2013-11-01,29.072423934936523
2013-11-04,29.407909393310547
2013-11-05,29.980670928955078
2013-11-06,31.240779876708984
2013-11-07,30.684375762939453
2013-11-08,30.913484573364258
2013-11-11,30.75802230834961
2013-11-12,30.569807052612305
2013-11-13,31.22442054748535
2013-11-14,31.1098575592041
2013-11-15,30.96257209777832
2013-11-18,30.43890380859375
2013-11-19,30.29050064086914
2013-11-20,30.570810317993164
2013-11-21,30.83462905883789
2013-11-22,30.974788665771484
2013-11-25,31.03249168395996
2013-11-26,30.793420791625977
2013-11-27,30.99951934814453
2013-11-29,31.436491012573242
2013-12-02,31.7003116607666
2013-12-03,31.58489418029785
2013-12-04,32.10429763793945
2013-12-05,31.32931137084961
2013-12-06,31.626129150390625
2013-12-09,31.914663314819336
2013-12-10,31.42000389099121
2013-12-11,31.007780075073242
2013-12-12,30.68622398376465
2013-12-13,30.249271392822266
2013-12-16,30.414165496826172
2013-12-17,30.10912322998047
2013-12-18,30.158588409423828
2013-12-19,29.886518478393555
2013-12-20,30.33995246887207
2013-12-23,30.191560745239258
2013-12-24,30.570810317993164
2013-12-26,30.867605209350586
2013-12-27,30.743942260742188
2013-12-30,30.743942260742188
2013-12-31,30.842880249023438
2014-01-02,30.636764526367188
2014-01-03,30.430652618408203
2014-01-06,29.787578582763672
2014-01-07,30.018434524536133
2014-01-08,29.482534408569336
2014-01-09,29.292909622192383
2014-01-10,29.71337890625
2014-01-13,28.83945655822754
2014-01-14,29.499019622802734
2014-01-15,30.30698013305664
2014-01-16,30.414165496826172
2014-01-17,29.993688583374023
2014-01-21,29.8205509185791
2014-01-22,29.622692108154297
2014-01-23,29.729860305786133
2014-01-24,30.34821319580078
2014-01-27,29.705137252807617
2014-01-28,29.90300941467285
2014-01-29,30.224538803100586
2014-01-30,30.389427185058594
2014-01-31,31.197391510009766
2014-02-03,30.076143264770508
2014-02-04,29.968961715698242
2014-02-05,29.532005310058594
2014-02-06,29.828794479370117
2014-02-07,30.1420955657959
2014-02-10,30.33995246887207
2014-02-11,30.64501190185547
2014-02-12,30.892362594604492
2014-02-13,31.007780075073242
2014-02-14,31.016021728515625
2014-02-18,31.082460403442383
2014-02-19,31.157207489013672
2014-02-20,31.35657501220703
2014-02-21,31.54762077331543
2014-02-24,31.306737899780273
2014-02-25,31.182144165039062
2014-02-26,31.12399673461914
2014-02-27,31.447948455810547
2014-02-28,31.821727752685547
2014-03-03,31.381494522094727
2014-03-04,31.904804229736328
2014-03-05,31.65560531616211
2014-03-06,31.688825607299805
2014-03-07,31.481163024902344
2014-03-10,31.414710998535156
2014-03-11,31.580848693847656
2014-03-12,31.78851318359375
2014-03-13,31.47286605834961
2014-03-14,31.31505584716797
2014-03-17,31.605770111083984
2014-03-18,32.851722717285156
2014-03-19,32.619140625
2014-03-20,33.49962615966797
2014-03-21,33.35841369628906
2014-03-24,33.640830993652344
2014-03-25,33.507930755615234
2014-03-26,33.051082611083984
2014-03-27,32.69390106201172
2014-03-28,33.47470474243164
2014-03-31,34.0478515625
2014-04-01,34.40501022338867
2014-04-02,34.34687423706055
2014-04-03,34.06446075439453
2014-04-04,33.117530822753906
2014-04-07,33.05938720703125
2014-04-08,33.07598876953125
2014-04-09,33.61591339111328
2014-04-10,32.69390106201172
2014-04-11,32.56932067871094
2014-04-14,32.544395446777344
2014-04-15,33.017852783203125
2014-04-16,33.55776596069336
2014-04-17,33.233829498291016
2014-04-21,33.17567443847656
2014-04-22,33.217201232910156
2014-04-23,32.968013763427734
2014-04-24,33.10921859741211
2014-04-25,33.150760650634766
2014-04-28,33.94816207885742
2014-04-29,33.64912033081055
2014-04-30,33.55776596069336
2014-05-01,33.225502014160156
2014-05-02,32.968013763427734
2014-05-05,32.752052307128906
2014-05-06,32.44472122192383
2014-05-07,32.743736267089844
2014-05-08,32.92647933959961
2014-05-09,32.84341812133789
2014-05-12,33.20060348510742
2014-05-13,33.811241149902344
2014-05-14,33.66066360473633
2014-05-15,33.12529754638672
2014-05-16,33.31770706176758
2014-05-19,33.25078201293945
2014-05-20,33.192237854003906
2014-05-21,33.7526741027832
2014-05-22,33.543556213378906
2014-05-23,33.56028366088867
2014-05-27,33.61883544921875
2014-05-28,33.468284606933594
2014-05-29,33.74431610107422
2014-05-30,34.246212005615234
2014-06-02,34.1207389831543
2014-06-03,33.70249557495117
2014-06-04,33.72758865356445
2014-06-05,34.47208023071289
2014-06-06,34.69792175292969
2014-06-09,34.52225112915039
2014-06-10,34.3884162902832
2014-06-11,34.179298400878906
2014-06-12,33.94508743286133
2014-06-13,34.488800048828125
2014-06-16,34.71464920043945
2014-06-17,34.86521530151367
2014-06-18,34.840126037597656
2014-06-19,34.723018646240234
2014-06-20,34.86521530151367
2014-06-23,35.124549865722656
2014-06-24,34.92378234863281
2014-06-25,35.157989501953125
2014-06-26,34.898685455322266
2014-06-27,35.34202575683594
2014-06-30,34.881961822509766
2014-07-01,35.0241584777832
2014-07-02,35.04926300048828
2014-07-03,34.96560287475586
2014-07-07,35.124549865722656
2014-07-08,34.948883056640625
2014-07-09,34.85685729980469
2014-07-10,34.873592376708984
2014-07-11,35.20819091796875
2014-07-14,35.25000762939453
2014-07-15,35.50933837890625
2014-07-16,36.8728141784668
2014-07-17,37.24924087524414
2014-07-18,37.383079528808594
2014-07-21,37.508548736572266
2014-07-22,37.50019836425781
2014-07-23,37.53364562988281
2014-07-24,37.140499114990234
2014-07-25,37.224151611328125
2014-07-28,36.780799865722656
2014-07-29,36.71388244628906
2014-07-30,36.45458984375
2014-07-31,36.10324478149414
2014-08-01,35.85228729248047
2014-08-04,36.27890396118164
2014-08-05,36.03632736206055
2014-08-06,35.751922607421875
2014-08-07,36.16179656982422
2014-08-08,36.13669967651367
2014-08-11,36.13669967651367
2014-08-12,36.40439224243164
2014-08-13,36.8728141784668
2014-08-14,37.03175354003906
2014-08-15,37.466732025146484
2014-08-18,37.73441696166992
2014-08-19,38.1552619934082
2014-08-20,37.835418701171875
2014-08-21,38.06268310546875
2014-08-22,38.003761291503906
2014-08-25,38.02060317993164
2014-08-26,37.88591766357422
2014-08-27,37.76808166503906
2014-08-28,37.7765007019043
2014-08-29,38.23944854736328
2014-09-02,37.9532585144043
2014-09-03,37.84382247924805
2014-09-04,38.096343994140625
2014-09-05,38.64347457885742
2014-09-08,39.114837646484375
2014-09-09,39.35892868041992
2014-09-10,39.426273345947266
2014-09-11,39.560943603515625
2014-09-12,39.308441162109375
2014-09-15,38.921241760253906
2014-09-16,39.35892868041992
2014-09-17,39.156917572021484
2014-09-18,39.291595458984375
2014-09-19,39.99863815307617
2014-09-22,39.61145782470703
2014-09-23,39.190589904785156
2014-09-24,39.62828063964844
2014-09-25,38.75288009643555
2014-09-26,39.064327239990234
2014-09-29,39.08958053588867
2014-09-30,39.022247314453125
2014-10-01,38.63505935668945
2014-10-02,38.51721954345703
2014-10-03,38.794986724853516
2014-10-06,38.794986724853516
2014-10-07,38.3236198425293
2014-10-08,39.37576675415039
2014-10-09,38.59297561645508
2014-10-10,37.061038970947266
2014-10-13,36.741180419921875
2014-10-14,36.80851745605469
2014-10-15,36.37925338745117
2014-10-16,35.9752197265625
2014-10-17,36.72433853149414
2014-10-20,37.103126525878906
2014-10-21,37.7765007019043
2014-10-22,37.35564422607422
2014-10-23,37.89433670043945
2014-10-24,38.828651428222656
2014-10-27,38.64347457885742
2014-10-28,39.13167953491211
2014-10-29,39.241092681884766
2014-10-30,38.761322021484375
2014-10-31,39.51885223388672
2014-11-03,39.931304931640625
2014-11-04,40.04072952270508
2014-11-05,40.28484344482422
2014-11-06,40.99187469482422
2014-11-07,40.97504425048828
2014-11-10,41.15181350708008
2014-11-11,41.13496780395508
2014-11-12,41.05921936035156
2014-11-13,41.757843017578125
2014-11-14,41.73259353637695
2014-11-17,41.631595611572266
2014-11-18,41.2843017578125
2014-11-19,40.84385299682617
2014-11-20,41.25040817260742
2014-11-21,40.64055633544922
2014-11-24,40.310203552246094
2014-11-25,40.20857620239258
2014-11-26,40.44573211669922
2014-11-28,40.49655532836914
2014-12-01,41.182655334472656
2014-12-02,41.04712677001953
2014-12-03,40.72526168823242
2014-12-04,41.36900329589844
2014-12-05,41.013248443603516
2014-12-08,40.40339279174805
2014-12-09,40.310203552246094
2014-12-10,39.72576141357422
2014-12-11,39.95446014404297
2014-12-12,39.76810836791992
2014-12-15,39.530948638916016
2014-12-16,38.251930236816406
2014-12-17,38.74321746826172
2014-12-18,40.25092315673828
2014-12-19,40.369510650634766
2014-12-22,40.64055633544922
2014-12-23,41.038673400878906
2014-12-24,40.77607727050781
2014-12-26,40.55584716796875
2014-12-29,40.19163131713867
2014-12-30,39.82741165161133
2014-12-31,39.3446044921875
2015-01-02,39.6071662902832
2015-01-05,39.24298095703125
2015-01-06,38.6669807434082
2015-01-07,39.15825271606445
2015-01-08,40.310203552246094
2015-01-09,39.97140884399414
2015-01-12,39.47164535522461
2015-01-13,39.26837158203125
2015-01-14,38.92957305908203
2015-01-15,38.52296447753906
2015-01-16,39.16672897338867
2015-01-20,39.29377365112305
2015-01-21,38.895687103271484
2015-01-22,39.92058563232422
2015-01-23,39.96294403076172
2015-01-26,39.81892776489258
2015-01-27,36.134342193603516
2015-01-28,34.88921356201172
2015-01-29,35.583778381347656
2015-01-30,34.22005844116211
2015-02-02,34.965457916259766
2015-02-03,35.236507415771484
2015-02-04,35.43979263305664
2015-02-05,35.95648193359375
2015-02-06,35.9225959777832
2015-02-09,35.8802490234375
2015-02-10,36.083526611328125
2015-02-11,35.89717483520508
2015-02-12,36.498573303222656
2015-02-13,37.159263610839844
2015-02-17,37.176334381103516
2015-02-18,37.133670806884766
2015-02-19,37.108070373535156
2015-02-20,37.41516876220703
2015-02-23,37.66256332397461
2015-02-24,37.61137771606445
2015-02-25,37.52606201171875
2015-02-26,37.58579635620117
2015-02-27,37.40664291381836
2015-03-02,37.43224334716797
2015-03-03,36.92039108276367
2015-03-04,36.732723236083984
2015-03-05,36.775386810302734
2015-03-06,36.13558578491211
2015-03-09,36.553592681884766
2015-03-10,35.85407257080078
2015-03-11,35.81142807006836
2015-03-12,34.99248504638672
2015-03-13,35.29959487915039
2015-03-16,35.453128814697266
2015-03-17,35.57257080078125
2015-03-18,36.25502014160156
2015-03-19,36.075862884521484
2015-03-20,36.57917785644531
2015-03-23,36.56211471557617
2015-03-24,36.59625244140625
2015-03-25,35.367828369140625
2015-03-26,35.154571533203125
2015-03-27,34.9498291015625
2015-03-30,34.94130325317383
2015-03-31,34.685394287109375
2015-04-01,34.736576080322266
2015-04-02,34.36975860595703
2015-04-06,35.444618225097656
2015-04-07,35.42755126953125
2015-04-08,35.33369827270508
2015-04-09,35.38489532470703
2015-04-10,35.589637756347656
2015-04-13,35.623748779296875
2015-04-14,35.529911041259766
2015-04-15,36.0502815246582
2015-04-16,35.96498107910156
2015-04-17,35.50432205200195
2015-04-20,36.604766845703125
2015-04-21,36.37443542480469
2015-04-22,36.67301559448242
2015-04-23,36.97159957885742
2015-04-24,40.83592987060547
2015-04-27,40.9724235534668
2015-04-28,41.93639373779297
2015-04-29,41.851078033447266
2015-04-30,41.4927978515625
2015-05-01,41.50986099243164
2015-05-04,41.151573181152344
2015-05-05,40.605628967285156
2015-05-06,39.479576110839844
2015-05-07,39.837867736816406
2015-05-08,40.73356628417969
2015-05-11,40.40940856933594
2015-05-12,40.39234924316406
2015-05-13,40.6312141418457
2015-05-14,41.561058044433594
2015-05-15,41.2027587890625
2015-05-18,40.95536804199219
2015-05-19,40.85234069824219
2015-05-20,40.85234069824219
2015-05-21,40.71497344970703
2015-05-22,40.268489837646484
2015-05-26,40.002323150634766
2015-05-27,40.87808609008789
2015-05-28,40.74072265625
2015-05-29,40.234153747558594
2015-06-01,40.55183410644531
2015-06-02,40.28566360473633
2015-06-03,40.22555160522461
2015-06-04,39.804840087890625
2015-06-05,39.6159553527832
2015-06-08,39.2639274597168
2015-06-09,39.195228576660156
2015-06-10,40.019493103027344
2015-06-11,39.8735237121582
2015-06-12,39.470001220703125
2015-06-15,39.04926300048828
2015-06-16,39.349788665771484
2015-06-17,39.470001220703125
2015-06-18,40.11394500732422
2015-06-19,39.58160400390625
2015-06-22,39.6932258605957
2015-06-23,39.418479919433594
2015-06-24,39.1866455078125
2015-06-25,39.195228576660156
2015-06-26,38.8603630065918
2015-06-29,38.09622573852539
2015-06-30,37.907325744628906
2015-07-01,38.1649169921875
2015-07-02,38.12199020385742
2015-07-06,38.11338806152344
2015-07-07,38.0361213684082
2015-07-08,37.98460388183594
2015-07-09,38.22501754760742
2015-07-10,38.30228805541992
2015-07-13,39.10078430175781
2015-07-14,39.16947937011719
2015-07-15,39.28968048095703
2015-07-16,40.06242752075195
2015-07-17,40.028079986572266
2015-07-20,40.28566360473633
2015-07-21,40.59475326538086
2015-07-22,39.10078430175781
2015-07-23,39.59018325805664
2015-07-24,39.444236755371094
2015-07-27,38.937652587890625
2015-07-28,38.92906951904297
2015-07-29,39.74473571777344
2015-07-30,40.251319885253906
2015-07-31,40.09677505493164
2015-08-03,40.19121551513672
2015-08-04,40.8179931640625
2015-08-05,40.85234069824219
2015-08-06,40.028079986572266
2015-08-07,40.13111114501953
2015-08-10,40.63768005371094
2015-08-11,39.84776306152344
2015-08-12,40.13111114501953
2015-08-13,40.12254333496094
2015-08-14,40.35435104370117
2015-08-17,40.62910461425781
2015-08-18,40.85382080078125
2015-08-19,40.28340530395508
2015-08-20,39.46234893798828
2015-08-21,37.22390365600586
2015-08-24,36.02256774902344
2015-08-25,34.976810455322266
2015-08-26,36.91276168823242
2015-08-27,37.94124984741211
2015-08-28,37.96717834472656
2015-08-31,37.61282730102539
2015-09-01,36.1435661315918
2015-09-02,37.47453689575195
2015-09-03,37.59552764892578
2015-09-04,36.82633590698242
2015-09-08,37.93259811401367
2015-09-09,37.22390365600586
2015-09-10,37.41404724121094
2015-09-11,37.5782585144043
2015-09-14,37.19797134399414
2015-09-15,38.010372161865234
2015-09-16,38.286949157714844
2015-09-17,38.24374008178711
2015-09-18,37.5782585144043
2015-09-21,38.12272262573242
2015-09-22,37.94124984741211
2015-09-23,37.915306091308594
2015-09-24,37.94987487792969
2015-09-25,37.97581100463867
2015-09-28,37.41404724121094
2015-09-29,37.54367446899414
2015-09-30,38.25236129760742
2015-10-01,38.55485916137695
2015-10-02,39.38456726074219
2015-10-05,40.30068588256836
2015-10-06,40.404388427734375
2015-10-07,40.44760513305664
2015-10-08,41.009376525878906
2015-10-09,40.71553421020508
2015-10-12,40.620460510253906
2015-10-13,40.5253791809082
2015-10-14,40.34389114379883
2015-10-15,40.62908935546875
2015-10-16,41.06123352050781
2015-10-19,41.15631103515625
2015-10-20,41.28594207763672
2015-10-21,40.79330062866211
2015-10-22,41.51063537597656
2015-10-23,45.693702697753906
2015-10-26,46.88637924194336
2015-10-27,46.402400970458984
2015-10-28,46.65303421020508
2015-10-29,46.11719512939453
2015-10-30,45.49491882324219
2015-11-02,46.01346969604492
2015-11-03,46.799957275390625
2015-11-04,47.01602554321289
2015-11-05,46.998741149902344
2015-11-06,47.46543502807617
2015-11-09,46.808597564697266
2015-11-10,46.246829986572266
2015-11-11,46.367828369140625
2015-11-12,46.08262252807617
2015-11-13,45.66777038574219
2015-11-16,46.47153854370117
2015-11-17,46.08869171142578
2015-11-18,46.85437774658203
2015-11-19,46.93267822265625
2015-11-20,47.150203704833984
2015-11-23,47.150203704833984
2015-11-24,47.20241165161133
2015-11-25,46.71516799926758
2015-11-27,46.923988342285156
2015-11-30,47.28942108154297
2015-12-01,48.0463981628418
2015-12-02,48.03770446777344
2015-12-03,47.158905029296875
2015-12-04,48.646766662597656
2015-12-07,48.55976104736328
2015-12-08,48.54236602783203
2015-12-09,47.83757400512695
2015-12-10,48.089900970458984
2015-12-11,47.03709411621094
2015-12-14,47.97677993774414
2015-12-15,48.02900314331055
2015-12-16,48.83818054199219
2015-12-17,48.46405029296875
2015-12-18,47.0980110168457
2015-12-21,47.70705795288086
2015-12-22,48.15951156616211
2015-12-23,48.56845474243164
2015-12-24,48.43794250488281
2015-12-28,48.68157958984375
2015-12-29,49.2036247253418
2015-12-30,48.99480438232422
2015-12-31,48.272621154785156
2016-01-04,47.68095397949219
2016-01-05,47.89848327636719
2016-01-06,47.02840042114258
2016-01-07,45.39262008666992
2016-01-08,45.531837463378906
2016-01-11,45.50572204589844
2016-01-12,45.923377990722656
2016-01-13,44.93147659301758
2016-01-14,46.210514068603516
2016-01-15,44.36591339111328
2016-01-19,43.99177169799805
2016-01-20,44.1919059753418
2016-01-21,43.92216110229492
2016-01-22,45.497039794921875
2016-01-25,45.06198501586914
2016-01-26,45.39262008666992
2016-01-27,44.566036224365234
2016-01-28,45.296913146972656
2016-01-29,47.93329620361328
2016-02-01,47.6026496887207
2016-02-02,46.11479949951172
2016-02-03,45.383934020996094
2016-02-04,45.24470138549805
2016-02-05,43.643741607666016
2016-02-08,42.991172790527344
2016-02-09,42.878055572509766
2016-02-10,43.252201080322266
2016-02-11,43.234798431396484
2016-02-12,43.939579010009766
2016-02-16,44.772090911865234
2016-02-17,45.93762969970703
2016-02-18,45.73606872558594
2016-02-19,45.41181945800781
2016-02-22,46.139190673828125
2016-02-23,44.85097122192383
2016-02-24,45.00870132446289
2016-02-25,45.657196044921875
2016-02-26,44.95611572265625
2016-02-29,44.58806228637695
2016-03-01,46.07783889770508
2016-03-02,46.402076721191406
2016-03-03,45.876285552978516
2016-03-04,45.59585952758789
2016-03-07,44.719512939453125
2016-03-08,45.262855529785156
2016-03-09,46.30569076538086
2016-03-10,45.613372802734375
2016-03-11,46.50725555419922
2016-03-14,46.59486770629883
2016-03-15,46.96295166015625
2016-03-16,47.62895202636719
2016-03-17,47.9006233215332
2016-03-18,46.87530517578125
2016-03-21,47.19955825805664
2016-03-22,47.38359069824219
2016-03-23,47.29595184326172
2016-03-24,47.50627899169922
2016-03-28,46.919124603271484
2016-03-29,47.94444274902344
2016-03-30,48.24239730834961
2016-03-31,48.40012741088867
2016-04-01,48.69808578491211
2016-04-04,48.575401306152344
2016-04-05,47.8129768371582
2016-04-06,48.303741455078125
2016-04-07,47.725345611572266
2016-04-08,47.690303802490234
2016-04-11,47.593910217285156
2016-04-12,47.891845703125
2016-04-13,48.50529479980469
2016-04-14,48.51406478881836
2016-04-15,48.76819610595703
2016-04-18,49.47803497314453
2016-04-19,49.41667938232422
2016-04-20,48.71561050415039
2016-04-21,48.88211441040039
2016-04-22,45.37676239013672
2016-04-25,45.66596603393555
2016-04-26,45.07881164550781
2016-04-27,44.64063262939453
2016-04-28,43.72925567626953
2016-04-29,43.70296096801758
2016-05-02,44.35145950317383
2016-05-03,43.624088287353516
2016-05-04,43.70296096801758
2016-05-05,43.764312744140625
2016-05-06,44.158668518066406
2016-05-09,43.87822341918945
2016-05-10,44.71075439453125
2016-05-11,44.73702621459961
2016-05-12,45.140159606933594
2016-05-13,44.76332473754883
2016-05-16,45.42059326171875
2016-05-17,44.57340621948242
2016-05-18,44.838165283203125
2016-05-19,44.40573501586914
2016-05-20,44.67049026489258
2016-05-23,44.14982604980469
2016-05-24,45.52648162841797
2016-05-25,45.99418258666992
2016-05-26,45.791221618652344
2016-05-27,46.17068099975586
2016-05-31,46.77076721191406
2016-06-01,46.63837814331055
2016-06-02,46.31188201904297
2016-06-03,45.70297622680664
2016-06-06,46.00301742553711
2016-06-07,45.976539611816406
2016-06-08,45.923580169677734
2016-06-09,45.552955627441406
2016-06-10,45.42940139770508
2016-06-13,44.24690246582031
2016-06-14,43.97334289550781
2016-06-15,43.84979248046875
2016-06-16,44.46752166748047
2016-06-17,44.23807907104492
2016-06-20,44.18512725830078
2016-06-21,45.173484802246094
2016-06-22,44.99699401855469
2016-06-23,45.808860778808594
2016-06-24,43.97334289550781
2016-06-27,42.73789596557617
2016-06-28,43.629180908203125
2016-06-29,44.59989929199219
2016-06-30,45.15584182739258
2016-07-01,45.14701843261719
2016-07-05,45.15584182739258
2016-07-06,45.341156005859375
2016-07-07,45.341156005859375
2016-07-08,46.15303421020508
2016-07-11,46.408939361572266
2016-07-12,46.9560661315918
2016-07-13,47.2208137512207
2016-07-14,47.42378234863281
2016-07-15,47.388484954833984
2016-07-18,47.61792755126953
2016-07-19,46.85018539428711
2016-07-20,49.338748931884766
2016-07-21,49.241661071777344
2016-07-22,49.921165466308594
2016-07-25,50.0623664855957
2016-07-26,50.088844299316406
2016-07-27,49.5858154296875
2016-07-28,49.60348129272461
2016-07-29,50.01824188232422
2016-08-01,49.929988861083984
2016-08-02,49.929988861083984
2016-08-03,50.2741584777832
2016-08-04,50.644779205322266
2016-08-05,51.147789001464844
2016-08-08,51.236045837402344
2016-08-09,51.35959243774414
2016-08-10,51.200748443603516
2016-08-11,51.447837829589844
2016-08-12,51.13014221191406
2016-08-15,51.28898620605469
2016-08-16,51.004844665527344
2016-08-17,51.111385345458984
2016-08-18,51.14692687988281
2016-08-19,51.1646728515625
2016-08-22,51.20907974243164
2016-08-23,51.4044303894043
2016-08-24,51.45770263671875
2016-08-25,51.65305709838867
2016-08-26,51.52873229980469
2016-08-29,51.590904235839844
2016-08-30,51.4044303894043
2016-08-31,51.022605895996094
2016-09-01,51.138038635253906
2016-09-02,51.20907974243164
2016-09-06,51.155799865722656
2016-09-07,51.20020294189453
2016-09-08,50.9959602355957
2016-09-09,49.91264724731445
2016-09-12,50.658538818359375
2016-09-13,50.1967887878418
2016-09-14,49.95703887939453
2016-09-15,50.78285217285156
2016-09-16,50.836124420166016
2016-09-19,50.551979064941406
2016-09-20,50.4454345703125
2016-09-21,51.288978576660156
2016-09-22,51.34225845336914
2016-09-23,50.9959602355957
2016-09-26,50.52535629272461
2016-09-27,51.45770263671875
2016-09-28,51.52873229980469
2016-09-29,50.96931457519531
2016-09-30,51.14692687988281
2016-10-03,50.98707962036133
2016-10-04,50.82723617553711
2016-10-05,51.182430267333984
2016-10-06,51.2712287902832
2016-10-07,51.324501037597656
2016-10-10,51.537620544433594
2016-10-11,50.78285217285156
2016-10-12,50.71181106567383
2016-10-13,50.5431022644043
2016-10-14,50.98707962036133
2016-10-17,50.80948257446289
2016-10-18,51.20020294189453
2016-10-19,51.08476257324219
2016-10-20,50.836124420166016
2016-10-21,52.97612380981445
2016-10-24,54.16600799560547
2016-10-25,54.15711975097656
2016-10-26,53.83744812011719
2016-10-27,53.3668327331543
2016-10-28,53.16259002685547
2016-10-31,53.207008361816406
2016-11-01,53.10044860839844
2016-11-02,52.77190017700195
2016-11-03,52.576534271240234
2016-11-04,52.1325569152832
2016-11-07,53.65096664428711
2016-11-08,53.69538879394531
2016-11-09,53.428993225097656
2016-11-10,52.12369155883789
2016-11-11,52.40782928466797
2016-11-14,51.60866165161133
2016-11-15,52.627769470214844
2016-11-16,53.3250732421875
2016-11-17,54.21010208129883
2016-11-18,53.95085144042969
2016-11-21,54.40677261352539
2016-11-22,54.63920593261719
2016-11-23,53.99555206298828
2016-11-25,54.11176681518555
2016-11-28,54.183284759521484
2016-11-29,54.61237716674805
2016-11-30,53.87039566040039
2016-12-01,52.92277908325195
2016-12-02,52.96748352050781
2016-12-05,53.83464050292969
2016-12-06,53.59326171875
2016-12-07,54.86269760131836
2016-12-08,54.540870666503906
2016-12-09,55.39907455444336
2016-12-12,55.577857971191406
2016-12-13,56.30197525024414
2016-12-14,56.033782958984375
2016-12-15,55.944393157958984
2016-12-16,55.694087982177734
2016-12-19,56.87411117553711
2016-12-20,56.80259704589844
2016-12-21,56.80259704589844
2016-12-22,56.81153106689453
2016-12-23,56.53440475463867
2016-12-27,56.570167541503906
2016-12-28,56.310916900634766
2016-12-29,56.23046875
2016-12-30,55.55104064941406
2017-01-03,55.944393157958984
2017-01-04,55.694087982177734
2017-01-05,55.694087982177734
2017-01-06,56.17680358886719
2017-01-09,55.998023986816406
2017-01-10,55.980159759521484
2017-01-11,56.48971176147461
2017-01-12,55.9712028503418
2017-01-13,56.05167007446289
2017-01-17,55.89968490600586
2017-01-18,55.87288284301758
2017-01-19,55.694087982177734
2017-01-20,56.087432861328125
2017-01-23,56.28409194946289
2017-01-24,56.784732818603516
2017-01-25,56.92776870727539
2017-01-26,57.455196380615234
2017-01-27,58.805091857910156
2017-01-30,58.22401428222656
2017-01-31,57.7949104309082
2017-02-01,56.838348388671875
2017-02-02,56.471839904785156
2017-02-03,56.92776870727539
2017-02-06,56.891990661621094
2017-02-07,56.704254150390625
2017-02-08,56.62380599975586
2017-02-09,57.26746368408203
2017-02-10,57.21382141113281
2017-02-13,57.85748291015625
2017-02-14,58.073333740234375
2017-02-15,58.037349700927734
2017-02-16,58.02835464477539
2017-02-17,58.11830520629883
2017-02-21,58.00137710571289
2017-02-22,57.884464263916016
2017-02-23,58.11830520629883
2017-02-24,58.11830520629883
2017-02-27,57.767539978027344
2017-02-28,57.542701721191406
2017-03-01,58.406124114990234
2017-03-02,57.56967544555664
2017-03-03,57.78554153442383
2017-03-06,57.80352020263672
2017-03-07,57.92041778564453
2017-03-08,58.45106506347656
2017-03-09,58.21723175048828
2017-03-10,58.39710998535156
2017-03-13,58.199249267578125
2017-03-14,57.92942810058594
2017-03-15,58.23522186279297
2017-03-16,58.136287689208984
2017-03-17,58.3431510925293
2017-03-20,58.39710998535156
2017-03-21,57.74955368041992
2017-03-22,58.48705291748047
2017-03-23,58.3431510925293
2017-03-24,58.442081451416016
2017-03-27,58.54999923706055
2017-03-28,58.720890045166016
2017-03-29,58.882781982421875
2017-03-30,59.09862518310547
2017-03-31,59.23352813720703
2017-04-03,58.95472717285156
2017-04-04,59.116600036621094
2017-04-05,58.96372604370117
2017-04-06,59.116600036621094
2017-04-07,59.0716552734375
2017-04-10,58.936744689941406
2017-04-11,58.89177322387695
2017-04-12,58.666927337646484
2017-04-13,58.41508865356445
2017-04-17,58.89177322387695
2017-04-18,58.810821533203125
2017-04-19,58.49604034423828
2017-04-20,58.90973663330078
2017-04-21,59.71919631958008
2017-04-24,60.735538482666016
2017-04-25,61.08626937866211
2017-04-26,61.00532531738281
2017-04-27,61.40105056762695
2017-04-28,61.57192611694336
2017-05-01,62.42635726928711
2017-05-02,62.32743835449219
2017-05-03,62.12956237792969
2017-05-04,61.88673400878906
2017-05-05,62.05759811401367
2017-05-08,62.00364685058594
2017-05-09,62.09360122680664
2017-05-10,62.33641815185547
2017-05-11,61.57192611694336
2017-05-12,61.4999885559082
2017-05-15,61.544960021972656
2017-05-16,62.784183502197266
2017-05-17,61.038429260253906
2017-05-18,61.246463775634766
2017-05-19,61.22835922241211
2017-05-22,61.91582489013672
2017-05-23,62.12386703491211
2017-05-24,62.20527267456055
2017-05-25,62.9741325378418
2017-05-26,63.28168487548828
2017-05-30,63.68872833251953
2017-05-31,63.17311477661133
2017-06-01,63.40831756591797
2017-06-02,64.90985870361328
2017-06-05,65.38021087646484
2017-06-06,65.59730529785156
2017-06-07,65.4797134399414
2017-06-08,65.08172607421875
2017-06-09,63.60731887817383
2017-06-12,63.11886978149414
2017-06-13,63.905818939208984
2017-06-14,63.56209182739258
2017-06-15,63.22740173339844
2017-06-16,63.31785202026367
2017-06-19,64.10482788085938
2017-06-20,63.236473083496094
2017-06-21,63.56209182739258
2017-06-22,63.55305099487305
2017-06-23,64.41234588623047
2017-06-26,63.797245025634766
2017-06-27,62.6032829284668
2017-06-28,63.136962890625
2017-06-29,61.95199966430664
2017-06-30,62.35000991821289
2017-07-03,61.66256332397461
2017-07-05,62.48569869995117
2017-07-06,62.02437973022461
2017-07-07,62.82939529418945
2017-07-10,63.29975891113281
2017-07-11,63.30881118774414
2017-07-12,64.35808563232422
2017-07-13,64.91889953613281
2017-07-14,65.8324966430664
2017-07-17,66.34806060791016
2017-07-18,66.30286407470703
2017-07-19,66.80938720703125
2017-07-20,67.1350326538086
2017-07-21,66.74609375
2017-07-24,66.5741958618164
2017-07-25,67.10787963867188
2017-07-26,66.98126220703125
2017-07-27,66.17622375488281
2017-07-28,66.06767272949219
2017-07-31,65.76014709472656
2017-08-01,65.6515884399414
2017-08-02,65.36211395263672
2017-08-03,65.26264953613281
2017-08-04,65.74201202392578
2017-08-07,65.48873901367188
2017-08-08,65.84153747558594
2017-08-09,65.55207824707031
2017-08-10,64.59326171875
2017-08-11,65.5792007446289
2017-08-14,66.5651626586914
2017-08-15,66.5833511352539
2017-08-16,66.974365234375
2017-08-17,65.83766174316406
2017-08-18,65.91952514648438
2017-08-21,65.6103744506836
2017-08-22,66.52877807617188
2017-08-23,66.12866973876953
2017-08-24,66.10137939453125
2017-08-25,66.21961212158203
2017-08-28,66.22867584228516
2017-08-29,66.42875671386719
2017-08-30,67.3017349243164
2017-08-31,67.99283599853516
2017-09-01,67.23807525634766
2017-09-05,66.93798828125
2017-09-06,66.74706268310547
2017-09-07,67.60183715820312
2017-09-08,67.27447509765625
2017-09-11,67.98375701904297
2017-09-12,67.91102600097656
2017-09-13,68.39299774169922
2017-09-14,67.99283599853516
2017-09-15,68.4839096069336
2017-09-18,68.34748077392578
2017-09-19,68.60214233398438
2017-09-20,68.14745330810547
2017-09-21,67.48362731933594
2017-09-22,67.66549682617188
2017-09-25,66.61972045898438
2017-09-26,66.61972045898438
2017-09-27,67.15625762939453
2017-09-28,67.17443084716797
2017-09-29,67.73822784423828
2017-10-02,67.84737396240234
2017-10-03,67.52909088134766
2017-10-04,67.92012023925781
2017-10-05,69.08409118652344
2017-10-06,69.11136627197266
2017-10-09,69.37509155273438
2017-10-10,69.37509155273438
2017-10-11,69.4933090209961
2017-10-12,70.12985229492188
2017-10-13,70.46631622314453
2017-10-16,70.6118392944336
2017-10-17,70.5572509765625
2017-10-18,70.575439453125
2017-10-19,70.8482437133789
2017-10-20,71.66667938232422
2017-10-23,71.68486785888672
2017-10-24,71.7121353149414
2017-10-25,71.50298309326172
2017-10-26,71.62120819091797
2017-10-27,76.21347045898438
2017-10-30,76.2862319946289
2017-10-31,75.64059448242188
2017-11-01,75.64059448242188
2017-11-02,76.43173217773438
2017-11-03,76.51358032226562
2017-11-06,76.81365966796875
2017-11-07,76.63179016113281
2017-11-08,76.89550018310547
2017-11-09,76.46810150146484
2017-11-10,76.2680435180664
2017-11-13,76.32260131835938
2017-11-14,76.43173217773438
2017-11-15,75.83766174316406
2017-11-16,76.03873443603516
2017-11-17,75.30760955810547
2017-11-20,75.4264144897461
2017-11-21,76.51399230957031
2017-11-22,75.95648956298828
2017-11-24,76.09356689453125
2017-11-27,76.65105438232422
2017-11-28,77.57411193847656
2017-11-29,76.16668701171875
2017-11-30,76.92526245117188
2017-12-01,77.00749206542969
2017-12-04,74.10122680664062
2017-12-05,74.56729888916016
2017-12-06,75.6548843383789
2017-12-07,75.38984680175781
2017-12-08,76.91609954833984
2017-12-11,77.89398956298828
2017-12-12,78.21388244628906
2017-12-13,78.00366973876953
2017-12-14,77.40047454833984
2017-12-15,79.37457275390625
2017-12-18,78.94499969482422
2017-12-19,78.44237518310547
2017-12-20,78.1590576171875
2017-12-21,78.1407699584961
2017-12-22,78.14990997314453
2017-12-26,78.04938507080078
2017-12-27,78.33267974853516
2017-12-28,78.34178924560547
2017-12-29,78.17729949951172
2018-01-02,78.55201721191406
2018-01-03,78.91756439208984
2018-01-04,79.6121826171875
2018-01-05,80.59923553466797
2018-01-08,80.68147277832031
2018-01-09,80.62665557861328
2018-01-10,80.26107788085938
2018-01-11,80.49871063232422
2018-01-12,81.8878402709961
2018-01-16,80.74545288085938
2018-01-17,82.38140106201172
2018-01-18,82.3448486328125
2018-01-19,82.25345611572266
2018-01-22,83.72484588623047
2018-01-23,83.98989868164062
2018-01-24,83.91679382324219
2018-01-25,84.38288116455078
2018-01-26,85.96399688720703
2018-01-29,85.83602905273438
2018-01-30,84.7575912475586
2018-01-31,86.83222198486328
2018-02-01,86.14676666259766
2018-02-02,83.88023376464844
2018-02-05,80.42560577392578
2018-02-06,83.46897888183594
2018-02-07,81.89701843261719
2018-02-08,77.69292449951172
2018-02-09,80.590087890625
2018-02-12,81.45832061767578
2018-02-13,82.09807586669922
2018-02-14,83.38357543945312
2018-02-15,85.08229064941406
2018-02-16,84.47627258300781
2018-02-20,85.13737487792969
2018-02-21,84.00794982910156
2018-02-22,84.22834014892578
2018-02-23,86.3677978515625
2018-02-26,87.61658477783203
2018-02-27,86.49634552001953
2018-02-28,86.10148620605469
2018-03-01,85.2567367553711
2018-03-02,85.44039154052734
2018-03-05,85.98213195800781
2018-03-06,85.68830108642578
2018-03-07,86.18415069580078
2018-03-08,86.70755004882812
2018-03-09,88.64498138427734
2018-03-12,88.85617065429688
2018-03-13,86.6891860961914
2018-03-14,86.1749496459961
2018-03-15,86.47795867919922
2018-03-16,86.8636474609375
2018-03-19,85.29346466064453
2018-03-20,85.51385498046875
2018-03-21,84.91700744628906
2018-03-22,82.44699096679688
2018-03-23,80.05045318603516
2018-03-26,86.1106948852539
2018-03-27,82.15315246582031
2018-03-28,82.0797119140625
2018-03-29,83.80596923828125
2018-04-02,81.28085327148438
2018-04-03,82.37351989746094
2018-04-04,84.77928161621094
2018-04-05,84.82518768310547
2018-04-06,82.85101318359375
2018-04-09,83.34683990478516
2018-04-10,85.28429412841797
2018-04-11,84.34770965576172
2018-04-12,85.92704010009766
2018-04-13,85.46791076660156
2018-04-16,86.46882629394531
2018-04-17,88.21341705322266
2018-04-18,88.55314636230469
2018-04-19,88.25016021728516
2018-04-20,87.23091888427734
2018-04-23,87.55229187011719
2018-04-24,85.50468444824219
2018-04-25,84.76090240478516
2018-04-26,86.55143737792969
2018-04-27,87.9838638305664
2018-04-30,85.8719482421875
2018-05-01,87.23091888427734
2018-05-02,85.8627700805664
2018-05-03,86.37696838378906
2018-05-04,87.37784576416016
2018-05-07,88.35115051269531
2018-05-08,87.97466278076172
2018-05-09,89.01226806640625
2018-05-10,89.90296173095703
2018-05-11,89.71014404296875
2018-05-14,90.01310729980469
2018-05-15,89.36119842529297
2018-05-16,89.59175109863281
2018-05-17,88.69720458984375
2018-05-18,88.86319732666016
2018-05-21,90.00672912597656
2018-05-22,89.91453552246094
2018-05-23,90.98426055908203
2018-05-24,90.6614761352539
2018-05-25,90.70760345458984
2018-05-29,90.38484191894531
2018-05-30,91.2516860961914
2018-05-31,91.15027618408203
2018-06-01,92.94857025146484
2018-06-04,93.76007080078125
2018-06-05,94.2396469116211
2018-06-06,94.51631164550781
2018-06-07,93.03155517578125
2018-06-08,93.72317504882812
2018-06-11,93.18832397460938
2018-06-12,93.4281005859375
2018-06-13,93.0038833618164
2018-06-14,93.52954864501953
2018-06-15,92.33991241455078
2018-06-18,93.01309967041016
2018-06-19,93.01309967041016
2018-06-20,93.94454956054688
2018-06-21,93.2713394165039
2018-06-22,92.59809112548828
2018-06-25,90.73527526855469
2018-06-26,91.3716049194336
2018-06-27,89.95142364501953
2018-06-28,90.95658874511719
2018-06-29,90.93816375732422
2018-07-02,92.22926330566406
2018-07-03,91.34391784667969
2018-07-05,91.9986801147461
2018-07-06,93.28977966308594
2018-07-09,93.92609405517578
2018-07-10,94.17507934570312
2018-07-11,94.04595947265625
2018-07-12,96.08402252197266
2018-07-13,97.22755432128906
2018-07-16,96.74803161621094
2018-07-17,97.70709991455078
2018-07-18,96.9416732788086
2018-07-19,96.2776870727539
2018-07-20,98.00220489501953
2018-07-23,99.5699462890625
2018-07-24,99.2840805053711
2018-07-25,102.2074203491211
2018-07-26,101.09158325195312
2018-07-27,99.3025131225586
2018-07-30,97.1722412109375
2018-07-31,97.82698059082031
2018-08-01,98.01140594482422
2018-08-02,99.20106506347656
2018-08-03,99.63449096679688
2018-08-06,99.71749114990234
2018-08-07,100.40914154052734
2018-08-08,100.97169494628906
2018-08-09,101.1376724243164
2018-08-10,100.51982116699219
2018-08-13,99.7912826538086
2018-08-14,101.0362319946289
2018-08-15,99.66616821289062
2018-08-16,99.64762878417969
2018-08-17,99.59207916259766
2018-08-20,98.93478393554688
2018-08-21,98.11087799072266
2018-08-22,99.11067199707031
2018-08-23,99.57357788085938
2018-08-24,100.35120391845703
2018-08-27,101.46210479736328
2018-08-28,102.07308197021484
2018-08-29,103.7024154663086
2018-08-30,103.63758850097656
2018-08-31,103.98936462402344
2018-09-04,103.4154281616211
2018-09-05,100.43451690673828
2018-09-06,100.66596984863281
2018-09-07,100.17530822753906
2018-09-10,101.25843048095703
2018-09-11,102.98033905029297
2018-09-12,103.4154281616211
2018-09-13,104.52630615234375
2018-09-14,104.9521713256836
2018-09-17,103.8134994506836
2018-09-18,104.80404663085938
2018-09-19,103.40617370605469
2018-09-20,105.13732147216797
2018-09-21,105.77608489990234
2018-09-24,106.15563201904297
2018-09-25,105.95195770263672
2018-09-26,105.51688385009766
2018-09-27,105.91494750976562
2018-09-28,105.8779296875
2018-10-01,107.0258560180664
2018-10-02,106.60002136230469
2018-10-03,106.61851501464844
2018-10-04,104.41522979736328
2018-10-05,103.8042221069336
2018-10-08,102.61927795410156
2018-10-09,103.92457580566406
2018-10-10,98.27750396728516
2018-10-11,98.04607391357422
2018-10-12,101.434326171875
2018-10-15,99.61058044433594
2018-10-16,102.75814056396484
2018-10-17,102.48967742919922
2018-10-18,100.44375610351562
2018-10-19,100.59188842773438
2018-10-22,101.48986053466797
2018-10-23,100.07347869873047
2018-10-24,94.72261810302734
2018-10-25,100.25861358642578
2018-10-26,99.01812744140625
2018-10-29,96.1390380859375
2018-10-30,96.02796173095703
2018-10-31,98.8792495727539
2018-11-01,98.05533599853516
2018-11-02,98.27750396728516
2018-11-05,99.52725982666016
2018-11-06,99.72169494628906
2018-11-07,103.64685821533203
2018-11-08,103.45247650146484
2018-11-09,101.434326171875
2018-11-12,98.93478393554688
2018-11-13,98.9996109008789
2018-11-14,97.595703125
2018-11-15,99.743408203125
2018-11-16,100.68245697021484
2018-11-19,97.27027130126953
2018-11-20,94.56470489501953
2018-11-21,95.86634826660156
2018-11-23,95.82916259765625
2018-11-26,98.99027252197266
2018-11-27,99.61324310302734
2018-11-28,103.31364440917969
2018-11-29,102.44896697998047
2018-11-30,103.09978485107422
2018-12-03,104.21548461914062
2018-12-04,100.89627075195312
2018-12-06,101.51922607421875
2018-12-07,97.45621490478516
2018-12-10,100.0316162109375
2018-12-11,100.96136474609375
2018-12-12,101.41693878173828
2018-12-13,101.76094055175781
2018-12-14,98.58120727539062
2018-12-17,95.66181182861328
2018-12-18,96.6659164428711
2018-12-19,96.40560150146484
2018-12-20,94.37876892089844
2018-12-21,91.32917785644531
2018-12-24,87.5172119140625
2018-12-26,93.49547576904297
2018-12-27,94.07193756103516
2018-12-28,93.33743286132812
2018-12-31,94.43453979492188
2019-01-02,94.01615905761719
2019-01-03,90.55750274658203
2019-01-04,94.76923370361328
2019-01-07,94.89012145996094
2019-01-08,95.57814025878906
2019-01-09,96.94486999511719
2019-01-10,96.32194519042969
2019-01-11,95.57814025878906
2019-01-14,94.88082122802734
2019-01-15,97.63287353515625
2019-01-16,97.97687530517578
2019-01-17,98.66490173339844
2019-01-18,100.14318084716797
2019-01-22,98.25581359863281
2019-01-23,99.21342468261719
2019-01-24,98.7392578125
2019-01-25,99.64114379882812
2019-01-28,97.69795227050781
2019-01-29,95.7082748413086
2019-01-30,98.9066390991211
2019-01-31,97.0936050415039
2019-02-01,95.5595474243164
2019-02-04,98.31157684326172
2019-02-05,99.68763732910156
2019-02-06,98.58120727539062
2019-02-07,97.8746109008789
2019-02-08,98.24650573730469
2019-02-11,97.85601043701172
2019-02-12,99.38080596923828
2019-02-13,99.3064193725586
2019-02-14,99.39006805419922
2019-02-15,100.61737060546875
2019-02-19,100.57089233398438
2019-02-20,100.04798889160156
2019-02-21,102.15819549560547
2019-02-22,103.61479949951172
2019-02-25,104.19367980957031
2019-02-26,104.91265869140625
2019-02-27,104.7352523803711
2019-02-28,104.60456085205078
2019-03-01,105.07140350341797
2019-03-04,104.81929779052734
2019-03-05,104.29641723632812
2019-03-06,104.34310150146484
2019-03-07,103.0732421875
2019-03-08,103.185302734375
2019-03-11,105.35151672363281
2019-03-12,106.08915710449219
2019-03-13,106.91082763671875
2019-03-14,106.9948501586914
2019-03-15,108.22737121582031
2019-03-18,109.77734375
2019-03-19,109.8520278930664
2019-03-20,109.73065948486328
2019-03-21,112.25169372558594
2019-03-22,109.29182434082031
2019-03-25,109.86138153076172
2019-03-26,110.09481048583984
2019-03-27,109.03038024902344
2019-03-28,109.17975616455078
2019-03-29,110.12281036376953
2019-04-01,111.13124084472656
2019-04-02,111.28997039794922
2019-04-03,112.01826477050781
2019-04-04,111.4487075805664
2019-04-05,111.94356536865234
2019-04-08,111.9809341430664
2019-04-09,111.37400817871094
2019-04-10,112.22367858886719
2019-04-11,112.35440063476562
2019-04-12,112.93330383300781
2019-04-15,113.02667999267578
2019-04-16,112.7652359008789
2019-04-17,113.69896697998047
2019-04-18,115.19293975830078
2019-04-22,115.55706787109375
2019-04-23,117.1257095336914
2019-04-24,116.72420501708984
2019-04-25,120.58977508544922
2019-04-26,121.28074645996094
2019-04-29,121.16871643066406
2019-04-30,121.9437026977539
2019-05-01,119.40398406982422
2019-05-02,117.84467315673828
2019-05-03,120.35637664794922
2019-05-06,119.65609741210938
2019-05-07,117.20040893554688
2019-05-08,117.19107818603516
2019-05-09,117.18175506591797
2019-05-10,118.70369720458984
2019-05-13,115.17423248291016
2019-05-14,116.46277618408203
2019-05-15,118.10282897949219
2019-05-16,120.83000183105469
2019-05-17,120.02404022216797
2019-05-20,118.2902603149414
2019-05-21,118.92754364013672
2019-05-22,119.64917755126953
2019-05-23,118.25279235839844
2019-05-24,118.30900573730469
2019-05-28,118.23403930664062
2019-05-29,117.09068298339844
2019-05-30,117.8310546875
2019-05-31,115.90983581542969
2019-06-03,112.31108856201172
2019-06-04,115.4225082397461
2019-06-05,117.92475128173828
2019-06-06,119.78976440429688
2019-06-07,123.14484405517578
2019-06-10,124.26944732666016
2019-06-11,123.80086517333984
2019-06-12,123.22919464111328
2019-06-13,124.00702667236328
2019-06-14,124.12884521484375
2019-06-17,124.50373077392578
2019-06-18,126.66860961914062
2019-06-19,127.16529846191406
2019-06-20,128.34613037109375
2019-06-21,128.36489868164062
2019-06-24,129.12399291992188
2019-06-25,125.04728698730469
2019-06-26,125.51586151123047
2019-06-27,125.72205352783203
2019-06-28,125.54403686523438
2019-07-01,127.15593719482422
2019-07-02,127.99939727783203
2019-07-03,128.8241424560547
2019-07-05,128.44924926757812
2019-07-08,128.35549926757812
2019-07-09,127.8869400024414
2019-07-10,129.18963623046875
2019-07-11,129.70504760742188
2019-07-12,130.1736297607422
2019-07-15,130.1736297607422
2019-07-16,128.4679718017578
2019-07-17,127.70883178710938
2019-07-18,127.84950256347656
2019-07-19,128.03689575195312
2019-07-22,129.73313903808594
2019-07-23,130.5391387939453
2019-07-24,131.87930297851562
2019-07-25,131.38258361816406
2019-07-26,132.4603271484375
2019-07-29,132.1698455810547
2019-07-30,131.53257751464844
2019-07-31,127.70883178710938
2019-08-01,129.38644409179688
2019-08-02,128.2992706298828
2019-08-05,123.90393829345703
2019-08-06,126.22813415527344
2019-08-07,126.78105926513672
2019-08-08,130.16427612304688
2019-08-09,129.05841064453125
2019-08-12,127.2590103149414
2019-08-13,129.8925018310547
2019-08-14,125.9808578491211
2019-08-15,125.69877624511719
2019-08-16,128.0025177001953
2019-08-19,130.1464080810547
2019-08-20,129.0650177001953
2019-08-21,130.50364685058594
2019-08-22,129.55398559570312
2019-08-23,125.42607116699219
2019-08-26,127.36311340332031
2019-08-27,127.63581848144531
2019-08-28,127.4665298461914
2019-08-29,129.87367248535156
2019-08-30,129.62921142578125
2019-09-03,127.91786193847656
2019-09-04,129.4129638671875
2019-09-05,131.6884765625
2019-09-06,130.79519653320312
2019-09-09,129.3094940185547
2019-09-10,127.95548248291016
2019-09-11,127.99307250976562
2019-09-12,129.3094940185547
2019-09-13,129.1214599609375
2019-09-16,128.19058227539062
2019-09-17,129.18724060058594
2019-09-18,130.249755859375
2019-09-19,132.64756774902344
2019-09-20,131.11485290527344
2019-09-23,130.832763671875
2019-09-24,129.17787170410156
2019-09-25,131.0395965576172
2019-09-26,131.20887756347656
2019-09-27,129.5069580078125
2019-09-30,130.72935485839844
2019-10-01,128.88641357421875
2019-10-02,126.6108627319336
2019-10-03,128.1435089111328
2019-10-04,129.87367248535156
2019-10-07,128.93341064453125
2019-10-08,127.56993865966797
2019-10-09,129.98651123046875
2019-10-10,130.79519653320312
2019-10-11,131.34054565429688
2019-10-14,131.21832275390625
2019-10-15,133.11770629882812
2019-10-16,132.0269775390625
2019-10-17,131.34994506835938
2019-10-18,129.20608520507812
2019-10-21,130.16514587402344
2019-10-22,128.22816467285156
2019-10-23,129.0462646484375
2019-10-24,131.5850372314453
2019-10-25,132.32785034179688
2019-10-28,135.581298828125
2019-10-29,134.30247497558594
2019-10-30,135.97621154785156
2019-10-31,134.81024169921875
2019-11-01,135.1393280029297
2019-11-04,135.91976928710938
2019-11-05,135.8351593017578
2019-11-06,135.45904541015625
2019-11-07,135.64710998535156
2019-11-08,137.24562072753906
2019-11-11,137.38668823242188
2019-11-12,138.28936767578125
2019-11-13,138.51495361328125
2019-11-14,139.22018432617188
2019-11-15,141.0161895751953
2019-11-18,141.3640899658203
2019-11-19,141.41110229492188
2019-11-20,141.16583251953125
2019-11-21,141.03375244140625
2019-11-22,141.13748168945312
2019-11-25,142.68482971191406
2019-11-26,143.4396209716797
2019-11-27,143.7133026123047
2019-11-29,142.82638549804688
2019-12-02,141.09974670410156
2019-12-03,140.87335205078125
2019-12-04,141.3828125
2019-12-05,141.45828247070312
2019-12-06,143.1754608154297
2019-12-09,142.80751037597656
2019-12-10,142.59048461914062
2019-12-11,143.1282958984375
2019-12-12,144.581298828125
2019-12-13,145.79840087890625
2019-12-16,146.74185180664062
2019-12-17,145.94935607910156
2019-12-18,145.64739990234375
2019-12-19,146.91172790527344
2019-12-20,148.51565551757812
2019-12-23,148.51565551757812
2019-12-24,148.4873504638672
2019-12-26,149.70445251464844
2019-12-27,149.97805786132812
2019-12-30,148.6854705810547
2019-12-31,148.7892608642578
2020-01-02,151.54428100585938
2020-01-03,149.65725708007812
2020-01-06,150.04412841796875
2020-01-07,148.6760711669922
2020-01-08,151.04421997070312
2020-01-09,152.93121337890625
2020-01-10,152.22357177734375
2020-01-13,154.05393981933594
2020-01-14,152.9689483642578
2020-01-15,153.95960998535156
2020-01-16,156.78065490722656
2020-01-17,157.6581268310547
2020-01-21,157.09201049804688
2020-01-22,156.33721923828125
2020-01-23,157.29962158203125
2020-01-24,155.71450805664062
2020-01-27,153.11044311523438
2020-01-28,156.11077880859375
2020-01-29,158.54498291015625
2020-01-30,163.01719665527344
2020-01-31,160.6112060546875
2020-02-03,164.52674865722656
2020-02-04,169.94241333007812
2020-02-05,169.73484802246094
2020-02-06,173.2541046142578
2020-02-07,173.49937438964844
2020-02-10,178.03761291503906
2020-02-11,174.01832580566406
2020-02-12,174.2730712890625
2020-02-13,173.32955932617188
2020-02-14,174.87693786621094
2020-02-18,176.6506805419922
2020-02-19,177.1804656982422
2020-02-20,174.47474670410156
2020-02-21,168.95913696289062
2020-02-24,161.67440795898438
2020-02-25,159.00645446777344
2020-02-26,160.9932098388672
2020-02-27,149.6497802734375
2020-02-28,153.27322387695312
2020-03-02,163.4718780517578
2020-03-03,155.638427734375
2020-03-04,161.3527069091797
2020-03-05,157.3035430908203
2020-03-06,152.85694885253906
2020-03-09,142.49745178222656
2020-03-10,152.24205017089844
2020-03-11,145.34515380859375
2020-03-12,131.56085205078125
2020-03-13,150.26470947265625
2020-03-16,128.1171417236328
2020-03-17,138.66592407226562
2020-03-18,132.82858276367188
2020-03-19,135.01402282714844
2020-03-20,129.94309997558594
2020-03-23,128.64697265625
2020-03-24,140.34042358398438
2020-03-25,138.99697875976562
2020-03-26,147.6914520263672
2020-03-27,141.6270751953125
2020-03-30,151.58926391601562
2020-03-31,149.2051239013672
2020-04-01,143.9071044921875
2020-04-02,146.88723754882812
2020-04-03,145.53439331054688
2020-04-06,156.357421875
2020-04-07,154.67340087890625
2020-04-08,156.22496032714844
2020-04-09,156.2344207763672
2020-04-13,156.58447265625
2020-04-14,164.33282470703125
2020-04-15,162.61097717285156
2020-04-16,167.49273681640625
2020-04-17,168.96859741210938
2020-04-20,165.6195068359375
2020-04-21,158.76992797851562
2020-04-22,164.16256713867188
2020-04-23,162.17579650878906
2020-04-24,165.1370086669922
2020-04-27,164.66392517089844
2020-04-28,160.65261840820312
2020-04-29,167.86167907714844
2020-04-30,169.5457000732422
2020-05-01,165.15589904785156
2020-05-04,169.19561767578125
2020-05-05,171.0121307373047
2020-05-06,172.69607543945312
2020-05-07,173.69895935058594
2020-05-08,174.72067260742188
2020-05-11,176.66958618164062
2020-05-12,172.667724609375
2020-05-13,170.0565643310547
2020-05-14,170.7944793701172
2020-05-15,173.28265380859375
2020-05-18,174.9382781982422
2020-05-19,173.72732543945312
2020-05-20,176.13710021972656
2020-05-21,174.0214080810547
2020-05-22,174.09732055664062
2020-05-26,172.25685119628906
2020-05-27,172.48451232910156
2020-05-28,172.0955352783203
2020-05-29,173.85067749023438
2020-06-01,173.45220947265625
2020-06-02,175.42552185058594
2020-06-03,175.85244750976562
2020-06-04,173.53756713867188
2020-06-05,177.5980682373047
2020-06-08,178.69851684570312
2020-06-09,180.06466674804688
2020-06-10,186.7436065673828
2020-06-11,176.7157745361328
2020-06-12,178.11036682128906
2020-06-15,179.248779296875
2020-06-16,183.64134216308594
2020-06-17,184.2769317626953
2020-06-18,186.25030517578125
2020-06-19,185.14028930664062
2020-06-22,190.2823028564453
2020-06-23,191.55355834960938
2020-06-24,187.6923065185547
2020-06-25,190.06407165527344
2020-06-26,186.25973510742188
2020-06-29,188.2615203857422
2020-06-30,193.0714569091797
2020-07-01,194.200439453125
2020-07-02,195.68040466308594
2020-07-06,199.89266967773438
2020-07-07,197.568359375
2020-07-08,201.91342163085938
2020-07-09,203.32699584960938
2020-07-10,202.71031188964844
2020-07-13,196.44888305664062
2020-07-14,197.6632080078125
2020-07-15,197.36911010742188
2020-07-16,193.46043395996094
2020-07-17,192.4738006591797
2020-07-20,200.7465362548828
2020-07-21,198.0426788330078
2020-07-22,200.88880920410156
2020-07-23,192.1512451171875
2020-07-24,190.97482299804688
2020-07-27,193.39405822753906
2020-07-28,191.6579132080078
2020-07-29,193.59327697753906
2020-07-30,193.44140625
2020-07-31,194.4945526123047
2020-08-03,205.43313598632812
2020-08-04,202.3498077392578
2020-08-05,202.01779174804688
2020-08-06,205.25286865234375
2020-08-07,201.58143615722656
2020-08-10,197.568359375
2020-08-11,192.9481658935547
2020-08-12,198.4601287841797
2020-08-13,197.9952850341797
2020-08-14,198.1850128173828
2020-08-17,199.49420166015625
2020-08-18,200.6421661376953
2020-08-19,199.4248809814453
2020-08-20,204.06578063964844
2020-08-21,202.5821990966797
2020-08-24,203.21937561035156
2020-08-25,205.86312866210938
2020-08-26,210.3138427734375
2020-08-27,215.477783203125
2020-08-28,217.69358825683594
2020-08-31,214.47921752929688
2020-09-01,216.1339569091797
2020-09-02,220.29934692382812
2020-09-03,206.65248107910156
2020-09-04,203.7519073486328
2020-09-08,192.7298126220703
2020-09-09,200.93695068359375
2020-09-10,195.30706787109375
2020-09-11,194.03273010253906
2020-09-14,195.3450927734375
2020-09-15,198.54998779296875
2020-09-16,195.0027313232422
2020-09-17,192.96755981445312
2020-09-18,190.57107543945312
2020-09-21,192.61573791503906
2020-09-22,197.25662231445312
2020-09-23,190.7612762451172
2020-09-24,193.23387145996094
2020-09-25,197.6370391845703
2020-09-28,199.17759704589844
2020-09-29,197.1044464111328
2020-09-30,200.02401733398438
2020-10-01,202.0496826171875
2020-10-02,196.0868682861328
2020-10-05,200.071533203125
2020-10-06,195.82057189941406
2020-10-07,199.5485076904297
2020-10-08,200.2617645263672
2020-10-09,205.23548889160156
2020-10-12,210.5515899658203
2020-10-13,211.94007873535156
2020-10-14,210.03805541992188
2020-10-15,208.89688110351562
2020-10-16,208.89688110351562
2020-10-19,203.72340393066406
2020-10-20,204.1322784423828
2020-10-21,204.27496337890625
2020-10-22,204.36062622070312
2020-10-23,205.6349334716797
2020-10-26,199.78627014160156
2020-10-27,202.80093383789062
2020-10-28,192.74884033203125
2020-10-29,194.68890380859375
2020-10-30,192.54913330078125
2020-11-02,192.41603088378906
2020-11-03,196.31512451171875
2020-11-04,205.7870635986328
2020-11-05,212.34896850585938
2020-11-06,212.75791931152344
2020-11-09,207.68907165527344
2020-11-10,200.67068481445312
2020-11-11,205.93927001953125
2020-11-12,204.8836212158203
2020-11-13,205.90118408203125
2020-11-16,206.58590698242188
2020-11-17,203.95166015625
2020-11-18,201.26280212402344
2020-11-19,202.54046630859375
2020-11-20,200.60491943359375
2020-11-23,200.33792114257812
2020-11-24,203.9135284423828
2020-11-25,203.9230194091797
2020-11-27,205.21975708007812
2020-11-30,204.1137237548828
2020-12-01,206.15419006347656
2020-12-02,205.353271484375
2020-12-03,204.27584838867188
2020-12-04,204.3902587890625
2020-12-07,204.3235321044922
2020-12-08,205.9635009765625
2020-12-09,201.9493408203125
2020-12-10,200.7288818359375
2020-12-11,203.34140014648438
2020-12-14,204.23765563964844
2020-12-15,204.17092895507812
2020-12-16,209.08139038085938
2020-12-17,209.21495056152344
2020-12-18,208.42352294921875
2020-12-21,212.2375030517578
2020-12-22,213.52471923828125
2020-12-23,210.7405242919922
2020-12-24,212.3900604248047
2020-12-28,214.49728393554688
2020-12-29,213.7248992919922
2020-12-30,211.3698272705078
2020-12-31,212.07540893554688
2021-01-04,207.56536865234375
2021-01-05,207.76560974121094
2021-01-06,202.3783721923828
2021-01-07,208.13746643066406
2021-01-08,209.4056396484375
2021-01-11,207.3746795654297
2021-01-12,204.9337615966797
2021-01-13,206.2781982421875
2021-01-14,203.11257934570312
2021-01-15,202.75979614257812
2021-01-19,206.37351989746094
2021-01-20,213.9061279296875
2021-01-21,214.50677490234375
2021-01-22,215.44119262695312
2021-01-25,218.85472106933594
2021-01-26,221.52452087402344
2021-01-27,222.06797790527344
2021-01-28,227.81752014160156
2021-01-29,221.1717071533203
2021-02-01,228.50401306152344
2021-02-02,228.37051391601562
2021-02-03,231.6982421875
2021-02-04,230.75425720214844
2021-02-05,230.93539428710938
2021-02-08,231.19284057617188
2021-02-09,232.4324188232422
2021-02-10,231.526611328125
2021-02-11,233.11892700195312
2021-02-12,233.59568786621094
2021-02-16,232.3656463623047
2021-02-17,233.37869262695312
2021-02-18,232.98687744140625
2021-02-19,230.29183959960938
2021-02-22,224.1180877685547
2021-02-23,222.93301391601562
2021-02-24,224.15631103515625
2021-02-25,218.8427276611328
2021-02-26,222.0824737548828
2021-03-01,226.44044494628906
2021-03-02,223.50645446777344
2021-03-03,217.47605895996094
2021-03-04,216.68284606933594
2021-03-05,221.33702087402344
2021-03-08,217.31361389160156
2021-03-09,223.42042541503906
2021-03-10,222.12063598632812
2021-03-11,226.6219940185547
2021-03-12,225.3031463623047
2021-03-15,224.40476989746094
2021-03-16,227.17628479003906
2021-03-17,226.53598022460938
2021-03-18,220.49600219726562
2021-03-19,220.14244079589844
2021-03-22,225.5325164794922
2021-03-23,227.0520477294922
2021-03-24,225.0260009765625
2021-03-25,222.04425048828125
2021-03-26,226.0008087158203
2021-03-29,224.8157501220703
2021-03-30,221.5759735107422
2021-03-31,225.32225036621094
2021-04-01,231.61068725585938
2021-04-05,238.03292846679688
2021-04-06,236.87646484375
2021-04-07,238.8260955810547
2021-04-08,242.0276641845703
2021-04-09,244.5124053955078
2021-04-12,244.56979370117188
2021-04-13,247.03546142578125
2021-04-14,244.2639617919922
2021-04-15,248.00067138671875
2021-04-16,249.18568420410156
2021-04-19,247.27435302734375
2021-04-20,246.81565856933594
2021-04-21,249.03280639648438
2021-04-22,245.77394104003906
2021-04-23,249.5775604248047
2021-04-26,249.9598846435547
2021-04-27,250.36122131347656
2021-04-28,243.27963256835938
2021-04-29,241.32046508789062
2021-04-30,241.0050506591797
2021-05-03,240.69923400878906
2021-05-04,236.80958557128906
2021-05-05,235.54811096191406
2021-05-06,238.66366577148438
2021-05-07,241.27267456054688
2021-05-10,236.22665405273438
2021-05-11,235.3187255859375
2021-05-12,228.40911865234375
2021-05-13,232.26055908203125
2021-05-14,237.15365600585938
2021-05-17,234.31524658203125
2021-05-18,232.30836486816406
2021-05-19,232.88304138183594
2021-05-20,236.10159301757812
2021-05-21,234.8467254638672
2021-05-24,240.22052001953125
2021-05-25,241.12091064453125
2021-05-26,240.90060424804688
2021-05-27,238.81240844726562
2021-05-28,239.1668243408203
2021-06-01,236.9828643798828
2021-06-02,236.88710021972656
2021-06-03,235.36402893066406
2021-06-04,240.2301025390625
2021-06-07,243.12294006347656
2021-06-08,241.9351348876953
2021-06-09,242.91221618652344
2021-06-10,246.4084930419922
2021-06-11,247.0311279296875
2021-06-14,248.9469451904297
2021-06-15,247.4813232421875
2021-06-16,246.54261779785156
2021-06-17,249.91436767578125
2021-06-18,248.50631713867188
2021-06-21,251.5716094970703
2021-06-22,254.330322265625
2021-06-23,254.10035705566406
2021-06-24,255.4605712890625
2021-06-25,253.8608856201172
2021-06-28,257.4051208496094
2021-06-29,259.9722900390625
2021-06-30,259.4933166503906
2021-07-01,260.1639099121094
2021-07-02,265.95916748046875
2021-07-06,265.96868896484375
2021-07-07,268.1430969238281
2021-07-08,265.7388000488281
2021-07-09,266.2368469238281
2021-07-12,265.64300537109375
2021-07-13,269.1489562988281
2021-07-14,270.614501953125
2021-07-15,269.1967468261719
2021-07-16,268.9285583496094
2021-07-19,265.3460388183594
2021-07-20,267.5588073730469
2021-07-21,269.5511779785156
2021-07-22,274.0916748046875
2021-07-23,277.4729919433594
2021-07-26,276.8790588378906
2021-07-27,274.4747619628906
2021-07-28,274.1683044433594
2021-07-29,274.4365234375
2021-07-30,272.9134216308594
2021-08-02,272.8272399902344
2021-08-03,275.03033447265625
2021-08-04,274.446044921875
2021-08-05,277.32940673828125
2021-08-06,277.2718505859375
2021-08-09,276.1893615722656
2021-08-10,274.37896728515625
2021-08-11,274.8675842285156
2021-08-12,277.6070556640625
2021-08-13,280.5190734863281
2021-08-16,282.19537353515625
2021-08-17,280.73944091796875
2021-08-18,279.02154541015625
2021-08-19,284.81817626953125
2021-08-20,292.1025695800781
2021-08-23,292.38092041015625
2021-08-24,290.4326171875
2021-08-25,289.8472595214844
2021-08-26,287.0447998046875
2021-08-27,287.6495056152344
2021-08-30,291.36358642578125
2021-08-31,289.7225036621094
2021-09-01,289.6744689941406
2021-09-02,289.0218505859375
2021-09-03,289.0122985839844
2021-09-07,288.0909423828125
2021-09-08,288.1197204589844
2021-09-09,285.2789611816406
2021-09-10,283.8009338378906
2021-09-13,285.02935791015625
2021-09-14,287.7166442871094
2021-09-15,292.5440979003906
2021-09-16,292.92803955078125
2021-09-17,287.7933654785156
2021-09-20,282.4477233886719
2021-09-21,282.9276123046875
2021-09-22,286.555419921875
2021-09-23,287.495849609375
2021-09-24,287.29443359375
2021-09-27,282.32293701171875
2021-09-28,272.10186767578125
2021-09-29,272.5625305175781
2021-09-30,270.5663146972656
2021-10-01,277.4570617675781
2021-10-04,271.70843505859375
2021-10-05,277.13079833984375
2021-10-06,281.3056640625
2021-10-07,282.9756774902344
2021-10-08,282.9756774902344
2021-10-11,282.380615234375
2021-10-12,281.08489990234375
2021-10-13,284.3768005371094
2021-10-14,290.55743408203125
2021-10-15,291.9586486816406
2021-10-18,294.9147033691406
2021-10-19,295.8167419433594
2021-10-20,295.0297546386719
2021-10-21,298.24481201171875
2021-10-22,296.7092590332031
2021-10-25,295.7208251953125
2021-10-26,297.6210021972656
2021-10-27,310.1549987792969
2021-10-28,311.2875671386719
2021-10-29,318.2647705078125
2021-11-01,316.1053466796875
2021-11-02,319.71392822265625
2021-11-03,320.5489196777344
2021-11-04,322.8907165527344
2021-11-05,322.52593994140625
2021-11-08,323.4184265136719
2021-11-09,322.42047119140625
2021-11-10,317.4777526855469
2021-11-11,319.0421447753906
2021-11-12,323.1593933105469
2021-11-15,322.5355529785156
2021-11-16,325.83697509765625
2021-11-17,326.05816650390625
2021-11-18,328.1253356933594
2021-11-19,329.89447021484375
2021-11-22,326.74078369140625
2021-11-23,324.67364501953125
2021-11-24,324.8947448730469
2021-11-26,316.9817199707031
2021-11-29,323.6640319824219
2021-11-30,317.8566589355469
2021-12-01,317.3663024902344
2021-12-02,316.79901123046875
2021-12-03,310.56866455078125
2021-12-06,313.62615966796875
2021-12-07,322.0199279785156
2021-12-08,322.06793212890625
2021-12-09,320.27008056640625
2021-12-10,329.3464050292969
2021-12-13,326.3273620605469
2021-12-14,315.6934509277344
2021-12-15,321.7603759765625
2021-12-16,312.3858642578125
2021-12-17,311.3282165527344
2021-12-20,307.58807373046875
2021-12-21,314.683837890625
2021-12-22,320.3662109375
2021-12-23,321.7987365722656
2021-12-27,329.2598876953125
2021-12-28,328.1061096191406
2021-12-29,328.7791748046875
2021-12-30,326.25042724609375
2021-12-31,323.3659973144531
2022-01-03,321.8564758300781
2022-01-04,316.33758544921875
2022-01-05,304.1940612792969
2022-01-06,301.7903137207031
2022-01-07,301.944091796875
2022-01-10,302.16534423828125
2022-01-11,302.8479309082031
2022-01-12,306.0111999511719
2022-01-13,293.06005859375
2022-01-14,298.2520446777344
2022-01-18,290.9928894042969
2022-01-19,291.6466064453125
2022-01-20,289.9833679199219
2022-01-21,284.6278381347656
2022-01-24,284.9547119140625
2022-01-25,277.3782043457031
2022-01-26,285.2817077636719
2022-01-27,288.2911071777344
2022-01-28,296.38677978515625
2022-01-31,299.0020446777344
2022-02-01,296.8675842285156
2022-02-02,301.386474609375
2022-02-03,289.6468200683594
2022-02-04,294.1561584472656
2022-02-07,289.3584289550781
2022-02-08,292.8293151855469
2022-02-09,299.2231750488281
2022-02-10,290.73321533203125
2022-02-11,283.67596435546875
2022-02-14,283.6375427246094
2022-02-15,288.8968811035156
2022-02-16,288.5595703125
2022-02-17,280.1099853515625
2022-02-18,277.4122619628906
2022-02-22,277.2099609375
2022-02-23,270.0320739746094
2022-02-24,283.8290100097656
2022-02-25,286.4496765136719
2022-02-28,287.8756103515625
2022-03-01,284.17584228515625
2022-03-02,289.224365234375
2022-03-03,285.1103515625
2022-03-04,279.2718200683594
2022-03-07,268.72174072265625
2022-03-08,265.77349853515625
2022-03-09,277.96148681640625
2022-03-10,275.1577453613281
2022-03-11,269.83941650390625
2022-03-14,266.34197998046875
2022-03-15,276.6607360839844
2022-03-16,283.63629150390625
2022-03-17,284.4360046386719
2022-03-18,289.4556579589844
2022-03-21,288.23199462890625
2022-03-22,292.95306396484375
2022-03-23,288.54998779296875
2022-03-24,292.9916076660156
2022-03-25,292.5869445800781
2022-03-28,299.35052490234375
2022-03-29,303.8884582519531
2022-03-30,302.3950500488281
2022-03-31,297.04779052734375
2022-04-01,298.11724853515625
2022-04-04,303.4644470214844
2022-04-05,299.52392578125
2022-04-06,288.5595703125
2022-04-07,290.361328125
2022-04-08,286.1220703125
2022-04-11,274.83978271484375
2022-04-12,271.7566223144531
2022-04-13,277.11358642578125
2022-04-14,269.6081237792969
2022-04-18,270.2729187011719
2022-04-19,274.8782653808594
2022-04-20,275.8995666503906
2022-04-21,270.55230712890625
2022-04-22,264.0199890136719
2022-04-25,270.46563720703125
2022-04-26,260.3492126464844
2022-04-27,272.87432861328125
2022-04-28,279.0501708984375
2022-04-29,267.38250732421875
2022-05-02,274.07867431640625
2022-05-03,271.4869689941406
2022-05-04,279.3874206542969
2022-05-05,267.2187194824219
2022-05-06,264.6944274902344
2022-05-09,254.9151153564453
2022-05-10,259.65545654296875
2022-05-11,251.03237915039062
2022-05-12,246.02236938476562
2022-05-13,251.58155822753906
2022-05-16,251.94769287109375
2022-05-17,257.07342529296875
2022-05-18,245.36892700195312
2022-05-19,244.46115112304688
2022-05-20,243.9010467529297
2022-05-23,251.71360778808594
2022-05-24,250.71896362304688
2022-05-25,253.51954650878906
2022-05-26,256.7836608886719
2022-05-27,263.8719787597656
2022-05-31,262.5490417480469
2022-06-01,263.08013916015625
2022-06-02,265.1660461425781
2022-06-03,260.762451171875
2022-06-06,259.53594970703125
2022-06-07,263.15740966796875
2022-06-08,261.1390380859375
2022-06-09,255.7117462158203
2022-06-10,244.31629943847656
2022-06-13,233.9541778564453
2022-06-14,236.10769653320312
2022-06-15,243.1284637451172
2022-06-16,236.5712432861328
2022-06-17,239.1593780517578
2022-06-21,245.0405731201172
2022-06-22,244.45147705078125
2022-06-23,249.98500061035156
2022-06-24,258.5219421386719
2022-06-27,255.8083038330078
2022-06-28,247.68663024902344
2022-06-29,251.33705139160156
2022-06-30,248.02462768554688
2022-07-01,250.6802978515625
2022-07-05,253.83827209472656
2022-07-06,257.0830078125
2022-07-07,259.1979064941406
2022-07-08,258.48333740234375
2022-07-11,255.44131469726562
2022-07-12,244.9729766845703
2022-07-13,244.05552673339844
2022-07-14,245.36892700195312
2022-07-15,247.9183807373047
2022-07-18,245.5330810546875
2022-07-19,250.63204956054688
2022-07-20,253.278076171875
2022-07-21,255.76002502441406
2022-07-22,251.43359375
2022-07-25,249.9560546875
2022-07-26,243.2636260986328
2022-07-27,259.52630615234375
2022-07-28,266.9333801269531
2022-07-29,271.1148681640625
2022-08-01,268.478515625
2022-08-02,265.3978271484375
2022-08-03,272.7855529785156
2022-08-04,273.9251403808594
2022-08-05,273.21044921875
2022-08-08,270.70928955078125
2022-08-09,272.6213684082031
2022-08-10,279.2462158203125
2022-08-11,277.1795654296875
2022-08-12,281.9018859863281
2022-08-15,283.408447265625
2022-08-16,282.6744384765625
2022-08-17,281.92938232421875
2022-08-18,280.8163757324219
2022-08-19,276.9258728027344
2022-08-22,268.7967224121094
2022-08-23,267.52899169921875
2022-08-24,266.89990234375
2022-08-25,269.86126708984375
2022-08-26,259.4481201171875
2022-08-29,256.6803283691406
2022-08-30,254.49319458007812
2022-08-31,253.04150390625
2022-09-01,252.00604248046875
2022-09-02,247.805908203125
2022-09-06,245.0865020751953
2022-09-07,249.77049255371094
2022-09-08,250.18663024902344
2022-09-09,255.93511962890625
2022-09-12,258.0545654296875
2022-09-13,243.8671112060547
2022-09-14,244.08969116210938
2022-09-15,237.47019958496094
2022-09-16,236.85081481933594
2022-09-19,236.63790893554688
2022-09-20,234.63461303710938
2022-09-21,231.24746704101562
2022-09-22,233.21200561523438
2022-09-23,230.25062561035156
2022-09-26,229.79580688476562
2022-09-27,228.78933715820312
2022-09-28,233.2991485595703
2022-09-29,229.84417724609375
2022-09-30,225.3924560546875
2022-10-03,232.97976684570312
2022-10-04,240.8573455810547
2022-10-05,241.16708374023438
2022-10-06,238.834716796875
2022-10-07,226.6892547607422
2022-10-10,221.860107421875
2022-10-11,218.14390563964844
2022-10-12,218.47296142578125
2022-10-13,226.6892547607422
2022-10-14,221.19236755371094
2022-10-17,229.8732147216797
2022-10-18,230.8119659423828
2022-10-19,228.85708618164062
2022-10-20,228.5377197265625
2022-10-21,234.31529235839844
2022-10-24,239.27989196777344
2022-10-25,242.5800018310547
2022-10-26,223.8634033203125
2022-10-27,219.44068908691406
2022-10-28,228.26673889160156
2022-10-31,224.64732360839844
2022-11-01,220.81492614746094
2022-11-02,213.00509643554688
2022-11-03,207.3436737060547
2022-11-04,214.2534942626953
2022-11-07,220.52459716796875
2022-11-08,221.49241638183594
2022-11-09,217.27291870117188
2022-11-10,235.14755249023438
2022-11-11,239.1444091796875
2022-11-14,233.76361083984375
2022-11-15,234.17013549804688
2022-11-16,234.5971221923828
2022-11-17,234.54856872558594
2022-11-18,234.1021728515625
2022-11-21,234.90768432617188
2022-11-22,237.79974365234375
2022-11-23,240.2744903564453
2022-11-25,240.1871337890625
2022-11-28,234.62623596191406
2022-11-29,233.23843383789062
2022-11-30,247.6114044189453
2022-12-01,247.17469787597656
2022-12-02,247.49496459960938
2022-12-05,242.81719970703125
2022-12-06,237.8870849609375
2022-12-07,237.15924072265625
2022-12-08,240.09979248046875
2022-12-09,238.17823791503906
2022-12-12,245.0590362548828
2022-12-13,249.33889770507812
2022-12-14,249.63002014160156
2022-12-15,241.66229248046875
2022-12-16,237.4697723388672
2022-12-19,233.35487365722656
2022-12-20,234.6650390625
2022-12-21,237.2174530029297
2022-12-22,231.16159057617188
2022-12-23,231.6856231689453
2022-12-27,229.9678955078125
2022-12-28,227.60958862304688
2022-12-29,233.89834594726562
2022-12-30,232.74349975585938
2023-01-03,232.5105743408203
2023-01-04,222.3397979736328
2023-01-05,215.75010681152344
2023-01-06,218.29281616210938
2023-01-09,220.41822814941406
2023-01-10,222.09716796875
2023-01-11,228.81298828125
2023-01-12,231.47213745117188
2023-01-13,232.1708526611328
2023-01-17,233.2578582763672
2023-01-18,228.85174560546875
2023-01-19,225.08627319335938
2023-01-20,233.1316680908203
2023-01-23,235.42202758789062
2023-01-24,234.8979949951172
2023-01-25,233.51014709472656
2023-01-26,240.68211364746094
2023-01-27,240.83740234375
2023-01-30,235.54823303222656
2023-01-31,240.49771118164062
2023-02-01,245.29193115234375
2023-02-02,256.79229736328125
2023-02-03,250.72669982910156
2023-02-06,249.1932830810547
2023-02-07,259.6648864746094
2023-02-08,258.85943603515625
2023-02-09,255.84117126464844
2023-02-10,255.33656311035156
2023-02-13,263.3139343261719
2023-02-14,264.138916015625
2023-02-15,262.02764892578125
2023-02-16,255.05177307128906
2023-02-17,251.07252502441406
2023-02-21,245.8284912109375
2023-02-22,244.69989013671875
2023-02-23,247.87164306640625
2023-02-24,242.47190856933594
2023-02-27,243.386474609375
2023-02-28,242.66650390625
2023-03-01,239.60177612304688
2023-03-02,244.3107452392578
2023-03-03,248.3775634765625
2023-03-06,249.91473388671875
2023-03-07,247.26841735839844
2023-03-08,246.83059692382812
2023-03-09,245.4879608154297
2023-03-10,241.85894775390625
2023-03-13,247.044677734375
2023-03-14,253.7286376953125
2023-03-15,258.2527160644531
2023-03-16,268.7214050292969
2023-03-17,271.8638916015625
2023-03-20,264.85888671875
2023-03-21,266.36688232421875
2023-03-22,264.91729736328125
2023-03-23,270.14178466796875
2023-03-24,272.9730224609375
2023-03-27,268.8964538574219
2023-03-28,267.77764892578125
2023-03-29,272.9147033691406
2023-03-30,276.35882568359375
2023-03-31,280.4937744140625
2023-04-03,279.45269775390625
2023-04-04,279.4040832519531
2023-04-05,276.6410217285156
2023-04-06,283.7044677734375
2023-04-10,281.5542907714844
2023-04-11,275.1719055175781
2023-04-12,275.81396484375
2023-04-13,281.9920349121094
2023-04-14,278.3922424316406
2023-04-17,280.98016357421875
2023-04-18,280.56182861328125
2023-04-19,280.6396789550781
2023-04-20,278.3630676269531
2023-04-21,278.02252197265625
2023-04-24,274.14056396484375
2023-04-25,267.9624938964844
2023-04-26,287.3723449707031
2023-04-27,296.576171875
2023-04-28,298.9403381347656
2023-05-01,297.2864074707031
2023-05-02,297.1404113769531
2023-05-03,296.1578369140625
2023-05-04,297.1404113769531
2023-05-05,302.2385559082031
2023-05-08,300.2926940917969
2023-05-09,298.6874084472656
2023-05-10,303.8536682128906
2023-05-11,301.7131652832031
2023-05-12,300.6040344238281
2023-05-15,301.080810546875
2023-05-16,303.2990417480469
2023-05-17,306.1657409667969
2023-05-18,310.57293701171875
2023-05-19,310.39739990234375
2023-05-22,313.16656494140625
2023-05-23,307.39434814453125
2023-05-24,306.01947021484375
2023-05-25,317.7882995605469
2023-05-26,324.5843811035156
2023-05-30,322.94635009765625
2023-05-31,320.19671630859375
2023-06-01,324.2821044921875
2023-06-02,327.03179931640625
2023-06-05,327.5583801269531
2023-06-06,325.3547058105469
2023-06-07,315.3117370605469
2023-06-08,317.1447448730469
2023-06-09,318.6365661621094
2023-06-12,323.57037353515625
2023-06-13,325.949462890625
2023-06-14,328.92340087890625
2023-06-15,339.41485595703125
2023-06-16,333.78887939453125
2023-06-20,329.6156311035156
2023-06-21,325.2376403808594
2023-06-22,331.2342224121094
2023-06-23,326.6612548828125
2023-06-26,320.40142822265625
2023-06-27,326.2225036621094
2023-06-28,327.4705810546875
2023-06-29,326.69049072265625
2023-06-30,332.0435791015625
2023-07-03,329.5571594238281
2023-07-05,329.7131652832031
2023-07-06,332.75531005859375
2023-07-07,328.8063659667969
2023-07-10,323.55078125
2023-07-11,324.1748962402344
2023-07-12,328.7868347167969
2023-07-13,334.1106872558594
2023-07-14,336.6263122558594
2023-07-17,337.1040344238281
2023-07-18,350.520751953125
2023-07-19,346.2207336425781
2023-07-20,338.215576171875
2023-07-21,335.1929016113281
2023-07-24,336.49951171875
2023-07-25,342.2230529785156
2023-07-26,329.34259033203125
2023-07-27,322.46856689453125
2023-07-28,329.9277038574219
2023-07-31,327.5387878417969
2023-08-01,327.9483642578125
2023-08-02,319.328857421875
2023-08-03,318.50982666015625
2023-08-04,319.6018371582031
2023-08-07,321.8738098144531
2023-08-08,317.9150390625
2023-08-09,314.19036865234375
2023-08-10,314.8728942871094
2023-08-11,313.00079345703125
2023-08-14,315.95526123046875
2023-08-15,313.82958984375
2023-08-16,313.06744384765625
2023-08-17,309.6280212402344
2023-08-18,309.2371826171875
2023-08-21,314.5135498046875
2023-08-22,315.08026123046875
2023-08-23,319.5163879394531
2023-08-24,312.64727783203125
2023-08-25,315.58843994140625
2023-08-28,316.29193115234375
2023-08-29,320.8941650390625
2023-08-30,321.2654724121094
2023-08-31,320.259033203125
2023-09-01,321.1383972167969
2023-09-05,325.91644287109375
2023-09-06,325.2618408203125
2023-09-07,322.35980224609375
2023-09-08,326.62005615234375
2023-09-11,330.20599365234375
2023-09-12,324.17724609375
2023-09-13,328.3690185546875
2023-09-14,330.94866943359375
2023-09-15,322.6627197265625
2023-09-18,321.52923583984375
2023-09-19,321.128662109375
2023-09-20,313.42901611328125
2023-09-21,312.2173767089844
2023-09-22,309.75506591796875
2023-09-25,310.2729187011719
2023-09-26,304.9964599609375
2023-09-27,305.6316223144531
2023-09-28,306.4621887207031
2023-09-29,308.5238952636719
2023-10-02,314.4354248046875
2023-10-03,306.21795654296875
2023-10-04,311.6603698730469
2023-10-05,312.0512390136719
2023-10-06,319.7705078125
2023-10-09,322.2718200683594
2023-10-10,320.8746643066406
2023-10-11,324.8124084472656
2023-10-12,323.5811767578125
2023-10-13,320.2297058105469
2023-10-16,325.02728271484375
2023-10-17,324.4606018066406
2023-10-18,322.5552978515625
2023-10-19,323.73760986328125
2023-10-20,319.1940002441406
2023-10-23,321.7833557128906
2023-10-24,322.96563720703125
2023-10-25,332.8736267089844
2023-10-26,320.38604736328125
2023-10-27,322.2621154785156
2023-10-30,329.5904846191406
2023-10-31,330.3721618652344
2023-11-01,338.14996337890625
2023-11-02,340.3484802246094
2023-11-03,344.7259521484375
2023-11-06,348.37060546875
2023-11-07,352.27911376953125
2023-11-08,354.887939453125
2023-11-09,352.43536376953125
2023-11-10,361.2099304199219
2023-11-13,358.288330078125
2023-11-14,361.7961120605469
2023-11-15,361.9430847167969
2023-11-16,368.3072204589844
2023-11-17,362.1192626953125
2023-11-20,369.5506286621094
2023-11-21,365.27197265625
2023-11-22,369.9520263671875
2023-11-24,369.540771484375
2023-11-27,370.69610595703125
2023-11-28,374.70068359375
2023-11-29,370.93115234375
2023-11-30,370.9898681640625
2023-12-01,366.68182373046875
2023-12-04,361.42413330078125
2023-12-05,364.7334289550781
2023-12-06,361.0911865234375
2023-12-07,363.19622802734375
2023-12-08,366.40771484375
2023-12-11,363.5389404296875
2023-12-12,366.5545654296875
2023-12-13,366.5447692871094
2023-12-14,358.2812194824219
2023-12-15,362.98089599609375
2023-12-18,364.8607482910156
2023-12-19,365.4580078125
2023-12-20,362.8731384277344
2023-12-21,365.7321472167969
2023-12-22,366.7503967285156
2023-12-26,366.8287353515625
2023-12-27,366.2510986328125
2023-12-28,367.43572998046875
2023-12-29,368.1798095703125
2024-01-02,363.1178894042969
2024-01-03,362.85357666015625
2024-01-04,360.24920654296875
2024-01-05,360.06317138671875
2024-01-08,366.85809326171875
2024-01-09,367.93511962890625
2024-01-10,374.7691650390625
2024-01-11,376.5903625488281
2024-01-12,380.35009765625
2024-01-16,382.11236572265625
2024-01-17,381.3291931152344
2024-01-18,385.6371765136719
2024-01-19,390.33685302734375
2024-01-22,388.22198486328125
2024-01-23,390.5620422363281
2024-01-24,394.1455383300781
2024-01-25,396.4072570800781
2024-01-26,395.4869079589844
2024-01-29,401.1558532714844
2024-01-30,400.04949951171875
2024-01-31,389.2696228027344
2024-02-01,395.340087890625
2024-02-02,402.62451171875
2024-02-05,397.17095947265625
2024-02-06,397.0142822265625
2024-02-07,405.3952941894531
2024-02-08,405.45416259765625
2024-02-09,411.7594909667969
2024-02-12,406.5800476074219
2024-02-13,397.82696533203125
2024-02-14,401.6720886230469
2024-02-15,398.7980041503906
2024-02-16,396.34576416015625
2024-02-20,395.10009765625
2024-02-21,394.50164794921875
2024-02-22,403.7908630371094
2024-02-23,402.5058288574219
2024-02-26,399.7593078613281
2024-02-27,399.70050048828125
2024-02-28,399.9358825683594
2024-02-29,405.742919921875
2024-03-01,407.5673828125
2024-03-04,406.99847412109375
2024-03-05,394.96270751953125
2024-03-06,394.41339111328125
2024-03-07,401.328857421875
2024-03-08,398.464599609375
2024-03-11,396.7969970703125
2024-03-12,407.3515930175781
2024-03-13,407.17498779296875
2024-03-14,417.1017761230469
2024-03-15,408.4698486328125
2024-03-18,409.3526306152344
2024-03-19,413.364501953125
2024-03-20,417.1116027832031
2024-03-21,421.1725769042969
2024-03-22,420.5545959472656
2024-03-25,414.7867736816406
2024-03-26,413.59991455078125
2024-03-27,413.3841857910156
2024-03-28,412.68768310546875
2024-04-01,416.4642028808594
2024-04-02,413.3939514160156
2024-04-03,412.4228210449219
2024-04-04,409.9019470214844
2024-04-05,417.39605712890625
2024-04-08,416.4837951660156
2024-04-09,418.1415710449219
2024-04-10,415.1792297363281
2024-04-11,419.760009765625
2024-04-12,413.8451843261719
2024-04-15,405.742919921875
2024-04-16,406.6648864746094
2024-04-17,403.97723388671875
2024-04-18,396.5517883300781
2024-04-19,391.5001220703125
2024-04-22,393.3049621582031
2024-04-23,399.7887268066406
2024-04-24,401.2503356933594
2024-04-25,391.4216003417969
2024-04-26,398.5626220703125
2024-04-29,394.57037353515625
2024-04-30,381.8970031738281
2024-05-01,387.3998718261719
2024-05-02,390.2445373535156
2024-05-03,398.8960876464844
2024-05-06,405.644775390625
2024-05-07,401.52496337890625
2024-05-08,402.7020263671875
2024-05-09,404.44805908203125
2024-05-10,406.82183837890625
2024-05-13,405.82135009765625
2024-05-14,408.6071472167969
2024-05-15,415.7511901855469
2024-05-16,413.6973571777344
2024-05-17,412.930908203125
2024-05-20,417.97210693359375
2024-05-21,421.6080017089844
2024-05-22,423.06231689453125
2024-05-23,419.6033020019531
2024-05-24,422.70855712890625
2024-05-28,422.8658142089844
2024-05-29,421.7357482910156
2024-05-30,407.48687744140625
2024-05-31,407.9389343261719
2024-06-03,406.3568115234375
2024-06-04,408.86260986328125
2024-06-05,416.6651306152344
2024-06-06,417.1662902832031
2024-06-07,416.50787353515625
2024-06-10,420.4582214355469
2024-06-11,425.1849060058594
2024-06-12,433.4197082519531
2024-06-13,433.9306945800781
2024-06-14,434.9035949707031
2024-06-17,440.6030578613281
2024-06-18,438.6082763671875
2024-06-20,437.9793701171875
2024-06-21,441.9886474609375
2024-06-24,439.9153137207031
2024-06-25,443.1383972167969
2024-06-26,444.3274841308594
2024-06-27,445.0054626464844
2024-06-28,439.20770263671875
2024-07-01,448.8182678222656
2024-07-02,451.3240661621094
2024-07-03,452.78826904296875
2024-07-05,459.460693359375
2024-07-08,458.16357421875
2024-07-09,451.5796203613281
2024-07-10,458.1733703613281
2024-07-11,446.823486328125
2024-07-12,445.6933288574219
2024-07-15,446.0962829589844
2024-07-16,441.73321533203125
2024-07-17,435.8371276855469
2024-07-18,432.74169921875
2024-07-19,429.5381774902344
2024-07-22,435.26715087890625
2024-07-23,437.14404296875
2024-07-24,421.4703674316406
2024-07-25,411.1523132324219
2024-07-26,417.90325927734375
2024-07-29,419.3380126953125
2024-07-30,415.59405517578125
2024-07-31,411.1031494140625
2024-08-01,409.88458251953125
2024-08-02,401.4139404296875
2024-08-05,388.3050231933594
2024-08-06,392.6877136230469
2024-08-07,391.5281982421875
2024-08-08,395.7143859863281
2024-08-09,398.9867248535156
2024-08-12,399.7630615234375
2024-08-13,406.83831787109375
2024-08-14,409.63897705078125
2024-08-15,414.482421875
2024-08-16,411.9622497558594
2024-08-19,414.974609375
2024-08-20,418.19378662109375
2024-08-21,417.5440979003906
2024-08-22,409.087646484375
2024-08-23,410.308349609375
2024-08-26,407.0596618652344
2024-08-27,407.40423583984375
2024-08-28,404.2146301269531
2024-08-29,406.6954040527344
2024-08-30,410.6529541015625
2024-09-03,403.07269287109375
2024-09-04,402.54107666015625
2024-09-05,402.0390319824219
2024-09-06,395.4530334472656
2024-09-09,399.41058349609375
2024-09-10,407.7586364746094
2024-09-11,416.4611511230469
2024-09-12,420.3595886230469
2024-09-13,423.8937683105469
2024-09-16,424.63214111328125
2024-09-17,428.3828430175781
2024-09-18,424.11029052734375
2024-09-19,431.8678283691406
2024-09-20,428.5009765625
2024-09-23,426.768310546875
2024-09-24,422.4958801269531
2024-09-25,425.3901062011719
2024-09-26,424.6025695800781
2024-09-27,421.36370849609375
2024-09-30,423.6082458496094
2024-10-01,414.1477355957031
2024-10-02,410.6430358886719
2024-10-03,410.062255859375
2024-10-04,409.5897216796875
2024-10-07,403.1711120605469
2024-10-08,408.26068115234375
2024-10-09,410.9679260253906
2024-10-10,409.37310791015625
2024-10-11,409.845703125
2024-10-14,412.6218566894531
2024-10-15,412.22802734375
2024-10-16,409.6487731933594
2024-10-17,410.2394714355469
2024-10-18,411.6570739746094
2024-10-21,412.2674255371094
2024-10-22,420.8616943359375
2024-10-23,417.99688720703125
2024-10-24,418.1248474121094
2024-10-25,421.49169921875
2024-10-28,419.9559631347656
2024-10-29,425.23260498046875
2024-10-30,425.8035888671875
2024-10-31,400.0307312011719
2024-11-01,403.9881591796875
2024-11-04,402.1078796386719
2024-11-05,405.0612487792969
2024-11-06,413.6456298828125
2024-11-07,418.81402587890625
2024-11-08,415.96893310546875
2024-11-11,411.5094299316406
2024-11-12,416.4513854980469
2024-11-13,418.5875549316406
2024-11-14,420.2513122558594
2024-11-15,408.54620361328125
2024-11-18,409.2944030761719
2024-11-19,411.2928466796875
2024-11-20,409.0285949707031
2024-11-21,407.26287841796875
2024-11-22,411.3367919921875
2024-11-25,413.1025085449219
2024-11-26,422.17755126953125
2024-11-27,417.2454833984375
2024-11-29,417.7090759277344
2024-12-02,425.1269836425781
2024-12-03,425.34393310546875
2024-12-04,431.4795227050781
2024-12-05,436.6088562011719
2024-12-06,437.5459289550781
2024-12-09,439.962646484375
2024-12-10,437.3091735839844
2024-12-11,442.8923645019531
2024-12-12,443.4546203613281
2024-12-13,441.1956787109375
2024-12-16,445.45703125
2024-12-17,448.2880554199219
2024-12-18,431.44989013671875
2024-12-19,431.09478759765625
2024-12-20,430.6706237792969
2024-12-23,429.3389892578125
2024-12-24,433.3635559082031
2024-12-26,432.16009521484375
2024-12-27,424.68304443359375
2024-12-30,419.0604553222656
2024-12-31,415.7756652832031
2025-01-02,412.8953552246094
2025-01-03,417.6005859375
2025-01-06,422.0394592285156
2025-01-07,416.63385009765625
2025-01-08,418.79412841796875
2025-01-10,413.2603454589844
2025-01-13,411.5242614746094
2025-01-14,410.02490234375
2025-01-15,420.5203552246094
2025-01-16,418.8138427734375
2025-01-17,423.20343017578125
2025-01-21,422.6806335449219
2025-01-22,440.1402587890625
2025-01-23,440.643310546875
2025-01-24,438.02935791015625
2025-01-27,428.6583557128906
2025-01-28,441.126708984375
2025-01-29,436.32281494140625
2025-01-30,409.3540954589844
2025-01-31,409.4231262207031
2025-02-03,405.3393859863281
2025-02-04,406.7696533203125
2025-02-05,407.67724609375
2025-02-06,410.17279052734375
2025-02-07,404.1852722167969
2025-02-10,406.6217346191406
2025-02-11,405.85235595703125
2025-02-12,403.4849548339844
2025-02-13,404.9645080566406
2025-02-14,402.8831787109375
2025-02-18,404.0767822265625
2025-02-19,409.1371154785156
2025-02-20,411.30169677734375
2025-02-21,403.4736022949219
2025-02-24,399.31243896484375
2025-02-25,393.283203125
2025-02-26,395.09197998046875
2025-02-27,387.97552490234375
2025-02-28,392.38372802734375
2025-03-03,383.9823913574219
2025-03-04,384.1009521484375
2025-03-05,396.3669738769531
2025-03-06,392.284912109375
2025-03-07,388.7464599609375
2025-03-10,375.7490234375
2025-03-11,376.03570556640625
2025-03-12,378.82293701171875
2025-03-13,374.3751525878906
2025-03-14,384.05157470703125
2025-03-17,384.1899719238281
2025-03-18,379.070068359375
2025-03-19,383.3201599121094
2025-03-20,382.3515625
2025-03-21,386.7202453613281
2025-03-24,388.51910400390625
2025-03-25,390.57501220703125
2025-03-26,385.4451904296875
2025-03-27,386.04815673828125
2025-03-28,374.40478515625
2025-03-31,371.0343933105469
2025-04-01,377.7555236816406
2025-04-02,377.70611572265625
2025-04-03,368.78082275390625
2025-04-04,355.664794921875
2025-04-07,353.7077941894531
2025-04-08,350.446044921875
2025-04-09,385.95916748046875
2025-04-10,376.92523193359375
2025-04-11,383.9428405761719
2025-04-14,383.310302734375
2025-04-15,381.2544250488281
2025-04-16,367.2982177734375
2025-04-17,363.5126647949219
2025-04-21,354.95318603515625
2025-04-22,362.5638122558594
2025-04-23,370.0459899902344
2025-04-24,382.80615234375
2025-04-25,387.30340576171875
2025-04-28,386.6214294433594
2025-04-29,389.4679870605469
2025-04-30,390.6738586425781
2025-05-01,420.4640808105469
2025-05-02,430.2294921875
2025-05-05,431.1092224121094
2025-05-06,428.2823486328125
2025-05-07,428.3218688964844
2025-05-08,433.0860290527344
2025-05-09,433.639404296875
2025-05-12,444.0472717285156
2025-05-13,443.9286804199219
2025-05-14,447.6846008300781
2025-05-15,448.6946105957031
2025-05-16,449.8234558105469
2025-05-19,454.3783874511719
2025-05-20,453.685302734375
2025-05-21,448.14007568359375
2025-05-22,450.4076843261719
2025-05-23,445.77349853515625
2025-05-27,456.1805725097656
2025-05-28,452.8832092285156
2025-05-29,454.1903076171875
2025-05-30,455.8537902832031
2025-06-02,457.4480895996094
2025-06-03,458.4383239746094
2025-06-04,459.3294677734375
2025-06-05,463.1021728515625
2025-06-06,465.7757568359375
2025-06-09,468.12255859375
2025-06-10,466.31048583984375
2025-06-11,467.9938049316406
2025-06-12,474.1826171875
2025-06-13,470.3108825683594
2025-06-16,474.45001220703125
2025-06-17,473.36077880859375
2025-06-18,475.53924560546875
2025-06-20,472.72705078125
2025-06-23,481.2428283691406
2025-06-24,485.3126220703125
2025-06-25,487.45147705078125
2025-06-26,492.580810546875
2025-06-27,491.0855712890625
2025-06-30,492.54119873046875
2025-07-01,487.2336120605469
2025-07-02,486.2830505371094
2025-07-03,493.95721435546875
2025-07-07,492.84814453125
2025-07-08,491.7588806152344
2025-07-09,498.5814514160156
2025-07-10,496.5713195800781
2025-07-11,498.3933410644531
2025-07-14,498.09625244140625
2025-07-15,500.8688659667969
2025-07-16,500.6708068847656
2025-07-17,506.6913146972656
2025-07-18,505.0574645996094
2025-07-21,505.06732177734375
2025-07-22,500.32421875
2025-07-23,500.9183654785156
2025-07-24,505.8793029785156
2025-07-25,508.6816711425781
2025-07-28,507.48345947265625
2025-07-29,507.55279541015625
2025-07-30,508.2162170410156
2025-07-31,528.2778930664062
2025-08-01,518.9798583984375
2025-08-04,530.39697265625
2025-08-05,522.5841674804688
2025-08-06,519.8017578125
2025-08-07,515.7418823242188
2025-08-08,516.9301147460938
2025-08-11,516.6627807617188
2025-08-12,524.0595703125
2025-08-13,515.4844360351562
2025-08-14,517.36572265625
2025-08-15,515.078369140625
2025-08-18,512.0383911132812
2025-08-19,504.7801818847656
2025-08-20,500.76983642578125
2025-08-21,500.1250915527344
2025-08-22,503.09075927734375
2025-08-25,500.1449890136719
2025-08-26,497.943115234375
2025-08-27,502.6047058105469
2025-08-28,505.4810791015625
2025-08-29,502.5551452636719
2025-09-02,500.9979248046875
2025-09-03,501.22607421875
2025-09-04,503.82470703125
2025-09-05,490.9605407714844
2025-09-08,494.1344299316406
2025-09-09,494.3427429199219
2025-09-10,496.2867126464844
2025-09-11,496.9215087890625
2025-09-12,505.73895263671875
2025-09-15,511.1543884277344
2025-09-16,504.8859558105469
2025-09-17,505.85797119140625
2025-09-18,504.3008117675781
2025-09-19,513.703369140625
2025-09-22,510.25177001953125
2025-09-23,505.074462890625
2025-09-24,505.9869079589844
2025-09-25,502.8923645019531
2025-09-26,507.28619384765625
2025-09-29,510.4005432128906
2025-09-30,513.7232666015625
2025-10-01,515.4689331054688
2025-10-02,511.53131103515625
2025-10-03,513.1281127929688
2025-10-06,524.256591796875
2025-10-07,519.7040405273438
2025-10-08,520.56689453125
2025-10-09,518.136962890625
2025-10-10,506.790283203125
2025-10-13,509.8550720214844
2025-10-14,509.37896728515625
2025-10-15,509.2401123046875
2025-10-16,507.4349670410156
2025-10-17,509.38897705078125
2025-10-20,512.5726928710938
2025-10-21,513.4356079101562
2025-10-22,516.2921142578125
2025-10-23,516.3119506835938
2025-10-24,519.3370361328125
2025-10-27,527.1825561523438
2025-10-28,537.6464233398438
2025-10-29,537.1306762695312
2025-10-30,521.469482421875
2025-10-31,513.5843505859375
2025-11-03,512.8107299804688
2025-11-04,510.1328430175781
2025-11-05,503.02130126953125
2025-11-06,493.04339599609375
2025-11-07,492.76568603515625
2025-11-10,501.8707275390625
2025-11-11,504.5289001464844
2025-11-12,506.9688415527344
2025-11-13,499.182861328125
2025-11-14,506.01666259765625
2025-11-17,503.34857177734375
2025-11-18,489.76043701171875
2025-11-19,483.14483642578125
2025-11-20,475.4139099121094
2025-11-21,469.1436462402344
2025-11-24,471.0118408203125
2025-11-25,473.9829406738281
2025-11-26,482.4393005371094
2025-11-28,488.9082946777344
2025-12-01,483.6714782714844
2025-12-02,486.91094970703125
2025-12-03,474.7182922363281
2025-12-04,477.8086853027344
2025-12-05,480.11407470703125
2025-12-08,487.9245300292969
2025-12-09,488.9181823730469
2025-12-10,475.5430603027344
2025-12-11,480.422119140625
2025-12-12,475.51324462890625
2025-12-15,471.82666015625
2025-12-16,473.38677978515625
2025-12-17,473.1184387207031
2025-12-18,480.92889404296875
2025-12-19,482.8566589355469
2025-12-22,481.8630065917969
2025-12-23,483.78082275390625
2025-12-24,484.94342041015625
2025-12-26,484.6354064941406
2025-12-29,484.02923583984375
2025-12-30,484.4068603515625
2025-12-31,480.5711669921875
2026-01-02,469.95849609375
2026-01-05,469.86907958984375
2026-01-06,475.493408203125
2026-01-07,480.422119140625
2026-01-08,475.09588623046875
2026-01-09,476.2585144042969
2026-01-12,474.1717529296875
2026-01-13,467.70281982421875
2026-01-14,456.4840087890625
2026-01-15,453.7811584472656
2026-01-16,456.9609680175781
2026-01-20,451.65460205078125
2026-01-21,441.3102111816406
2026-01-22,448.2959289550781
2026-01-23,463.0125732421875
2026-01-26,467.31524658203125
2026-01-27,477.55035400390625
2026-01-28,478.59368896484375
2026-01-29,430.76715087890625
2026-01-30,427.5773620605469
2026-02-02,420.7010192871094
2026-02-03,408.6176452636719
2026-02-04,411.5788879394531
2026-02-05,391.188232421875
2026-02-06,398.61114501953125
2026-02-09,410.9925842285156
2026-02-10,410.6646728515625
2026-02-11,401.82073974609375
2026-02-12,399.30670166015625
2026-02-13,398.7900085449219
2026-02-17,394.3581237792969
2026-02-18,397.0808410644531
2026-02-19,396.8517761230469
2026-02-20,395.6267395019531
2026-02-23,382.918212890625
2026-02-24,387.4299621582031
2026-02-25,398.9831237792969
2026-02-26,400.0986022949219
2026-02-27,391.15484619140625
2026-03-02,396.9413757324219
2026-03-03,402.2996826171875
2026-03-04,403.5645751953125
2026-03-05,409.0224304199219
2026-03-06,407.30938720703125
2026-03-09,407.757568359375
2026-03-10,404.122314453125
2026-03-11,403.245849609375
2026-03-12,400.238037109375
2026-03-13,393.9534912109375
2026-03-16,398.33575439453125
2026-03-17,397.79791259765625
2026-03-18,390.2087097167969
2026-03-19,387.4498596191406
2026-03-20,380.3287353515625
2026-03-23,381.4541931152344
2026-03-24,371.2355651855469
2026-03-25,369.5424499511719
2026-03-26,364.492919921875
2026-03-27,355.33001708984375
2026-03-30,357.51116943359375
2026-03-31,368.67596435546875
2026-04-01,367.8791809082031
2026-04-02,371.9526672363281
2026-04-06,371.375
2026-04-07,370.78741455078125
2026-04-08,372.81915283203125
2026-04-09,371.56427001953125
2026-04-10,369.3731384277344
2026-04-13,382.8186340332031
2026-04-14,391.5233459472656
2026-04-15,409.5602722167969
2026-04-16,418.56378173828125
2026-04-17,421.0835876464844
2026-04-20,416.38262939453125
2026-04-21,422.44805908203125
2026-04-22,431.1726989746094
2026-04-23,414.07196044921875
2026-04-24,422.90618896484375
2026-04-27,423.1053771972656
2026-04-28,427.5174865722656
2026-04-29,422.7467956542969
2026-04-30,406.1341552734375
2026-05-01,412.76727294921875
2026-05-04,411.9505615234375
2026-05-05,409.7196350097656
2026-05-06,412.2891845703125
2026-05-07,419.07171630859375
2026-05-08,413.44451904296875
2026-05-11,410.99444580078125
2026-05-12,406.1241760253906
2026-05-13,403.57452392578125
2026-05-14,407.7774963378906
2026-05-15,420.2170715332031
2026-05-18,421.83056640625
2026-05-19,415.7352600097656
2026-05-20,419.36053466796875
2026-05-21,418.3025207519531
2026-05-22,417.7835388183594
2026-05-26,415.248291015625
2026-05-27,411.8946228027344
2026-05-28,426.18768310546875
2026-05-29,449.3940124511719
2026-06-01,459.6546936035156
2026-06-02,440.48077392578125
2026-06-03,426.53704833984375
2026-06-04,427.2456970214844
2026-06-05,415.8870849609375
2026-06-08,410.9663391113281
2026-06-09,402.6520080566406
2026-06-10,396.61334228515625
2026-06-11,389.6065673828125
2026-06-12,390.00579833984375
2026-06-15,399.0088806152344
2026-06-16,393.0899963378906
2026-06-17,378.1980285644531
2026-06-18,378.6871032714844
2026-06-22,366.6497802734375
2026-06-23,373.23736572265625
2026-06-24,364.7733154296875
2026-06-25,352.1670227050781
2026-06-26,372.2691955566406
2026-06-29,367.8774719238281
2026-06-30,372.319091796875
2026-07-01,383.5579528808594
2026-07-02,389.7562561035156
2026-07-06,386.0133056640625
2026-07-07,388.109375
2026-07-08,382.6197204589844
2026-07-09,383.6377868652344
2026-07-10,384.37640380859375
2026-07-13,390.2553405761719
2026-07-14,384.20672607421875
2026-07-15,394.8866271972656
2026-07-16,400.3463439941406
2026-07-17,393.08001708984375
2026-07-20,401.53411865234375
2026-07-21,397.00262451171875
2026-07-22,389.6065673828125
2026-07-23,380.8630065917969
2026-07-24,380.9828186035156
2026-07-27,388.368896484375
2026-07-28,392.61090087890625
2026-07-29,389.8061828613281
2026-07-30,450.2524108886719
2026-07-31,463.8468017578125
2026-08-03,486.73370361328125
2026-08-04,491.884033203125
2026-08-05,486.5440673828125
2026-08-06,498.9207458496094
2026-08-07,499.0505065917969
2026-08-10,505.109130859375
2026-08-11,502.86334228515625
2026-08-12,491.5047302246094
2026-08-13,495.9463806152344
2026-08-14,494.4691467285156
2026-08-17,479.44744873046875
2026-08-18,480.72503662109375
2026-08-19,483.3999938964844
2026-08-20,481.1499938964844
2026-08-21,483.239990234375
