Date,Close
2010-01-04,0.42329034209251404
2010-01-05,0.4294716417789459
2010-01-06,0.4322185814380646
2010-01-07,0.4237481653690338
2010-01-08,0.4246640205383301
2010-01-11,0.41871178150177
2010-01-12,0.4045182168483734
2010-01-13,0.41001248359680176
2010-01-14,0.4036024510860443
2010-01-15,0.3916982114315033
2010-01-19,0.3990239202976227
2010-01-20,0.3974214196205139
2010-01-21,0.39032456278800964
2010-01-22,0.3768176734447479
2010-01-25,0.3832278549671173
2010-01-26,0.37109461426734924
2010-01-27,0.38116753101348877
2010-01-28,0.3683474659919739
2010-01-29,0.3523223102092743
2010-02-01,0.37933608889579773
2010-02-02,0.3832278549671173
2010-02-03,0.3864326775074005
2010-02-04,0.36399775743484497
2010-02-05,0.3713233470916748
2010-02-08,0.37063658237457275
2010-02-09,0.36766064167022705
2010-02-10,0.37475746870040894
2010-02-11,0.3919270932674408
2010-02-12,0.39719250798225403
2010-02-16,0.4045182168483734
2010-02-17,0.4084100127220154
2010-02-18,0.38162535429000854
2010-02-19,0.3795650005340576
2010-02-22,0.3802516758441925
2010-02-23,0.37109461426734924
2010-02-24,0.37887805700302124
2010-02-25,0.3754442036151886
2010-02-26,0.3708655834197998
2010-03-01,0.3857460021972656
2010-03-02,0.3855170011520386
2010-03-03,0.38070952892303467
2010-03-04,0.3813963234424591
2010-03-05,0.393071711063385
2010-03-08,0.3873485326766968
2010-03-09,0.4017711281776428
2010-03-10,0.4026867151260376
2010-03-11,0.3935296833515167
2010-03-12,0.3949032127857208
2010-03-15,0.39284297823905945
2010-03-16,0.40657854080200195
2010-03-17,0.4143621325492859
2010-03-18,0.39971068501472473
2010-03-19,0.3949032127857208
2010-03-22,0.4013131856918335
2010-03-23,0.40955469012260437
2010-03-24,0.39581888914108276
2010-03-25,0.39696356654167175
2010-03-26,0.39696356654167175
2010-03-29,0.4020000398159027
2010-03-30,0.4036024510860443
2010-03-31,0.39833715558052063
2010-04-01,0.39421647787094116
2010-04-05,0.4001685678958893
2010-04-06,0.39032456278800964
2010-04-07,0.39284297823905945
2010-04-08,0.3864326775074005
2010-04-09,0.3889510929584503
2010-04-12,0.396047979593277
2010-04-13,0.40428921580314636
2010-04-14,0.4093257784843445
2010-04-15,0.4123018980026245
2010-04-16,0.3905535042285919
2010-04-19,0.3887220621109009
2010-04-20,0.390095591545105
2010-04-21,0.38002291321754456
2010-04-22,0.38162535429000854
2010-04-23,0.37635985016822815
2010-04-26,0.38002291321754456
2010-04-27,0.3692631423473358
2010-04-28,0.36994996666908264
2010-04-29,0.38116753101348877
2010-04-30,0.35964810848236084
2010-05-03,0.3557562828063965
2010-05-04,0.3376709222793579
2010-05-05,0.33194756507873535
2010-05-06,0.32507970929145813
2010-05-07,0.319585382938385
2010-05-10,0.33332115411758423
2010-05-11,0.32965826988220215
2010-05-12,0.33606839179992676
2010-05-13,0.33538156747817993
2010-05-14,0.29669252038002014
2010-05-17,0.29737919569015503
2010-05-18,0.28753525018692017
2010-05-19,0.29211392998695374
2010-05-20,0.2852460443973541
2010-05-21,0.2914270758628845
2010-05-24,0.28295662999153137
2010-05-25,0.2905115783214569
2010-05-26,0.29188498854637146
2010-05-27,0.3090546429157257
2010-05-28,0.3008132874965668
2010-06-01,0.2879931330680847
2010-06-02,0.2911982834339142
2010-06-03,0.2907402813434601
2010-06-04,0.27700453996658325
2010-06-07,0.2632687985897064
2010-06-08,0.2559432089328766
2010-06-09,0.24976195394992828
2010-06-10,0.2598348557949066
2010-06-11,0.2657869756221771
2010-06-14,0.26006385684013367
2010-06-15,0.27288374304771423
2010-06-16,0.2694498896598816
2010-06-17,0.2797517776489258
2010-06-18,0.2815832197666168
2010-06-21,0.27494412660598755
2010-06-22,0.2646423280239105
2010-06-23,0.26761844754219055
2010-06-24,0.2543405294418335
2010-06-25,0.25365370512008667
2010-06-28,0.2541115880012512
2010-06-29,0.23991794884204865
2010-06-30,0.23373690247535706
2010-07-01,0.23762880265712738
2010-07-02,0.2346525639295578
2010-07-06,0.23213446140289307
2010-07-07,0.24335189163684845
2010-07-08,0.23602616786956787
2010-07-09,0.23694190382957458
2010-07-12,0.24129155278205872
2010-07-13,0.24999085068702698
2010-07-14,0.25250908732414246
2010-07-15,0.24541226029396057
2010-07-16,0.23007406294345856
2010-07-19,0.23946011066436768
2010-07-20,0.24541226029396057
2010-07-21,0.23739978671073914
2010-07-22,0.24129155278205872
2010-07-23,0.23717086017131805
2010-07-26,0.241520494222641
2010-07-27,0.23946011066436768
2010-07-28,0.23190543055534363
2010-07-29,0.2090124636888504
2010-07-30,0.21038611233234406
2010-08-02,0.21015717089176178
2010-08-03,0.20466288924217224
2010-08-04,0.21336212754249573
2010-08-05,0.2161092907190323
2010-08-06,0.21862754225730896
2010-08-09,0.22068794071674347
2010-08-10,0.21153074502944946
2010-08-11,0.20328927040100098
2010-08-12,0.2051207423210144
2010-08-13,0.21496467292308807
2010-08-16,0.20947039127349854
2010-08-17,0.2122175544500351
2010-08-18,0.21336212754249573
2010-08-19,0.22618228197097778
2010-08-20,0.22824259102344513
2010-08-23,0.22480861842632294
2010-08-24,0.22251935303211212
2010-08-25,0.22709794342517853
2010-08-26,0.22435079514980316
2010-08-27,0.23167654871940613
2010-08-30,0.22068794071674347
2010-08-31,0.213591068983078
2010-09-01,0.21519359946250916
2010-09-02,0.2190854400396347
2010-09-03,0.22664014995098114
2010-09-07,0.2287004441022873
2010-09-08,0.23625510931015015
2010-09-09,0.2330501824617386
2010-09-10,0.23053191602230072
2010-09-13,0.24358080327510834
2010-09-14,0.24129155278205872
2010-09-15,0.24174952507019043
2010-09-16,0.24197842180728912
2010-09-17,0.241520494222641
2010-09-20,0.24518343806266785
2010-09-21,0.25846123695373535
2010-09-22,0.2607506215572357
2010-09-23,0.2660159766674042
2010-09-24,0.28066739439964294
2010-09-27,0.2747153639793396
2010-09-28,0.274028480052948
2010-09-29,0.27196818590164185
2010-09-30,0.2673895061016083
2010-10-01,0.2598348557949066
2010-10-04,0.25731655955314636
2010-10-05,0.2591480016708374
2010-10-06,0.24678586423397064
2010-10-07,0.2449544221162796
2010-10-08,0.24861730635166168
2010-10-11,0.24747255444526672
2010-10-12,0.25228023529052734
2010-10-13,0.2596059739589691
2010-10-14,0.25548526644706726
2010-10-15,0.25846123695373535
2010-10-18,0.26006385684013367
2010-10-19,0.25846123695373535
2010-10-20,0.25846123695373535
2010-10-21,0.2538827061653137
2010-10-22,0.2701367139816284
2010-10-25,0.27265486121177673
2010-10-26,0.27173927426338196
2010-10-27,0.2756310701370239
2010-10-28,0.2758599817752838
2010-10-29,0.2751730680465698
2010-11-01,0.2756310701370239
2010-11-02,0.28135424852371216
2010-11-03,0.2834146320819855
2010-11-04,0.28387242555618286
2010-11-05,0.28867992758750916
2010-11-08,0.2898246943950653
2010-11-09,0.28822213411331177
2010-11-10,0.29165610671043396
2010-11-11,0.28867992758750916
2010-11-12,0.3035602867603302
2010-11-15,0.29989737272262573
2010-11-16,0.29096925258636475
2010-11-17,0.2957768142223358
2010-11-18,0.30493393540382385
2010-11-19,0.3147779405117035
2010-11-22,0.31500691175460815
2010-11-23,0.30768105387687683
2010-11-24,0.3152357041835785
2010-11-26,0.3113439679145813
2010-11-29,0.3147779405117035
2010-11-30,0.311572790145874
2010-12-01,0.32530856132507324
2010-12-02,0.32920041680336
2010-12-03,0.33858656883239746
2010-12-06,0.33217641711235046
2010-12-07,0.3429361879825592
2010-12-08,0.345912367105484
2010-12-09,0.340189129114151
2010-12-10,0.34224945306777954
2010-12-13,0.3335500955581665
2010-12-14,0.3340079188346863
2010-12-15,0.3266822099685669
2010-12-16,0.3271401524543762
2010-12-17,0.3289714753627777
2010-12-20,0.3275979161262512
2010-12-21,0.3404179811477661
2010-12-22,0.3440808355808258
2010-12-23,0.3415626287460327
2010-12-27,0.34339404106140137
2010-12-28,0.3420204818248749
2010-12-29,0.3420204818248749
2010-12-30,0.3431651294231415
2010-12-31,0.35255125164985657
2011-01-03,0.36216631531715393
2011-01-04,0.36102163791656494
2011-01-05,0.3887220621109009
2011-01-06,0.44252049922943115
2011-01-07,0.4548826515674591
2011-01-10,0.4722813069820404
2011-01-11,0.46495556831359863
2011-01-12,0.534550130367279
2011-01-13,0.5354659557342529
2011-01-14,0.540044367313385
2011-01-18,0.5274530649185181
2011-01-19,0.5130307674407959
2011-01-20,0.5134885907173157
2011-01-21,0.508681058883667
2011-01-24,0.5661423206329346
2011-01-25,0.5487436652183533
2011-01-26,0.5617927312850952
2011-01-27,0.5601899027824402
2011-01-28,0.5439363718032837
2011-01-31,0.5475990772247314
2011-02-01,0.5601899027824402
2011-02-02,0.585601270198822
2011-02-03,0.5746127367019653
2011-02-04,0.5876616835594177
2011-02-07,0.5631664395332336
2011-02-08,0.5464543700218201
2011-02-09,0.5331766605377197
2011-02-10,0.5224167108535767
2011-02-11,0.537297248840332
2011-02-14,0.5290558338165283
2011-02-15,0.5162357687950134
2011-02-16,0.5352368950843811
2011-02-17,0.5878909230232239
2011-02-18,0.5867460370063782
2011-02-22,0.5313450694084167
2011-02-23,0.5061627626419067
2011-02-24,0.5185250639915466
2011-02-25,0.529284656047821
2011-02-28,0.5187538266181946
2011-03-01,0.49563202261924744
2011-03-02,0.47502854466438293
2011-03-03,0.477775514125824
2011-03-04,0.47525760531425476
2011-03-07,0.4686184227466583
2011-03-08,0.4475569427013397
2011-03-09,0.4381708800792694
2011-03-10,0.4102414846420288
2011-03-11,0.4132174849510193
2011-03-14,0.41665151715278625
2011-03-15,0.40428921580314636
2011-03-16,0.4013131856918335
2011-03-17,0.40886786580085754
2011-03-18,0.4033735990524292
2011-03-21,0.40657854080200195
2011-03-22,0.39948174357414246
2011-03-23,0.40772321820259094
2011-03-24,0.44023117423057556
2011-03-25,0.4264954626560211
2011-03-28,0.4422917068004608
2011-03-29,0.4388577342033386
2011-03-30,0.4223747253417969
2011-03-31,0.42260363698005676
2011-04-01,0.41665151715278625
2011-04-04,0.4017711281776428
2011-04-05,0.40245792269706726
2011-04-06,0.39971068501472473
2011-04-07,0.4143621325492859
2011-04-08,0.4017711281776428
2011-04-11,0.3965056836605072
2011-04-12,0.3976503312587738
2011-04-13,0.40657854080200195
2011-04-14,0.4237481653690338
2011-04-15,0.4283267855644226
2011-04-18,0.41413334012031555
2011-04-19,0.412530779838562
2011-04-20,0.4251217842102051
2011-04-21,0.4239772856235504
2011-04-25,0.4306161403656006
2011-04-26,0.4418337047100067
2011-04-27,0.4418337047100067
2011-04-28,0.4466412365436554
2011-04-29,0.4578588306903839
2011-05-02,0.45167770981788635
2011-05-03,0.4301583766937256
2011-05-04,0.42695337533950806
2011-05-05,0.427182137966156
2011-05-06,0.4422917068004608
2011-05-09,0.4521355628967285
2011-05-10,0.45282235741615295
2011-05-11,0.4548826515674591
2011-05-12,0.4693051278591156
2011-05-13,0.4180249273777008
2011-05-16,0.40520504117012024
2011-05-17,0.4036024510860443
2011-05-18,0.4129886329174042
2011-05-19,0.4070364534854889
2011-05-20,0.41413334012031555
2011-05-23,0.41367557644844055
2011-05-24,0.4152779281139374
2011-05-25,0.42031434178352356
2011-05-26,0.43084511160850525
2011-05-27,0.4464123845100403
2011-05-31,0.45877450704574585
2011-06-01,0.4381708800792694
2011-06-02,0.43611040711402893
2011-06-03,0.42260363698005676
2011-06-06,0.41367557644844055
2011-06-07,0.41344645619392395
2011-06-08,0.4022288918495178
2011-06-09,0.3976503312587738
2011-06-10,0.3919270932674408
2011-06-13,0.38917988538742065
2011-06-14,0.3923850357532501
2011-06-15,0.38391464948654175
2011-06-16,0.37063658237457275
2011-06-17,0.36193734407424927
2011-06-20,0.35758763551712036
2011-06-21,0.3653712272644043
2011-06-22,0.3603349030017853
2011-06-23,0.37109461426734924
2011-06-24,0.3603349030017853
2011-06-27,0.352780282497406
2011-06-28,0.35484063625335693
2011-06-29,0.3603349030017853
2011-06-30,0.3649134039878845
2011-07-01,0.36972102522850037
2011-07-05,0.36353999376296997
2011-07-06,0.3587324321269989
2011-07-07,0.3601059019565582
2011-07-08,0.353238046169281
2011-07-11,0.34087589383125305
2011-07-12,0.3362972140312195
2011-07-13,0.3356105089187622
2011-07-14,0.32233262062072754
2011-07-15,0.3227904140949249
2011-07-18,0.31592249870300293
2011-07-19,0.3255375921726227
2011-07-20,0.3214170038700104
2011-07-21,0.33652621507644653
2011-07-22,0.34339404106140137
2011-07-25,0.33789968490600586
2011-07-26,0.32965826988220215
2011-07-27,0.31729617714881897
2011-07-28,0.31660938262939453
2011-07-29,0.31660938262939453
2011-08-01,0.3335500955581665
2011-08-02,0.3301160931587219
2011-08-03,0.339044451713562
2011-08-04,0.30676549673080444
2011-08-05,0.2964635193347931
2011-08-08,0.27311277389526367
2011-08-09,0.2960056662559509
2011-08-10,0.28249889612197876
2011-08-11,0.30699434876441956
2011-08-12,0.2948610782623291
2011-08-15,0.3060786724090576
2011-08-16,0.29737919569015503
2011-08-17,0.2932586073875427
2011-08-18,0.27334174513816833
2011-08-19,0.2685341238975525
2011-08-22,0.27334174513816833
2011-08-23,0.3028736114501953
2011-08-24,0.29852399230003357
2011-08-25,0.2857039272785187
2011-08-26,0.29783716797828674
2011-08-29,0.30584973096847534
2011-08-30,0.3131753206253052
2011-08-31,0.30470508337020874
2011-09-01,0.3040182292461395
2011-09-02,0.2957768142223358
2011-09-06,0.3017289340496063
2011-09-07,0.3262244164943695
2011-09-08,0.32462188601493835
2011-09-09,0.31775403022766113
2011-09-12,0.32530856132507324
2011-09-13,0.33263441920280457
2011-09-14,0.34980401396751404
2011-09-15,0.35484063625335693
2011-09-16,0.35392481088638306
2011-09-19,0.34659916162490845
2011-09-20,0.3376709222793579
2011-09-21,0.33126088976860046
2011-09-22,0.3092835247516632
2011-09-23,0.31569355726242065
2011-09-26,0.31638044118881226
2011-09-27,0.31683823466300964
2011-09-28,0.3072230815887451
2011-09-29,0.2996685802936554
2011-09-30,0.28639063239097595
2011-10-03,0.2703655958175659
2011-10-04,0.2953187823295593
2011-10-05,0.30584973096847534
2011-10-06,0.31798288226127625
2011-10-07,0.3239351212978363
2011-10-10,0.3383576571941376
2011-10-11,0.33469468355178833
2011-10-12,0.33446580171585083
2011-10-13,0.35392481088638306
2011-10-14,0.3598770499229431
2011-10-17,0.3420204818248749
2011-10-18,0.3543827533721924
2011-10-19,0.34728577733039856
2011-10-20,0.3298872709274292
2011-10-21,0.33148977160453796
2011-10-24,0.34385186433792114
2011-10-25,0.330802857875824
2011-10-26,0.33469468355178833
2011-10-27,0.34911730885505676
2011-10-28,0.357129842042923
2011-10-31,0.3388155698776245
2011-11-01,0.3218747079372406
2011-11-02,0.31638044118881226
2011-11-03,0.33538156747817993
2011-11-04,0.3392733037471771
2011-11-07,0.33744195103645325
2011-11-08,0.34522557258605957
2011-11-09,0.32782694697380066
2011-11-10,0.33126088976860046
2011-11-11,0.3429361879825592
2011-11-14,0.3362972140312195
2011-11-15,0.3406469225883484
2011-11-16,0.3337790071964264
2011-11-17,0.3218747079372406
2011-11-18,0.3188985586166382
2011-11-21,0.3349238336086273
2011-11-22,0.34522557258605957
2011-11-23,0.330574095249176
2011-11-25,0.3214170038700104
2011-11-28,0.3395022749900818
2011-11-29,0.3413337767124176
2011-11-30,0.35781654715538025
2011-12-01,0.36216631531715393
2011-12-02,0.3598770499229431
2011-12-05,0.3543827533721924
2011-12-06,0.349346399307251
2011-12-07,0.34728577733039856
2011-12-08,0.3362972140312195
2011-12-09,0.3411048650741577
2011-12-12,0.33263441920280457
2011-12-13,0.3234770894050598
2011-12-14,0.3108859956264496
2011-12-15,0.3081389367580414
2011-12-16,0.3092835247516632
2011-12-19,0.3012710511684418
2011-12-20,0.3182118833065033
2011-12-21,0.3140909969806671
2011-12-22,0.3275979161262512
2011-12-23,0.3243929147720337
2011-12-27,0.3218747079372406
2011-12-28,0.313862144947052
2011-12-29,0.3198143541812897
2011-12-30,0.31729617714881897
2012-01-03,0.3214170038700104
2012-01-04,0.32507970929145813
2012-01-05,0.3367551565170288
2012-01-06,0.3328632414340973
2012-01-09,0.3328632414340973
2012-01-10,0.33148977160453796
2012-01-11,0.32485079765319824
2012-01-12,0.3227904140949249
2012-01-13,0.31432002782821655
2012-01-17,0.30951258540153503
2012-01-18,0.32004314661026
2012-01-19,0.3285136818885803
2012-01-20,0.3255375921726227
2012-01-23,0.33446580171585083
2012-01-24,0.3420204818248749
2012-01-25,0.33996015787124634
2012-01-26,0.3367551565170288
2012-01-27,0.3413337767124176
2012-01-30,0.3388155698776245
2012-01-31,0.3381287157535553
2012-02-01,0.3417915105819702
2012-02-02,0.3546116054058075
2012-02-03,0.36216631531715393
2012-02-06,0.35941919684410095
2012-02-07,0.3603349030017853
2012-02-08,0.3733837604522705
2012-02-09,0.37315496802330017
2012-02-10,0.36399775743484497
2012-02-13,0.36972102522850037
2012-02-14,0.37178128957748413
2012-02-15,0.3701787292957306
2012-02-16,0.3765888512134552
2012-02-17,0.36285313963890076
2012-02-21,0.3646845519542694
2012-02-22,0.36216631531715393
2012-02-23,0.3642266094684601
2012-02-24,0.3614795207977295
2012-02-27,0.35415372252464294
2012-02-28,0.35094884037971497
2012-02-29,0.34682801365852356
2012-03-01,0.34911730885505676
2012-03-02,0.3520934283733368
2012-03-05,0.340189129114151
2012-03-06,0.3369840085506439
2012-03-07,0.339044451713562
2012-03-08,0.340189129114151
2012-03-09,0.3392733037471771
2012-03-12,0.3340079188346863
2012-03-13,0.33858656883239746
2012-03-14,0.3289714753627777
2012-03-15,0.3337790071964264
2012-03-16,0.33423691987991333
2012-03-19,0.33515268564224243
2012-03-20,0.32965826988220215
2012-03-21,0.3310319185256958
2012-03-22,0.330574095249176
2012-03-23,0.3330923914909363
2012-03-26,0.3369840085506439
2012-03-27,0.3392733037471771
2012-03-28,0.3470569849014282
2012-03-29,0.348659485578537
2012-03-30,0.35255125164985657
2012-04-02,0.35094884037971497
2012-04-03,0.34522557258605957
2012-04-04,0.33538156747817993
2012-04-05,0.3349238336086273
2012-04-09,0.330574095249176
2012-04-10,0.32416409254074097
2012-04-11,0.3282846212387085
2012-04-12,0.33606839179992676
2012-04-13,0.32416409254074097
2012-04-16,0.3202722370624542
2012-04-17,0.32095906138420105
2012-04-18,0.3175249993801117
2012-04-19,0.3127176761627197
2012-04-20,0.3065364360809326
2012-04-23,0.3028736114501953
2012-04-24,0.29348742961883545
2012-04-25,0.29943960905075073
2012-04-26,0.2996685802936554
2012-04-27,0.29715022444725037
2012-04-30,0.2976081967353821
2012-05-01,0.3028736114501953
2012-05-02,0.2941742241382599
2012-05-03,0.2891377806663513
2012-05-04,0.28066739439964294
2012-05-07,0.28547489643096924
2012-05-08,0.2852460443973541
2012-05-09,0.28639063239097595
2012-05-10,0.2843303680419922
2012-05-11,0.30241575837135315
2012-05-14,0.3005842864513397
2012-05-15,0.2976081967353821
2012-05-16,0.29165610671043396
2012-05-17,0.28959566354751587
2012-05-18,0.2765467166900635
2012-05-21,0.28135424852371216
2012-05-22,0.27792033553123474
2012-05-23,0.2847881317138672
2012-05-24,0.2772336006164551
2012-05-25,0.28387242555618286
2012-05-29,0.2911982834339142
2012-05-30,0.28776422142982483
2012-05-31,0.2845591604709625
2012-06-01,0.27425748109817505
2012-06-04,0.2685341238975525
2012-06-05,0.2763178050518036
2012-06-06,0.28364360332489014
2012-06-07,0.2721971571445465
2012-06-08,0.2774623930454254
2012-06-11,0.28066739439964294
2012-06-12,0.28639063239097595
2012-06-13,0.2788359820842743
2012-06-14,0.27540209889411926
2012-06-15,0.28135424852371216
2012-06-18,0.28387242555618286
2012-06-19,0.30310240387916565
2012-06-20,0.3079099953174591
2012-06-21,0.29394546151161194
2012-06-22,0.2976081967353821
2012-06-25,0.28822213411331177
2012-06-26,0.2914270758628845
2012-06-27,0.3008132874965668
2012-06-28,0.30310240387916565
2012-06-29,0.31638044118881226
2012-07-02,0.3079099953174591
2012-07-03,0.31592249870300293
2012-07-05,0.3127176761627197
2012-07-06,0.30676549673080444
2012-07-09,0.3026445806026459
2012-07-10,0.29348742961883545
2012-07-11,0.28867992758750916
2012-07-12,0.28387242555618286
2012-07-13,0.28753525018692017
2012-07-16,0.28845107555389404
2012-07-17,0.28318557143211365
2012-07-18,0.29898181557655334
2012-07-19,0.3019578754901886
2012-07-20,0.2932586073875427
2012-07-23,0.29715022444725037
2012-07-24,0.29394546151161194
2012-07-25,0.2996685802936554
2012-07-26,0.30104219913482666
2012-07-27,0.30859676003456116
2012-07-30,0.30516284704208374
2012-07-31,0.3099704384803772
2012-08-01,0.3065364360809326
2012-08-02,0.30768105387687683
2012-08-03,0.3140909969806671
2012-08-06,0.3207300305366516
2012-08-07,0.3239351212978363
2012-08-08,0.32576650381088257
2012-08-09,0.3367551565170288
2012-08-10,0.33469468355178833
2012-08-13,0.339044451713562
2012-08-14,0.3340079188346863
2012-08-15,0.33148977160453796
2012-08-16,0.3383576571941376
2012-08-17,0.33538156747817993
2012-08-20,0.33538156747817993
2012-08-21,0.33446580171585083
2012-08-22,0.33515268564224243
2012-08-23,0.3275979161262512
2012-08-24,0.33423691987991333
2012-08-27,0.3285136818885803
2012-08-28,0.3271401524543762
2012-08-29,0.32782694697380066
2012-08-30,0.3216457664966583
2012-08-31,0.3211878836154938
2012-09-04,0.3040182292461395
2012-09-05,0.30493393540382385
2012-09-06,0.31432002782821655
2012-09-07,0.30676549673080444
2012-09-10,0.3040182292461395
2012-09-11,0.30768105387687683
2012-09-12,0.3111150860786438
2012-09-13,0.3131753206253052
2012-09-14,0.31683823466300964
2012-09-17,0.3081389367580414
2012-09-18,0.3101993501186371
2012-09-19,0.313862144947052
2012-09-20,0.311572790145874
2012-09-21,0.31294649839401245
2012-09-24,0.3127176761627197
2012-09-25,0.30699434876441956
2012-09-26,0.3017289340496063
2012-09-27,0.3040182292461395
2012-09-28,0.30539190769195557
2012-10-01,0.30035537481307983
2012-10-02,0.3015000522136688
2012-10-03,0.29852399230003357
2012-10-04,0.3118017315864563
2012-10-05,0.30447614192962646
2012-10-08,0.3015000522136688
2012-10-09,0.2950899600982666
2012-10-10,0.2900535762310028
2012-10-11,0.29165610671043396
2012-10-12,0.2891377806663513
2012-10-15,0.292800635099411
2012-10-16,0.3012710511684418
2012-10-17,0.29898181557655334
2012-10-18,0.2944031357765198
2012-10-19,0.2772336006164551
2012-10-22,0.274028480052948
2012-10-23,0.28226998448371887
2012-10-24,0.27860701084136963
2012-10-25,0.2788359820842743
2012-10-26,0.2758599817752838
2012-10-31,0.27425748109817505
2012-11-01,0.28730636835098267
2012-11-02,0.2859328091144562
2012-11-05,0.29806602001190186
2012-11-06,0.29783716797828674
2012-11-07,0.28867992758750916
2012-11-08,0.2902824282646179
2012-11-09,0.2790648639202118
2012-11-12,0.27288374304771423
2012-11-13,0.2708233892917633
2012-11-14,0.26418453454971313
2012-11-15,0.26532918214797974
2012-11-16,0.26052165031433105
2012-11-19,0.2678473889827728
2012-11-20,0.26473695039749146
2012-11-21,0.2723402976989746
2012-11-23,0.27418360114097595
2012-11-26,0.2790221869945526
2012-11-27,0.2801741063594818
2012-11-28,0.2824781835079193
2012-11-29,0.27740931510925293
2012-11-30,0.27579641342163086
2012-12-03,0.2707273066043854
2012-12-04,0.278791606426239
2012-12-05,0.2755659818649292
2012-12-06,0.2760269045829773
2012-12-07,0.2755659818649292
2012-12-10,0.28478214144706726
2012-12-11,0.29146403074264526
2012-12-12,0.2884688079357147
2012-12-13,0.2886991798877716
2012-12-14,0.290081650018692
2012-12-17,0.2889295518398285
2012-12-18,0.2893902659416199
2012-12-19,0.29146403074264526
2012-12-20,0.29123368859291077
2012-12-21,0.28455179929733276
2012-12-24,0.2822478115558624
2012-12-26,0.28201737999916077
2012-12-27,0.2801741063594818
2012-12-28,0.278791606426239
2012-12-31,0.2824781835079193
2013-01-02,0.29307690262794495
2013-01-03,0.29330721497535706
2013-01-04,0.3029843866825104
2013-01-07,0.2942289412021637
2013-01-08,0.28777751326560974
2013-01-09,0.28132614493370056
2013-01-10,0.2817869782447815
2013-01-11,0.28132614493370056
2013-01-14,0.2810956835746765
2013-01-15,0.2760269045829773
2013-01-16,0.2785613536834717
2013-01-17,0.2822478115558624
2013-01-18,0.2804045081138611
2013-01-22,0.2790221869945526
2013-01-23,0.27948296070098877
2013-01-24,0.28086531162261963
2013-01-25,0.2859342694282532
2013-01-28,0.29054245352745056
2013-01-29,0.2843214273452759
2013-01-30,0.28386062383651733
2013-01-31,0.2824781835079193
2013-02-01,0.28501254320144653
2013-02-04,0.2801741063594818
2013-02-05,0.2866254448890686
2013-02-06,0.2843214273452759
2013-02-07,0.2831694781780243
2013-02-08,0.28501254320144653
2013-02-11,0.2882383167743683
2013-02-12,0.28639504313468933
2013-02-13,0.28501254320144653
2013-02-14,0.29330721497535706
2013-02-15,0.29330721497535706
2013-02-19,0.2893902659416199
2013-02-20,0.28524309396743774
2013-02-21,0.2831694781780243
2013-02-22,0.2884688079357147
2013-02-25,0.2833997905254364
2013-02-26,0.28676116466522217
2013-02-27,0.2920931279659271
2013-02-28,0.2934838831424713
2013-03-01,0.2946431338787079
2013-03-04,0.2934838831424713
2013-03-05,0.2967294454574585
2013-03-06,0.2964976131916046
2013-03-07,0.2958020567893982
2013-03-08,0.29719313979148865
2013-03-11,0.29441121220588684
2013-03-12,0.29533854126930237
2013-03-13,0.29533854126930237
2013-03-14,0.29557037353515625
2013-03-15,0.2930202782154083
2013-03-18,0.2909339368343353
2013-03-19,0.2890794575214386
2013-03-20,0.2925567328929901
2013-03-21,0.2879202663898468
2013-03-22,0.28931137919425964
2013-03-25,0.2876884639263153
2013-03-26,0.2897747755050659
2013-03-27,0.2932521104812622
2013-03-28,0.29742488265037537
2013-04-01,0.2876884639263153
2013-04-02,0.2846747636795044
2013-04-03,0.28119751811027527
2013-04-04,0.2839793562889099
2013-04-05,0.2888476252555847
2013-04-08,0.2881520390510559
2013-04-09,0.29278844594955444
2013-04-10,0.29742488265037537
2013-04-11,0.2960340082645416
2013-04-12,0.30345213413238525
2013-04-15,0.29719313979148865
2013-04-16,0.3004385530948639
2013-04-17,0.2964976131916046
2013-04-18,0.29070210456848145
2013-04-19,0.2913976013660431
2013-04-22,0.29186126589775085
2013-04-23,0.29951128363609314
2013-04-24,0.3097113072872162
2013-04-25,0.31226131319999695
2013-04-26,0.31087037920951843
2013-04-29,0.31457945704460144
2013-04-30,0.31921592354774475
2013-05-01,0.3164340853691101
2013-05-02,0.3201431930065155
2013-05-03,0.3215342164039612
2013-05-06,0.32060694694519043
2013-05-07,0.3164340853691101
2013-05-08,0.32222968339920044
2013-05-09,0.3224615454673767
2013-05-10,0.337066113948822
2013-05-13,0.3301115036010742
2013-05-14,0.33497971296310425
2013-05-15,0.3407753109931946
2013-05-16,0.33915239572525024
2013-05-17,0.3447161912918091
2013-05-20,0.34402069449424744
2013-05-21,0.34763216972351074
2013-05-22,0.3355162441730499
2013-05-23,0.34087517857551575
2013-05-24,0.3387782871723175
2013-05-28,0.33854538202285767
2013-05-29,0.33644840121269226
2013-05-30,0.34087517857551575
2013-05-31,0.3371472656726837
2013-06-03,0.33668121695518494
2013-06-04,0.3371472656726837
2013-06-05,0.3299243152141571
2013-06-06,0.3320212960243225
2013-06-07,0.33668121695518494
2013-06-10,0.33644840121269226
2013-06-11,0.33015742897987366
2013-06-12,0.3273613452911377
2013-06-13,0.3348173499107361
2013-06-14,0.3343513607978821
2013-06-17,0.3376132547855377
2013-06-18,0.3355162441730499
2013-06-19,0.34576815366744995
2013-06-20,0.33644840121269226
2013-06-21,0.33598241209983826
2013-06-24,0.32899239659309387
2013-06-25,0.33132240176200867
2013-06-26,0.3294583261013031
2013-06-27,0.32642942667007446
2013-06-28,0.32712844014167786
2013-07-01,0.32852640748023987
2013-07-02,0.3282933533191681
2013-07-03,0.3292253613471985
2013-07-05,0.3317883610725403
2013-07-08,0.33015742897987366
2013-07-09,0.3317883610725403
2013-07-10,0.33621522784233093
2013-07-11,0.34087517857551575
2013-07-12,0.3411082327365875
2013-07-15,0.34040915966033936
2013-07-16,0.34227320551872253
2013-07-17,0.34040915966033936
2013-07-18,0.3390113115310669
2013-07-19,0.3317883610725403
2013-07-22,0.3315553069114685
2013-07-23,0.3310893177986145
2013-07-24,0.3310893177986145
2013-07-25,0.3322543501853943
2013-07-26,0.3308563530445099
2013-07-29,0.33015742897987366
2013-07-30,0.33574938774108887
2013-07-31,0.33644840121269226
2013-08-01,0.3411082327365875
2013-08-02,0.34390413761138916
2013-08-05,0.3455352187156677
2013-08-06,0.34040915966033936
2013-08-07,0.34017622470855713
2013-08-08,0.3425062596797943
2013-08-09,0.3376132547855377
2013-08-12,0.3348173499107361
2013-08-13,0.33598241209983826
2013-08-14,0.35019510984420776
2013-08-15,0.35252514481544495
2013-08-16,0.35392311215400696
2013-08-19,0.34833118319511414
2013-08-20,0.3500874936580658
2013-08-21,0.3484482169151306
2013-08-22,0.3503217399120331
2013-08-23,0.3503217399120331
2013-08-26,0.35102418065071106
2013-08-27,0.34657490253448486
2013-08-28,0.34657490253448486
2013-08-29,0.34587234258651733
2013-08-30,0.34540408849716187
2013-09-03,0.34563812613487244
2013-09-04,0.3489166796207428
2013-09-05,0.3498532474040985
2013-09-06,0.3484482169151306
2013-09-09,0.3543025851249695
2013-09-10,0.36179620027542114
2013-09-11,0.3678846061229706
2013-09-12,0.3676503598690033
2013-09-13,0.369992196559906
2013-09-16,0.3702262043952942
2013-09-17,0.37139707803726196
2013-09-18,0.3746756315231323
2013-09-19,0.37303626537323
2013-09-20,0.3697579801082611
2013-09-23,0.3662453591823578
2013-09-24,0.3676503598690033
2013-09-25,0.3681187033653259
2013-09-26,0.3669480085372925
2013-09-27,0.3648403286933899
2013-09-30,0.36437201499938965
2013-10-01,0.36413779854774475
2013-10-02,0.36390358209609985
2013-10-03,0.360156774520874
2013-10-04,0.3650745749473572
2013-10-07,0.3650745749473572
2013-10-08,0.36203035712242126
2013-10-09,0.35641011595726013
2013-10-10,0.3603910505771637
2013-10-11,0.35734671354293823
2013-10-14,0.36273273825645447
2013-10-15,0.36085933446884155
2013-10-16,0.36530861258506775
2013-10-17,0.3660111725330353
2013-10-18,0.3702262043952942
2013-10-21,0.3711630403995514
2013-10-22,0.3692896068096161
2013-10-23,0.3629668951034546
2013-10-24,0.3603910505771637
2013-10-25,0.35687845945358276
2013-10-28,0.3561760187149048
2013-10-29,0.35664424300193787
2013-10-30,0.35641011595726013
2013-10-31,0.3557076156139374
2013-11-01,0.35734671354293823
2013-11-04,0.34704309701919556
2013-11-05,0.34657490253448486
2013-11-06,0.3489166796207428
2013-11-07,0.34072062373161316
2013-11-08,0.36437201499938965
2013-11-11,0.3674161732196808
2013-11-12,0.3681187033653259
2013-11-13,0.3781881034374237
2013-11-14,0.3798273801803589
2013-11-15,0.37865641713142395
2013-11-18,0.3695237338542938
2013-11-19,0.3635200262069702
2013-11-20,0.35810500383377075
2013-11-21,0.36093032360076904
2013-11-22,0.35739850997924805
2013-11-25,0.36516809463500977
2013-11-26,0.3682289123535156
2013-11-27,0.36964139342308044
2013-11-29,0.3672870695590973
2013-12-02,0.3708186149597168
2013-12-03,0.3705832362174988
2013-12-04,0.3757629096508026
2013-12-05,0.36964139342308044
2013-12-06,0.364226371049881
2013-12-09,0.35810500383377075
2013-12-10,0.3663454055786133
2013-12-11,0.3628136217594147
2013-12-12,0.35575053095817566
2013-12-13,0.35363152623176575
2013-12-16,0.3541024625301361
2013-12-17,0.35575053095817566
2013-12-18,0.36069488525390625
2013-12-19,0.36210739612579346
2013-12-20,0.3694060444831848
2013-12-23,0.3715251088142395
2013-12-24,0.37246671319007874
2013-12-26,0.368935227394104
2013-12-27,0.37105414271354675
2013-12-30,0.3759983479976654
2013-12-31,0.37717553973197937
2014-01-02,0.37340858578681946
2014-01-03,0.368935227394104
2014-01-06,0.3738793730735779
2014-01-07,0.3800007998943329
2014-01-08,0.38518065214157104
2014-01-09,0.3708186149597168
2014-01-10,0.370347797870636
2014-01-13,0.3616364598274231
2014-01-14,0.3729376196861267
2014-01-15,0.3769401013851166
2014-01-16,0.3781174123287201
2014-01-17,0.3764691650867462
2014-01-21,0.37788182497024536
2014-01-22,0.37741100788116455
2014-01-23,0.3759983479976654
2014-01-24,0.3663454055786133
2014-01-27,0.36399099230766296
2014-01-28,0.36752256751060486
2014-01-29,0.36399099230766296
2014-01-30,0.37011241912841797
2014-01-31,0.36964139342308044
2014-02-03,0.36469730734825134
2014-02-04,0.3668161630630493
2014-02-05,0.3635200262069702
2014-02-06,0.3682289123535156
2014-02-07,0.3736439347267151
2014-02-10,0.37482118606567383
2014-02-11,0.38259071111679077
2014-02-12,0.3962463438510895
2014-02-13,0.40872448682785034
2014-02-14,0.42167386412620544
2014-02-18,0.4214383065700531
2014-02-19,0.4270889461040497
2014-02-20,0.442157119512558
2014-02-21,0.43886107206344604
2014-02-24,0.44521793723106384
2014-02-25,0.44320759177207947
2014-02-26,0.44249802827835083
2014-02-27,0.43753165006637573
2014-02-28,0.43469345569610596
2014-03-03,0.43256494402885437
2014-03-04,0.4370585083961487
2014-03-05,0.4408425986766815
2014-03-06,0.43469345569610596
2014-03-07,0.4342205226421356
2014-03-10,0.42783480882644653
2014-03-11,0.4320918619632721
2014-03-12,0.43327444791793823
2014-03-13,0.41955727338790894
2014-03-14,0.4214491844177246
2014-03-17,0.4214491844177246
2014-03-18,0.4313824474811554
2014-03-19,0.4389505386352539
2014-03-20,0.43918707966804504
2014-03-21,0.4384775459766388
2014-03-24,0.4363490045070648
2014-03-25,0.4363490045070648
2014-03-26,0.42641592025756836
2014-03-27,0.42073965072631836
2014-03-28,0.4233413338661194
2014-03-31,0.4235776960849762
2014-04-01,0.44107910990715027
2014-04-02,0.43824103474617004
2014-04-03,0.44297099113464355
2014-04-04,0.42925381660461426
2014-04-07,0.43067294359207153
2014-04-08,0.4460456669330597
2014-04-09,0.4455726742744446
2014-04-10,0.43469345569610596
2014-04-11,0.4285443425178528
2014-04-14,0.43327444791793823
2014-04-15,0.4363490045070648
2014-04-16,0.4372950494289398
2014-04-17,0.4389505386352539
2014-04-21,0.44249802827835083
2014-04-22,0.44628211855888367
2014-04-23,0.45148518681526184
2014-04-24,0.45550575852394104
2014-04-25,0.44297099113464355
2014-04-28,0.44107910990715027
2014-04-29,0.44202515482902527
2014-04-30,0.4368220567703247
2014-05-01,0.43918707966804504
2014-05-02,0.4358760118484497
2014-05-05,0.44060617685317993
2014-05-06,0.43161892890930176
2014-05-07,0.4320918619632721
2014-05-08,0.43753165006637573
2014-05-09,0.4268888831138611
2014-05-12,0.4394235610961914
2014-05-13,0.432328462600708
2014-05-14,0.42807137966156006
2014-05-15,0.42570623755455017
2014-05-16,0.4247604012489319
2014-05-19,0.4384775459766388
2014-05-20,0.43336936831474304
2014-05-21,0.43336936831474304
2014-05-22,0.4352699816226959
2014-05-23,0.43930914998054504
2014-05-27,0.4471496045589447
2014-05-28,0.45095112919807434
2014-05-29,0.45023828744888306
2014-05-30,0.45142629742622375
2014-06-02,0.4500007927417755
2014-06-03,0.4480999708175659
2014-06-04,0.4485752284526825
2014-06-05,0.4504760205745697
2014-06-06,0.45213907957077026
2014-06-09,0.452614426612854
2014-06-10,0.45499029755592346
2014-06-11,0.4609300196170807
2014-06-12,0.4637811481952667
2014-06-13,0.4642564356327057
2014-06-16,0.46283072233200073
2014-06-17,0.46591970324516296
2014-06-18,0.46544426679611206
2014-06-19,0.4547525942325592
2014-06-20,0.4497632086277008
2014-06-23,0.44453611969947815
2014-06-24,0.43764594197273254
2014-06-25,0.44216006994247437
2014-06-26,0.4362203776836395
2014-06-27,0.43669554591178894
2014-06-30,0.4404970705509186
2014-07-01,0.445486456155777
2014-07-02,0.44382327795028687
2014-07-03,0.447862446308136
2014-07-07,0.44429850578308105
2014-07-08,0.4407346248626709
2014-07-09,0.4540398120880127
2014-07-10,0.45166394114494324
2014-07-11,0.452614426612854
2014-07-14,0.4583164155483246
2014-07-15,0.4602172076702118
2014-07-16,0.4597420394420624
2014-07-17,0.4585539996623993
2014-07-18,0.43812116980552673
2014-07-21,0.4407346248626709
2014-07-22,0.43883395195007324
2014-07-23,0.42956778407096863
2014-07-24,0.4302805960178375
2014-07-25,0.42267751693725586
2014-07-28,0.4210144877433777
2014-07-29,0.4224399924278259
2014-07-30,0.42956778407096863
2014-07-31,0.41578736901283264
2014-08-01,0.420301616191864
2014-08-04,0.419351190328598
2014-08-05,0.41958892345428467
2014-08-06,0.41911372542381287
2014-08-07,0.414837121963501
2014-08-08,0.45142629742622375
2014-08-11,0.44905027747154236
2014-08-12,0.44905027747154236
2014-08-13,0.45166394114494324
2014-08-14,0.4466744065284729
2014-08-15,0.45237675309181213
2014-08-18,0.4585539996623993
2014-08-19,0.46225297451019287
2014-08-20,0.45938941836357117
2014-08-21,0.4550936818122864
2014-08-22,0.45533230900764465
2014-08-25,0.4560483396053314
2014-08-26,0.4641622006893158
2014-08-27,0.45891204476356506
2014-08-28,0.462730348110199
2014-08-29,0.4641622006893158
2014-09-02,0.46535536646842957
2014-09-03,0.4696511924266815
2014-09-04,0.4780036211013794
2014-09-05,0.4765717089176178
2014-09-08,0.47227615118026733
2014-09-09,0.46631017327308655
2014-09-10,0.46798062324523926
2014-09-11,0.4632076621055603
2014-09-12,0.4562869668006897
2014-09-15,0.450082391500473
2014-09-16,0.45676425099372864
2014-09-17,0.4570029377937317
2014-09-18,0.4639235734939575
2014-09-19,0.45533230900764465
2014-09-22,0.4507981836795807
2014-09-23,0.4488890767097473
2014-09-24,0.45151400566101074
2014-09-25,0.4417296350002289
2014-09-26,0.44268426299095154
2014-09-29,0.44196829199790955
2014-09-30,0.4402978718280792
2014-10-01,0.4360022246837616
2014-10-02,0.434093177318573
2014-10-03,0.43504762649536133
2014-10-06,0.4324224889278412
2014-10-07,0.42788830399513245
2014-10-08,0.4357636570930481
2014-10-09,0.42741113901138306
2014-10-10,0.4021148979663849
2014-10-13,0.4006830155849457
2014-10-14,0.4099900722503662
2014-10-15,0.41619494557380676
2014-10-16,0.4164334535598755
2014-10-17,0.41571754217147827
2014-10-20,0.4192972481250763
2014-10-21,0.43719545006752014
2014-10-22,0.42693379521369934
2014-10-23,0.4364795684814453
2014-10-24,0.4410136938095093
2014-10-27,0.4412524104118347
2014-10-28,0.45175284147262573
2014-10-29,0.4488890767097473
2014-10-30,0.44602522253990173
2014-10-31,0.46631017327308655
2014-11-03,0.4741852283477783
2014-11-04,0.4803900420665741
2014-11-05,0.4803900420665741
2014-11-06,0.48253774642944336
2014-11-07,0.47227615118026733
2014-11-10,0.47776496410369873
2014-11-11,0.47203734517097473
2014-11-12,0.46893510222435
2014-11-13,0.4665486216545105
2014-11-14,0.47227615118026733
2014-11-17,0.4701283276081085
2014-11-18,0.4813445508480072
2014-11-19,0.4795471429824829
2014-11-20,0.48745572566986084
2014-11-21,0.49009203910827637
2014-11-24,0.4932074546813965
2014-11-25,0.4929676651954651
2014-11-26,0.501355767250061
2014-11-28,0.5025539398193359
2014-12-01,0.4932074546813965
2014-12-02,0.4939262866973877
2014-12-03,0.5066282153129578
2014-12-04,0.5020747184753418
2014-12-05,0.5049502849578857
2014-12-08,0.4984797239303589
2014-12-09,0.49680203199386597
2014-12-10,0.4857781231403351
2014-12-11,0.48553842306137085
2014-12-12,0.4704403579235077
2014-12-15,0.46900230646133423
2014-12-16,0.4637300670146942
2014-12-17,0.4826626479625702
2014-12-18,0.4845799505710602
2014-12-19,0.48937302827835083
2014-12-22,0.4980004131793976
2014-12-23,0.49488502740859985
2014-12-24,0.4929676651954651
2014-12-26,0.4934469759464264
2014-12-29,0.49272817373275757
2014-12-30,0.48817458748817444
2014-12-31,0.48050567507743835
2015-01-02,0.4824230670928955
2015-01-05,0.47427478432655334
2015-01-06,0.4598955512046814
2015-01-07,0.4586973190307617
2015-01-08,0.47595223784446716
2015-01-09,0.47786960005760193
2015-01-12,0.47187817096710205
2015-01-13,0.47115927934646606
2015-01-14,0.47307655215263367
2015-01-15,0.46972137689590454
2015-01-16,0.478348970413208
2015-01-20,0.4797869026660919
2015-01-21,0.48649707436561584
2015-01-22,0.49488502740859985
2015-01-23,0.496322900056839
2015-01-26,0.4941660165786743
2015-01-27,0.4704403579235077
2015-01-28,0.46277135610580444
2015-01-29,0.4740350842475891
2015-01-30,0.46013519167900085
2015-02-02,0.47020062804222107
2015-02-03,0.48194369673728943
2015-02-04,0.48314204812049866
2015-02-05,0.4910506308078766
2015-02-06,0.48889362812042236
2015-02-09,0.48841431736946106
2015-02-10,0.5020747184753418
2015-02-11,0.4987194240093231
2015-02-12,0.5344278216362
2015-02-13,0.5346674919128418
2015-02-17,0.5363449454307556
2015-02-18,0.5301140546798706
2015-02-19,0.5315520763397217
2015-02-20,0.5353866219520569
2015-02-23,0.5310726165771484
2015-02-24,0.5367264151573181
2015-02-25,0.5326365828514099
2015-02-26,0.5340800881385803
2015-02-27,0.5307120084762573
2015-03-02,0.5437031984329224
2015-03-03,0.5335986614227295
2015-03-04,0.5396132469177246
2015-03-05,0.5499579310417175
2015-03-06,0.5425000190734863
2015-03-09,0.5439435243606567
2015-03-10,0.5533261299133301
2015-03-11,0.550439178943634
2015-03-12,0.5453870296478271
2015-03-13,0.5461086630821228
2015-03-16,0.5526041984558105
2015-03-17,0.5593405365943909
2015-03-18,0.5501984357833862
2015-03-19,0.5586185455322266
2015-03-20,0.5646331906318665
2015-03-23,0.546349048614502
2015-03-24,0.5388913750648499
2015-03-25,0.5061730742454529
2015-03-26,0.5044891238212585
2015-03-27,0.5143526792526245
2015-03-30,0.5165180563926697
2015-03-31,0.5035266280174255
2015-04-01,0.5054513216018677
2015-04-02,0.5066543221473694
2015-04-06,0.521329402923584
2015-04-07,0.52590012550354
2015-04-08,0.5297495126724243
2015-04-09,0.5420188903808594
2015-04-10,0.5475522875785828
2015-04-13,0.5425000190734863
2015-04-14,0.5379290580749512
2015-04-15,0.5444247126579285
2015-04-16,0.5410566926002502
2015-04-17,0.5340800881385803
2015-04-20,0.5314337015151978
2015-04-21,0.5307120084762573
2015-04-22,0.5367264151573181
2015-04-23,0.5345610976219177
2015-04-24,0.5299900770187378
2015-04-27,0.5340800881385803
2015-04-28,0.5367264151573181
2015-04-29,0.5326365828514099
2015-04-30,0.5340800881385803
2015-05-01,0.5473117232322693
2015-05-04,0.5439435243606567
2015-05-05,0.5299900770187378
2015-05-06,0.5316742062568665
2015-05-07,0.5410566926002502
2015-05-08,0.5011209845542908
2015-05-11,0.49630942940711975
2015-05-12,0.5011209845542908
2015-05-13,0.5040078163146973
2015-05-14,0.5121874213218689
2015-05-15,0.5124279856681824
2015-05-18,0.5117064714431763
2015-05-19,0.5085158944129944
2015-05-20,0.5085158944129944
2015-05-21,0.504890501499176
2015-05-22,0.5041654109954834
2015-05-26,0.5010236501693726
2015-05-27,0.5278511047363281
2015-05-28,0.5351020097732544
2015-05-29,0.5348601341247559
2015-06-01,0.5409023761749268
2015-06-02,0.5302680134773254
2015-06-03,0.5244675278663635
2015-06-04,0.5338934063911438
2015-06-05,0.5380023717880249
2015-06-08,0.5256760120391846
2015-06-09,0.5283344388008118
2015-06-10,0.5189086198806763
2015-06-11,0.5244675278663635
2015-06-12,0.5102077126502991
2015-06-15,0.5092411637306213
2015-06-16,0.5155249834060669
2015-06-17,0.5215673446655273
2015-06-18,0.5302680134773254
2015-06-19,0.528576135635376
2015-06-22,0.5264011025428772
2015-06-23,0.5128664374351501
2015-06-24,0.5077910423278809
2015-06-25,0.5116578936576843
2015-06-26,0.501265287399292
2015-06-29,0.48628056049346924
2015-06-30,0.48603880405426025
2015-07-01,0.4930478632450104
2015-07-02,0.4935312569141388
2015-07-06,0.48748889565467834
2015-07-07,0.4783046543598175
2015-07-08,0.4749210774898529
2015-07-09,0.4691205322742462
2015-07-10,0.4773380160331726
2015-07-13,0.480479896068573
2015-07-14,0.4807215929031372
2015-07-15,0.4773380160331726
2015-07-16,0.4879724085330963
2015-07-17,0.4850720465183258
2015-07-20,0.4761294722557068
2015-07-21,0.4783046543598175
2015-07-22,0.4691205322742462
2015-07-23,0.4749210774898529
2015-07-24,0.46936216950416565
2015-07-27,0.4667035639286041
2015-07-28,0.476854532957077
2015-07-29,0.48265525698661804
2015-07-30,0.4838635325431824
2015-07-31,0.48217183351516724
2015-08-03,0.49038925766944885
2015-08-04,0.4923228621482849
2015-08-05,0.4973981976509094
2015-08-06,0.49425628781318665
2015-08-07,0.5554039478302002
2015-08-10,0.5747393369674683
2015-08-11,0.5718387961387634
2015-08-12,0.5732889771461487
2015-08-13,0.5684551000595093
2015-08-14,0.5689385533332825
2015-08-17,0.5653133988380432
2015-08-18,0.5601679086685181
2015-08-19,0.5579835176467896
2015-08-20,0.5378386378288269
2015-08-21,0.5210919976234436
2015-08-24,0.5026461482048035
2015-08-25,0.49220988154411316
2015-08-26,0.529343843460083
2015-08-27,0.549246072769165
2015-08-28,0.5516731142997742
2015-08-31,0.5456053018569946
2015-09-01,0.5232763290405273
2015-09-02,0.5390521287918091
2015-09-03,0.540508508682251
2015-09-04,0.5278877019882202
2015-09-08,0.550459623336792
2015-09-09,0.539537787437439
2015-09-10,0.5480323433876038
2015-09-11,0.5497315526008606
2015-09-14,0.5507021546363831
2015-09-15,0.5567697882652283
2015-09-16,0.5606532096862793
2015-09-17,0.565750002861023
2015-09-18,0.5652646422386169
2015-09-21,0.5710895657539368
2015-09-22,0.55555659532547
2015-09-23,0.5582260489463806
2015-09-24,0.5689050555229187
2015-09-25,0.5730310082435608
2015-09-28,0.5655074119567871
2015-09-29,0.5754584670066833
2015-09-30,0.5982728600502014
2015-10-01,0.5866228938102722
2015-10-02,0.6019135117530823
2015-10-05,0.6169611811637878
2015-10-06,0.6249706745147705
2015-10-07,0.631523609161377
2015-10-08,0.6351643800735474
2015-10-09,0.6327372193336487
2015-10-12,0.6395329833030701
2015-10-13,0.640746533870697
2015-10-14,0.6640464067459106
2015-10-15,0.6657454371452332
2015-10-16,0.6761817932128906
2015-10-19,0.6749680042266846
2015-10-20,0.6739974021911621
2015-10-21,0.6652600169181824
2015-10-22,0.6892877221107483
2015-10-23,0.6938993334770203
2015-10-26,0.690744161605835
2015-10-27,0.6902588605880737
2015-10-28,0.6958411335945129
2015-10-29,0.6718130707740784
2015-10-30,0.6885597705841064
2015-11-02,0.6965691447257996
2015-11-03,0.6917150616645813
2015-11-04,0.6803078055381775
2015-11-05,0.672541081905365
2015-11-06,0.7657405138015747
2015-11-09,0.7623427510261536
2015-11-10,0.7477803826332092
2015-11-11,0.7404991984367371
2015-11-12,0.737829327583313
2015-11-13,0.7232668399810791
2015-11-16,0.737829327583313
2015-11-17,0.737829327583313
2015-11-18,0.7559797167778015
2015-11-19,0.758172333240509
2015-11-20,0.7647501230239868
2015-11-23,0.7532998323440552
2015-11-24,0.7593904733657837
2015-11-25,0.758415937423706
2015-11-27,0.7647501230239868
2015-11-30,0.7727900743484497
2015-12-01,0.7978838682174683
2015-12-02,0.7917930483818054
2015-12-03,0.7900876998901367
2015-12-04,0.8222464323043823
2015-12-07,0.8066543340682983
2015-12-08,0.8176177144050598
2015-12-09,0.7969093918800354
2015-12-10,0.803487241268158
2015-12-11,0.7915495038032532
2015-12-14,0.7934983968734741
2015-12-15,0.8032436370849609
2015-12-16,0.8081162571907043
2015-12-17,0.7959348559379578
2015-12-18,0.7830224633216858
2015-12-21,0.801538348197937
2015-12-22,0.8022692203521729
2015-12-23,0.8054362535476685
2015-12-24,0.8081162571907043
2015-12-28,0.807385265827179
2015-12-29,0.8205413222312927
2015-12-30,0.8134759664535522
2015-12-31,0.8029999732971191
2016-01-04,0.7886260747909546
2016-01-05,0.8012946844100952
2016-01-06,0.7681612968444824
2016-01-07,0.7377073168754578
2016-01-08,0.7218717932701111
2016-01-11,0.7230898141860962
2016-01-12,0.735271155834198
2016-01-13,0.7128573656082153
2016-01-14,0.6984833478927612
2016-01-15,0.6604772806167603
2016-01-19,0.6658371686935425
2016-01-20,0.6694916486740112
2016-01-21,0.6772875785827637
2016-01-22,0.6931234002113342
2016-01-25,0.6923924684524536
2016-01-26,0.6992141008377075
2016-01-27,0.6909308433532715
2016-01-28,0.6833786964416504
2016-01-29,0.7135881781578064
2016-02-01,0.7138320803642273
2016-02-02,0.6836218237876892
2016-02-03,0.6870328783988953
2016-02-04,0.6872763633728027
2016-02-05,0.6439105272293091
2016-02-08,0.6144317388534546
2016-02-09,0.6210095286369324
2016-02-10,0.6195476651191711
2016-02-11,0.6163805723190308
2016-02-12,0.6268565654754639
2016-02-16,0.657554030418396
2016-02-17,0.673876941204071
2016-02-18,0.7318605184555054
2016-02-19,0.7416056394577026
2016-02-22,0.7679174542427063
2016-02-23,0.7698665261268616
2016-02-24,0.7752262949943542
2016-02-25,0.7769315242767334
2016-02-26,0.7718157172203064
2016-02-29,0.7668030858039856
2016-03-01,0.8007909059524536
2016-03-02,0.8054365515708923
2016-03-03,0.7983454465866089
2016-03-04,0.7959003448486328
2016-03-07,0.7907655239105225
2016-03-08,0.776339054107666
2016-03-09,0.7758500576019287
2016-03-10,0.774627685546875
2016-03-11,0.7878313064575195
2016-03-14,0.7897874712944031
2016-03-15,0.7858752012252808
2016-03-16,0.8093487024307251
2016-03-17,0.8025022149085999
2016-03-18,0.8267092704772949
2016-03-21,0.8291545510292053
2016-03-22,0.8276873826980591
2016-03-23,0.8418694138526917
2016-03-24,0.8430919647216797
2016-03-28,0.8516499996185303
2016-03-29,0.8653430342674255
2016-03-30,0.8743901252746582
2016-03-31,0.8712114095687866
2016-04-01,0.8839260935783386
2016-04-04,0.8753682374954224
2016-04-05,0.8741457462310791
2016-04-06,0.8753682374954224
2016-04-07,0.8663211464881897
2016-04-08,0.8719450831413269
2016-04-11,0.8773240447044373
2016-04-12,0.8763461112976074
2016-04-13,0.8983525633811951
2016-04-14,0.9007980227470398
2016-04-15,0.9078888297080994
2016-04-18,0.9039765000343323
2016-04-19,0.8878384232521057
2016-04-20,0.8912617564201355
2016-04-21,0.8902838826179504
2016-04-22,0.8868604898452759
2016-04-25,0.8912617564201355
2016-04-26,0.8919951915740967
2016-04-27,0.9122901558876038
2016-04-28,0.885148823261261
2016-04-29,0.8687660694122314
2016-05-02,0.8802584409713745
2016-05-03,0.8697444200515747
2016-05-04,0.8499385118484497
2016-05-05,0.855073094367981
2016-05-06,0.8638758063316345
2016-05-09,0.8626532554626465
2016-05-10,0.8792803883552551
2016-05-11,0.8817257285118103
2016-05-12,0.8697444200515747
2016-05-13,1.0020275115966797
2016-05-16,1.0316135883331299
2016-05-17,1.033814549446106
2016-05-18,1.0602223873138428
2016-05-19,1.0648682117462158
2016-05-20,1.0839405059814453
2016-05-23,1.0856521129608154
2016-05-24,1.1120058298110962
2016-05-25,1.107347846031189
2016-05-26,1.1191153526306152
2016-05-27,1.125243902206421
2016-05-31,1.1453466415405273
2016-06-01,1.1475526094436646
2016-06-02,1.1556423902511597
2016-06-03,1.1394630670547485
2016-06-06,1.1335790157318115
2016-06-07,1.135785460472107
2016-06-08,1.1321080923080444
2016-06-09,1.1615265607833862
2016-06-10,1.1325984001159668
2016-06-13,1.1470626592636108
2016-06-14,1.1492687463760376
2016-06-15,1.1610362529754639
2016-06-16,1.1656941175460815
2016-06-17,1.1453466415405273
2016-06-20,1.1659390926361084
2016-06-21,1.158829927444458
2016-06-22,1.157848834991455
2016-06-23,1.188738465309143
2016-06-24,1.1210765838623047
2016-06-27,1.1090641021728516
2016-06-28,1.125243902206421
2016-06-29,1.1436303853988647
2016-06-30,1.1524559259414673
2016-07-01,1.1438758373260498
2016-07-05,1.160791277885437
2016-07-06,1.1681451797485352
2016-07-07,1.1985442638397217
2016-07-08,1.246593952178955
2016-07-11,1.2752765417099
2016-07-12,1.2943984270095825
2016-07-13,1.2939077615737915
2016-07-14,1.3071460723876953
2016-07-15,1.291946530342102
2016-07-18,1.2985661029815674
2016-07-19,1.3120490312576294
2016-07-20,1.3292099237442017
2016-07-21,1.3046950101852417
2016-07-22,1.340241551399231
2016-07-25,1.365002155303955
2016-07-26,1.388291358947754
2016-07-27,1.3743176460266113
2016-07-28,1.3772598505020142
2016-07-29,1.399812936782837
2016-08-01,1.3907427787780762
2016-08-02,1.3738274574279785
2016-08-03,1.3775043487548828
2016-08-04,1.4030002355575562
2016-08-05,1.4267799854278564
2016-08-08,1.4400182962417603
2016-08-09,1.4436955451965332
2016-08-10,1.4343798160552979
2016-08-11,1.4635525941848755
2016-08-12,1.5454329252243042
2016-08-15,1.5439622402191162
2016-08-16,1.53464674949646
2016-08-17,1.4990994930267334
2016-08-18,1.5223888158798218
2016-08-19,1.5263115167617798
2016-08-22,1.5326851606369019
2016-08-23,1.5450884103775024
2016-08-24,1.5212647914886475
2016-08-25,1.5111949443817139
2016-08-26,1.523475170135498
2016-08-29,1.52249276638031
2016-08-30,1.5136511325836182
2016-08-31,1.5065284967422485
2016-09-01,1.5509825944900513
2016-09-02,1.5357551574707031
2016-09-06,1.550246000289917
2016-09-07,1.52740478515625
2016-09-08,1.538456916809082
2016-09-09,1.4618289470672607
2016-09-12,1.4920375347137451
2016-09-13,1.470424771308899
2016-09-14,1.483441710472107
2016-09-15,1.5396851301193237
2016-09-16,1.5433690547943115
2016-09-19,1.5637539625167847
2016-09-20,1.5495089292526245
2016-09-21,1.5929805040359497
2016-09-22,1.5969103574752808
2016-09-23,1.595191240310669
2016-09-26,1.5802093744277954
2016-09-27,1.634242296218872
2016-09-28,1.640136480331421
2016-09-29,1.6553640365600586
2016-09-30,1.6828713417053223
2016-10-03,1.6811524629592896
2016-10-04,1.6774682998657227
2016-10-05,1.6757491827011108
2016-10-06,1.6538904905319214
2016-10-07,1.6418558359146118
2016-10-10,1.6479957103729248
2016-10-11,1.6241722106933594
2016-10-12,1.6315407752990723
2016-10-13,1.6050145626068115
2016-10-14,1.6207338571548462
2016-10-17,1.611400842666626
2016-10-18,1.6359611749649048
2016-10-19,1.6325231790542603
2016-10-20,1.663468360900879
2016-10-21,1.6588023900985718
2016-10-24,1.7366586923599243
2016-10-25,1.7651481628417969
2016-10-26,1.7722710371017456
2016-10-27,1.7359219789505005
2016-10-28,1.7329742908477783
2016-10-31,1.7477104663848877
2016-11-01,1.6958889961242676
2016-11-02,1.6887660026550293
2016-11-03,1.66911780834198
2016-11-04,1.6595388650894165
2016-11-07,1.7504124641418457
2016-11-08,1.7477104663848877
2016-11-09,1.7182382345199585
2016-11-10,1.6644511222839355
2016-11-11,2.160569190979004
2016-11-14,2.054222583770752
2016-11-15,2.116852283477783
2016-11-16,2.250460386276245
2016-11-17,2.2691259384155273
2016-11-18,2.2929491996765137
2016-11-21,2.283616781234741
2016-11-22,2.3000717163085938
2016-11-23,2.3113861083984375
2016-11-25,2.3160600662231445
2016-11-28,2.3148298263549805
2016-11-29,2.2936768531799316
2016-11-30,2.2678489685058594
2016-12-01,2.155687093734741
2016-12-02,2.175610303878784
2016-12-05,2.2599778175354004
2016-12-06,2.2971198558807373
2016-12-07,2.3384435176849365
2016-12-08,2.2993342876434326
2016-12-09,2.258502721786499
2016-12-12,2.203651189804077
2016-12-13,2.2425148487091064
2016-12-14,2.3723866939544678
2016-12-15,2.427976369857788
2016-12-16,2.4697916507720947
2016-12-19,2.499800682067871
2016-12-20,2.586873769760132
2016-12-21,2.603107452392578
2016-12-22,2.634592294692993
2016-12-23,2.700266122817993
2016-12-27,2.885728120803833
2016-12-28,2.687229633331299
2016-12-29,2.740851640701294
2016-12-30,2.62549090385437
2017-01-03,2.5091471672058105
2017-01-04,2.567687749862671
2017-01-05,2.5025057792663574
2017-01-06,2.5359578132629395
2017-01-09,2.6387741565704346
2017-01-10,2.6188502311706543
2017-01-11,2.58662748336792
2017-01-12,2.544320821762085
2017-01-13,2.5440752506256104
2017-01-17,2.487008571624756
2017-01-18,2.5322682857513428
2017-01-19,2.58662748336792
2017-01-20,2.5583415031433105
2017-01-23,2.5849058628082275
2017-01-24,2.640002727508545
2017-01-25,2.6513185501098633
2017-01-26,2.697068691253662
2017-01-27,2.7492144107818604
2017-01-30,2.706170082092285
2017-01-31,2.685507297515869
2017-02-01,2.8028361797332764
2017-02-02,2.8382551670074463
2017-02-03,2.813413143157959
2017-02-06,2.8854827880859375
2017-02-07,2.930248498916626
2017-02-08,2.9174578189849854
2017-02-09,2.8626067638397217
2017-02-10,2.7947185039520264
2017-02-13,2.66582989692688
2017-02-14,2.675668954849243
2017-02-15,2.6810805797576904
2017-02-16,2.6380345821380615
2017-02-17,2.6375434398651123
2017-02-21,2.731996774673462
2017-02-22,2.7278099060058594
2017-02-23,2.4748787879943848
2017-02-24,2.4987683296203613
2017-02-27,2.571420907974243
2017-02-28,2.499260187149048
2017-03-01,2.5315234661102295
2017-03-02,2.4381823539733887
2017-03-03,2.424144744873047
2017-03-06,2.4054276943206787
2017-03-07,2.4317786693573
2017-03-08,2.4273457527160645
2017-03-09,2.426854372024536
2017-03-10,2.4411380290985107
2017-03-13,2.508373260498047
2017-03-14,2.5066487789154053
2017-03-15,2.5256128311157227
2017-03-16,2.5566439628601074
2017-03-17,2.6123032569885254
2017-03-20,2.695546865463257
2017-03-21,2.608363151550293
2017-03-22,2.661560297012329
2017-03-23,2.6374239921569824
2017-03-24,2.646782636642456
2017-03-27,2.6659932136535645
2017-03-28,2.6522011756896973
2017-03-29,2.6435811519622803
2017-03-30,2.6943154335021973
2017-03-31,2.682739496231079
2017-04-03,2.669194221496582
2017-04-04,2.4820218086242676
2017-04-05,2.463549852371216
2017-04-06,2.4815282821655273
2017-04-07,2.4709384441375732
2017-04-10,2.4078917503356934
2017-04-11,2.4165101051330566
2017-04-12,2.3965611457824707
2017-04-13,2.351738452911377
2017-04-17,2.443848133087158
2017-04-18,2.445324659347534
2017-04-19,2.454929828643799
2017-04-20,2.493842601776123
2017-04-21,2.5041861534118652
2017-04-24,2.53546404838562
2017-04-25,2.5795481204986572
2017-04-26,2.5618152618408203
2017-04-27,2.6017136573791504
2017-04-28,2.568711996078491
2017-05-01,2.6263415813446045
2017-05-02,2.5485167503356934
2017-05-03,2.5674798488616943
2017-05-04,2.5576295852661133
2017-05-05,2.557875871658325
2017-05-08,2.5310306549072266
2017-05-09,2.5352180004119873
2017-05-10,2.987143039703369
2017-05-11,3.1154561042785645
2017-05-12,3.149688482284546
2017-05-15,3.3078014850616455
2017-05-16,3.3693714141845703
2017-05-17,3.145503044128418
2017-05-18,3.2772622108459473
2017-05-19,3.35295033454895
2017-05-22,3.4244461059570312
2017-05-23,3.3783442974090576
2017-05-24,3.4163119792938232
2017-05-25,3.408668279647827
2017-05-26,3.496929883956909
2017-05-30,3.571631669998169
2017-05-31,3.558812141418457
2017-06-01,3.559058427810669
2017-06-02,3.5413074493408203
2017-06-05,3.649045705795288
2017-06-06,3.6325268745422363
2017-06-07,3.6764113903045654
2017-06-08,3.9431686401367188
2017-06-09,3.6882457733154297
2017-06-12,3.6973674297332764
2017-06-13,3.73262357711792
2017-06-14,3.740511894226074
2017-06-15,3.7565371990203857
2017-06-16,3.738046884536743
2017-06-19,3.878574848175049
2017-06-20,3.87290358543396
2017-06-21,3.9315805435180664
2017-06-22,3.904461622238159
2017-06-23,3.7925329208374023
2017-06-26,3.7511138916015625
2017-06-27,3.613790273666382
2017-06-28,3.7412517070770264
2017-06-29,3.616255760192871
2017-06-30,3.5639896392822266
2017-07-03,3.435048818588257
2017-07-05,3.526762008666992
2017-07-06,3.5373623371124268
2017-07-07,3.618227958679199
2017-07-10,3.78932785987854
2017-07-11,3.8430731296539307
2017-07-12,4.006528377532959
2017-07-13,3.960178852081299
2017-07-14,4.066684722900391
2017-07-17,4.049427509307861
2017-07-18,4.091586589813232
2017-07-19,4.070383071899414
2017-07-20,4.129551887512207
2017-07-21,4.144346237182617
2017-07-24,4.0962700843811035
2017-07-25,4.076547145843506
2017-07-26,4.1236348152160645
2017-07-27,3.9875447750091553
2017-07-28,4.05288028717041
2017-07-31,4.006528377532959
2017-08-01,4.0553436279296875
2017-08-02,4.05288028717041
2017-08-03,4.104405879974365
2017-08-04,4.122403144836426
2017-08-07,4.249125003814697
2017-08-08,4.198583602905273
2017-08-09,4.243208408355713
2017-08-10,4.0615081787109375
2017-08-11,3.845045566558838
2017-08-14,4.151741981506348
2017-08-15,4.116734027862549
2017-08-16,4.071615695953369
2017-08-17,3.9808878898620605
2017-08-18,3.981628894805908
2017-08-21,3.923691511154175
2017-08-22,4.011043548583984
2017-08-23,4.091240406036377
2017-08-24,4.076187610626221
2017-08-25,4.042135715484619
2017-08-28,4.070759296417236
2017-08-29,4.064095497131348
2017-08-30,4.0882792472839355
2017-08-31,4.181060791015625
2017-09-01,4.2062296867370605
2017-09-05,4.0939531326293945
2017-09-06,4.091485023498535
2017-09-07,4.11048698425293
2017-09-08,4.039175033569336
2017-09-11,4.170203685760498
2017-09-12,4.185253620147705
2017-09-13,4.20400857925415
2017-09-14,4.1800713539123535
2017-09-15,4.444350719451904
2017-09-18,4.627937316894531
2017-09-19,4.623003005981445
2017-09-20,4.585742473602295
2017-09-21,4.460390090942383
2017-09-22,4.416959285736084
2017-09-25,4.219552993774414
2017-09-26,4.243241786956787
2017-09-27,4.336270332336426
2017-09-28,4.335036754608154
2017-09-29,4.41128396987915
2017-10-02,4.416959285736084
2017-10-03,4.426089286804199
2017-10-04,4.463103294372559
2017-10-05,4.460634231567383
2017-10-06,4.4737138748168945
2017-10-09,4.574639320373535
2017-10-10,4.661990165710449
2017-10-11,4.7115888595581055
2017-10-12,4.713808536529541
2017-10-13,4.801654815673828
2017-10-16,4.8840718269348145
2017-10-17,4.879630088806152
2017-10-18,4.875434875488281
2017-10-19,4.880862236022949
2017-10-20,4.8586554527282715
2017-10-23,4.851747035980225
2017-10-24,4.902579307556152
2017-10-25,4.778705596923828
2017-10-26,4.828798770904541
2017-10-27,4.981047630310059
2017-10-30,5.029906272888184
2017-10-31,5.1031904220581055
2017-11-01,5.112813949584961
2017-11-02,5.081725120544434
2017-11-03,5.149582386016846
2017-11-06,5.172778606414795
2017-11-07,5.23199987411499
2017-11-08,5.16118049621582
2017-11-09,5.066427707672119
2017-11-10,5.333417892456055
2017-11-13,5.246805191040039
2017-11-14,5.285053730010986
2017-11-15,5.181414604187012
2017-11-16,5.221637725830078
2017-11-17,5.215468406677246
2017-11-20,5.282586574554443
2017-11-21,5.331195831298828
2017-11-22,5.307243824005127
2017-11-24,5.357371807098389
2017-11-27,5.287736415863037
2017-11-28,5.203041076660156
2017-11-29,4.850180625915527
2017-11-30,4.956110954284668
2017-12-01,4.881292343139648
2017-12-04,4.6091766357421875
2017-12-05,4.635845184326172
2017-12-06,4.673377990722656
2017-12-07,4.740789413452148
2017-12-08,4.728443145751953
2017-12-11,4.806718826293945
2017-12-12,4.7123918533325195
2017-12-13,4.597322940826416
2017-12-14,4.6044840812683105
2017-12-15,4.730172634124756
2017-12-18,4.886724948883057
2017-12-19,4.84252405166626
2017-12-20,4.859560489654541
2017-12-21,4.837090969085693
2017-12-22,4.821783542633057
2017-12-26,4.875365257263184
2017-12-27,4.868699073791504
2017-12-28,4.874378681182861
2017-12-29,4.778076648712158
2018-01-02,4.922529697418213
2018-01-03,5.246500015258789
2018-01-04,5.2741546630859375
2018-01-05,5.318849086761475
2018-01-08,5.481822967529297
2018-01-09,5.48034143447876
2018-01-10,5.523306846618652
2018-01-11,5.53318452835083
2018-01-12,5.506022930145264
2018-01-16,5.435153961181641
2018-01-17,5.548989772796631
2018-01-18,5.542074203491211
2018-01-19,5.68208122253418
2018-01-22,5.770483493804932
2018-01-23,5.899381160736084
2018-01-24,5.822585582733154
2018-01-25,5.836164951324463
2018-01-26,6.008522033691406
2018-01-29,6.095442771911621
2018-01-30,5.993459701538086
2018-01-31,6.069514274597168
2018-02-01,5.938642501831055
2018-02-02,5.7662858963012695
2018-02-05,5.2768731117248535
2018-02-06,5.570224761962891
2018-02-07,5.649735927581787
2018-02-08,5.3711981773376465
2018-02-09,5.730726718902588
2018-02-12,5.630720138549805
2018-02-13,5.7443084716796875
2018-02-14,5.961359024047852
2018-02-15,6.086799144744873
2018-02-16,6.021116256713867
2018-02-20,6.15050745010376
2018-02-21,5.9635820388793945
2018-02-22,5.983101844787598
2018-02-23,6.0764970779418945
2018-02-26,6.092558860778809
2018-02-27,6.079709529876709
2018-02-28,5.979394912719727
2018-03-01,5.737502098083496
2018-03-02,5.844488620758057
2018-03-05,5.822498321533203
2018-03-06,5.983348369598389
2018-03-07,5.9754414558410645
2018-03-08,5.959133148193359
2018-03-09,6.06167459487915
2018-03-12,6.171131134033203
2018-03-13,6.120479106903076
2018-03-14,6.145928859710693
2018-03-15,6.16075325012207
2018-03-16,6.1889214515686035
2018-03-19,5.954686164855957
2018-03-20,6.166683673858643
2018-03-21,6.141480445861816
2018-03-22,5.975688457489014
2018-03-23,5.756280899047852
2018-03-26,6.040671348571777
2018-03-27,5.572202205657959
2018-03-28,5.469170093536377
2018-03-29,5.722182273864746
2018-04-02,5.461757659912109
2018-04-03,5.568002700805664
2018-04-04,5.589993953704834
2018-04-05,5.469911575317383
2018-04-06,5.293741703033447
2018-04-09,5.3224029541015625
2018-04-10,5.631256103515625
2018-04-11,5.589993953704834
2018-04-12,5.796554088592529
2018-04-13,5.719959259033203
2018-04-16,5.719710350036621
2018-04-17,5.869195461273193
2018-04-18,5.840286731719971
2018-04-19,5.659176826477051
2018-04-20,5.651022434234619
2018-04-23,5.53168249130249
2018-04-24,5.465463161468506
2018-04-25,5.353288173675537
2018-04-26,5.56479024887085
2018-04-27,5.5922160148620605
2018-04-30,5.556883811950684
2018-05-01,5.6122307777404785
2018-05-02,5.59172248840332
2018-05-03,5.756772994995117
2018-05-04,5.906752109527588
2018-05-07,6.144444942474365
2018-05-08,6.186944961547852
2018-05-09,6.319873332977295
2018-05-10,6.4273576736450195
2018-05-11,6.288989067077637
2018-05-14,6.309497356414795
2018-05-15,6.067355632781982
2018-05-16,6.078475475311279
2018-05-17,6.120479106903076
2018-05-18,6.07674503326416
2018-05-21,6.034740924835205
2018-05-22,5.9966912269592285
2018-05-23,6.12006139755249
2018-05-24,6.123770236968994
2018-05-25,6.163080215454102
2018-05-29,6.146021842956543
2018-05-30,6.254803657531738
2018-05-31,6.235024452209473
2018-06-01,6.369273662567139
2018-06-04,6.5480265617370605
2018-06-05,6.553464412689209
2018-06-06,6.5554423332214355
2018-06-07,6.499815940856934
2018-06-08,6.4844865798950195
2018-06-11,6.443444728851318
2018-06-12,6.491902828216553
2018-06-13,6.487452507019043
2018-06-14,6.598956108093262
2018-06-15,6.55816125869751
2018-06-18,6.553958892822266
2018-06-19,6.432319641113281
2018-06-20,6.485227584838867
2018-06-21,6.356666088104248
2018-06-22,6.2043681144714355
2018-06-25,5.911888599395752
2018-06-26,5.982845783233643
2018-06-27,5.827828884124756
2018-06-28,5.9549078941345215
2018-06-29,5.857003211975098
2018-07-02,5.989025592803955
2018-07-03,5.855519771575928
2018-07-05,6.00114107131958
2018-07-06,6.114869117736816
2018-07-09,6.162337779998779
2018-07-10,6.261233329772949
2018-07-11,6.119812965393066
2018-07-12,6.2112908363342285
2018-07-13,6.164068698883057
2018-07-16,6.136378288269043
2018-07-17,6.272111892700195
2018-07-18,6.222909927368164
2018-07-19,6.231068134307861
2018-07-20,6.202884197235107
2018-07-23,6.166294574737549
2018-07-24,6.148987770080566
2018-07-25,6.227113723754883
2018-07-26,6.30054235458374
2018-07-27,6.2308220863342285
2018-07-30,6.035754203796387
2018-07-31,6.05380392074585
2018-08-01,6.0936079025268555
2018-08-02,6.1962103843688965
2018-08-03,6.23280143737793
2018-08-06,6.280516624450684
2018-08-07,6.3527092933654785
2018-08-08,6.389052867889404
2018-08-09,6.340595245361328
2018-08-10,6.299305438995361
2018-08-13,6.332187652587891
2018-08-14,6.463469982147217
2018-08-15,6.405372142791748
2018-08-16,6.364823818206787
2018-08-17,6.05281400680542
2018-08-20,6.127479076385498
2018-08-21,6.26296329498291
2018-08-22,6.497836589813232
2018-08-23,6.597226142883301
2018-08-24,6.730237007141113
2018-08-27,6.821220397949219
2018-08-28,6.783640384674072
2018-08-29,6.889021396636963
2018-08-30,6.872198581695557
2018-08-31,6.943192958831787
2018-09-04,7.0179009437561035
2018-09-05,6.887289047241211
2018-09-06,6.746288299560547
2018-09-07,6.7250142097473145
2018-09-10,6.7960100173950195
2018-09-11,6.74826717376709
2018-09-12,6.634477615356445
2018-09-13,6.712151050567627
2018-09-14,6.838061809539795
2018-09-17,6.776218414306641
2018-09-18,6.704235076904297
2018-09-19,6.727983474731445
2018-09-20,6.586981773376465
2018-09-21,6.516973972320557
2018-09-24,6.572633266448975
2018-09-25,6.639671325683594
2018-09-26,6.602812767028809
2018-09-27,6.614686489105225
2018-09-28,6.951604843139648
2018-10-01,7.157913684844971
2018-10-02,7.086669921875
2018-10-03,7.09285306930542
2018-10-04,6.908810138702393
2018-10-05,6.675539493560791
2018-10-08,6.574364185333252
2018-10-09,6.568674564361572
2018-10-10,6.077646255493164
2018-10-11,5.816421985626221
2018-10-12,6.0986714363098145
2018-10-15,5.822606563568115
2018-10-16,6.081108570098877
2018-10-17,6.0125861167907715
2018-10-18,5.925264835357666
2018-10-19,5.668988227844238
2018-10-22,5.719698905944824
2018-10-23,5.468372344970703
2018-10-24,4.932814598083496
2018-10-25,5.141347408294678
2018-10-26,4.905109405517578
2018-10-29,4.591691493988037
2018-10-30,5.021621227264404
2018-10-31,5.215312957763672
2018-11-01,5.395397663116455
2018-11-02,5.316486835479736
2018-11-05,5.2385640144348145
2018-11-06,5.221001625061035
2018-11-07,5.288534164428711
2018-11-08,5.095583915710449
2018-11-09,5.087667942047119
2018-11-12,4.688660144805908
2018-11-13,4.9303412437438965
2018-11-14,4.877898693084717
2018-11-15,5.006531238555908
2018-11-16,4.067513465881348
2018-11-19,3.5794503688812256
2018-11-20,3.6877989768981934
2018-11-21,3.579698085784912
2018-11-23,3.586871862411499
2018-11-26,3.7860050201416016
2018-11-27,3.802826166152954
2018-11-28,3.9596593379974365
2018-11-29,3.8965160846710205
2018-11-30,4.046821117401123
2018-12-03,4.210495471954346
2018-12-04,3.8903262615203857
2018-12-06,3.9195451736450195
2018-12-07,3.6550889015197754
2018-12-10,3.7603259086608887
2018-12-11,3.6694512367248535
2018-12-12,3.687032461166382
2018-12-13,3.686783790588379
2018-12-14,3.6263651847839355
2018-12-17,3.5552988052368164
2018-12-18,3.6384990215301514
2018-12-19,3.4297568798065186
2018-12-20,3.3453190326690674
2018-12-21,3.208386182785034
2018-12-24,3.1467299461364746
2018-12-26,3.2957961559295654
2018-12-27,3.248004913330078
2018-12-28,3.3094136714935303
2018-12-31,3.3057007789611816
2019-01-02,3.3730521202087402
2019-01-03,3.169262170791626
2019-01-04,3.372309446334839
2019-01-07,3.550842523574829
2019-01-08,3.462441921234131
2019-01-09,3.5305376052856445
2019-01-10,3.596156120300293
2019-01-11,3.6852989196777344
2019-01-14,3.725165605545044
2019-01-15,3.7110509872436523
2019-01-16,3.6855454444885254
2019-01-17,3.7568602561950684
2019-01-18,3.885869264602661
2019-01-22,3.6838130950927734
2019-01-23,3.6966888904571533
2019-01-24,3.908402681350708
2019-01-25,3.965601921081543
2019-01-28,3.4173762798309326
2019-01-29,3.2586519718170166
2019-01-30,3.402024030685425
2019-01-31,3.5595085620880127
2019-02-01,3.583775520324707
2019-02-04,3.693964719772339
2019-02-05,3.7130322456359863
2019-02-06,3.788555383682251
2019-02-07,3.6503846645355225
2019-02-08,3.6689553260803223
2019-02-11,3.6263651847839355
2019-02-12,3.74324107170105
2019-02-13,3.785583734512329
2019-02-14,3.8264410495758057
2019-02-15,3.8960211277008057
2019-02-19,3.878688335418701
2019-02-20,3.925983190536499
2019-02-21,3.8571457862854004
2019-02-22,3.9418301582336426
2019-02-25,3.9294509887695312
2019-02-26,3.8900787830352783
2019-02-27,3.8482320308685303
2019-02-28,3.8236918449401855
2019-03-01,3.8779757022857666
2019-03-04,3.8861560821533203
2019-03-05,3.879711389541626
2019-03-06,3.768911123275757
2019-03-07,3.6997549533843994
2019-03-08,3.733961343765259
2019-03-11,3.9942286014556885
2019-03-12,4.028434753417969
2019-03-13,4.1796369552612305
2019-03-14,4.103788375854492
2019-03-15,4.209133148193359
2019-03-18,4.187817096710205
2019-03-19,4.3553786277771
2019-03-20,4.3229079246521
2019-03-21,4.559380531311035
2019-03-22,4.399748802185059
2019-03-25,4.307540416717529
2019-03-26,4.384133815765381
2019-03-27,4.374962329864502
2019-03-28,4.393551826477051
2019-03-29,4.45081090927124
2019-04-01,4.518232822418213
2019-04-02,4.536079406738281
2019-04-03,4.675384044647217
2019-04-04,4.66646146774292
2019-04-05,4.733138084411621
2019-04-08,4.753960609436035
2019-04-09,4.691249370574951
2019-04-10,4.761643409729004
2019-04-11,4.747762680053711
2019-04-12,4.709837913513184
2019-04-15,4.578217506408691
2019-04-16,4.66522216796875
2019-04-17,4.642416000366211
2019-04-18,4.617876052856445
2019-04-22,4.671667098999023
2019-04-23,4.726197719573975
2019-04-24,4.738592147827148
2019-04-25,4.632997989654541
2019-04-26,4.41437292098999
2019-04-29,4.445109844207764
2019-04-30,4.486505031585693
2019-05-01,4.473367214202881
2019-05-02,4.5407891273498535
2019-05-03,4.536327838897705
2019-05-06,4.457999229431152
2019-05-07,4.290931701660156
2019-05-08,4.311010837554932
2019-05-09,4.2185540199279785
2019-05-10,4.184595108032227
2019-05-13,3.927551031112671
2019-05-14,4.016537666320801
2019-05-15,3.9555602073669434
2019-05-16,3.9706802368164062
2019-05-17,3.879958391189575
2019-05-20,3.7614760398864746
2019-05-21,3.8435211181640625
2019-05-22,3.772629737854004
2019-05-23,3.651667594909668
2019-05-24,3.5978786945343018
2019-05-28,3.5527663230895996
2019-05-29,3.478651523590088
2019-05-30,3.4520998001098633
2019-05-31,3.3615221977233887
2019-06-03,3.3198328018188477
2019-06-04,3.548632860183716
2019-06-05,3.5059492588043213
2019-06-06,3.567988395690918
2019-06-07,3.610671281814575
2019-06-10,3.6833817958831787
2019-06-11,3.7409536838531494
2019-06-12,3.6280429363250732
2019-06-13,3.6791629791259766
2019-06-14,3.589329719543457
2019-06-17,3.599008321762085
2019-06-18,3.7938106060028076
2019-06-19,3.7997663021087646
2019-06-20,3.8240859508514404
2019-06-21,3.766016960144043
2019-06-24,3.788350820541382
2019-06-25,3.759068727493286
2019-06-26,3.952134370803833
2019-06-27,4.050652980804443
2019-06-28,4.075467586517334
2019-07-01,4.123610019683838
2019-07-02,4.025836944580078
2019-07-03,4.0387420654296875
2019-07-05,3.976205348968506
2019-07-08,3.9012627601623535
2019-07-09,3.9037435054779053
2019-07-10,3.971987009048462
2019-07-11,4.126339912414551
2019-07-12,4.159344673156738
2019-07-15,4.150907039642334
2019-07-16,4.1461920738220215
2019-07-17,4.211458206176758
2019-07-18,4.223120212554932
2019-07-19,4.179941654205322
2019-07-22,4.2514119148254395
2019-07-23,4.359109401702881
2019-07-24,4.43355655670166
2019-07-25,4.302530288696289
2019-07-26,4.344468116760254
2019-07-29,4.338265419006348
2019-07-30,4.353899002075195
2019-07-31,4.186890125274658
2019-08-01,4.092590808868408
2019-08-02,4.000028610229492
2019-08-05,3.7419469356536865
2019-08-06,3.7806577682495117
2019-08-07,3.8188750743865967
2019-08-08,3.927319288253784
2019-08-09,3.82607102394104
2019-08-12,3.7583248615264893
2019-08-13,3.8724758625030518
2019-08-14,3.724078893661499
2019-08-15,3.6918187141418457
2019-08-16,3.9595792293548584
2019-08-19,4.238011360168457
2019-08-20,4.165797233581543
2019-08-21,4.249175548553467
2019-08-22,4.255380630493164
2019-08-23,4.03104829788208
2019-08-26,4.10574197769165
2019-08-27,4.015166282653809
2019-08-28,4.004732131958008
2019-08-29,4.148308753967285
2019-08-30,4.160977363586426
2019-09-03,4.078011512756348
2019-09-04,4.192028045654297
2019-09-05,4.464772701263428
2019-09-06,4.4376959800720215
2019-09-09,4.483649253845215
2019-09-10,4.550222873687744
2019-09-11,4.578788757324219
2019-09-12,4.577298164367676
2019-09-13,4.5194220542907715
2019-09-16,4.476448059082031
2019-09-17,4.497811317443848
2019-09-18,4.470734596252441
2019-09-19,4.395222187042236
2019-09-20,4.289649486541748
2019-09-23,4.3430562019348145
2019-09-24,4.285675525665283
2019-09-25,4.427265167236328
2019-09-26,4.405155658721924
2019-09-27,4.2665486335754395
2019-09-30,4.323929309844971
2019-10-01,4.3221893310546875
2019-10-02,4.298346042633057
2019-10-03,4.503772735595703
2019-10-04,4.520166873931885
2019-10-07,4.578788757324219
2019-10-08,4.402424335479736
2019-10-09,4.488868713378906
2019-10-10,4.5464982986450195
2019-10-11,4.620025634765625
2019-10-14,4.633439064025879
2019-10-15,4.877864837646484
2019-10-16,4.824210166931152
2019-10-17,4.826198577880859
2019-10-18,4.731805801391602
2019-10-21,4.868924140930176
2019-10-22,4.8589863777160645
2019-10-23,4.846070766448975
2019-10-24,4.890036106109619
2019-10-25,5.080809593200684
2019-10-28,5.1367011070251465
2019-10-29,5.0405683517456055
2019-10-30,5.042556285858154
2019-10-31,4.993371963500977
2019-11-01,5.0323710441589355
2019-11-04,5.22885799407959
2019-11-05,5.2067484855651855
2019-11-06,5.157566547393799
2019-11-07,5.175201892852783
2019-11-08,5.161290168762207
2019-11-11,5.171227931976318
2019-11-12,5.2067484855651855
2019-11-13,5.180915355682373
2019-11-14,5.211219787597656
2019-11-15,5.072116374969482
2019-11-18,5.273073673248291
2019-11-19,5.166507244110107
2019-11-20,5.2457475662231445
2019-11-21,5.220909595489502
2019-11-22,5.2385454177856445
2019-11-25,5.494894504547119
2019-11-26,5.390317916870117
2019-11-27,5.425118923187256
2019-11-29,5.387832164764404
2019-12-02,5.201641082763672
2019-12-03,5.162116527557373
2019-12-04,5.205867767333984
2019-12-05,5.188963890075684
2019-12-06,5.274228572845459
2019-12-09,5.274228572845459
2019-12-10,5.319223403930664
2019-12-11,5.402747631072998
2019-12-12,5.570045471191406
2019-12-13,5.568056583404541
2019-12-16,5.596892356872559
2019-12-17,5.674947738647461
2019-12-18,5.7052764892578125
2019-12-19,5.853182792663574
2019-12-20,5.950380325317383
2019-12-23,5.936707973480225
2019-12-24,5.931736946105957
2019-12-26,5.945905685424805
2019-12-27,5.8882341384887695
2019-12-30,5.77512788772583
2019-12-31,5.849206447601318
2020-01-02,5.963803291320801
2020-01-03,5.868348598480225
2020-01-06,5.892955780029297
2020-01-07,5.964301586151123
2020-01-08,5.975486755371094
2020-01-09,6.04111385345459
2020-01-10,6.073430061340332
2020-01-13,6.263844966888428
2020-01-14,6.14700984954834
2020-01-15,6.104501724243164
2020-01-16,6.18802547454834
2020-01-17,6.196728229522705
2020-01-21,6.163418769836426
2020-01-22,6.217360496520996
2020-01-23,6.285721778869629
2020-01-24,6.22655725479126
2020-01-27,5.97101354598999
2020-01-28,6.164163112640381
2020-01-29,6.103757381439209
2020-01-30,6.110469341278076
2020-01-31,5.877295970916748
2020-02-03,5.974245071411133
2020-02-04,6.143282413482666
2020-02-05,6.233519554138184
2020-02-06,6.320272445678711
2020-02-07,6.254151344299316
2020-02-10,6.5370402336120605
2020-02-11,6.6593451499938965
2020-02-12,6.774936676025391
2020-02-13,6.731185436248779
2020-02-14,7.203745365142822
2020-02-18,7.372287273406982
2020-02-19,7.822969913482666
2020-02-20,7.673819541931152
2020-02-21,7.310140609741211
2020-02-24,6.793330669403076
2020-02-25,6.514171123504639
2020-02-26,6.653378963470459
2020-02-27,6.283013343811035
2020-02-28,6.7175517082214355
2020-03-02,6.875747203826904
2020-03-03,6.61358118057251
2020-03-04,7.076723098754883
2020-03-05,6.797644138336182
2020-03-06,6.617311477661133
2020-03-09,6.104920864105225
2020-03-10,6.493940353393555
2020-03-11,6.13054084777832
2020-03-12,5.380359649658203
2020-03-13,5.990503311157227
2020-03-16,4.885130882263184
2020-03-17,5.404237747192383
2020-03-18,5.0448174476623535
2020-03-19,5.297282695770264
2020-03-20,5.117696285247803
2020-03-23,5.290317058563232
2020-03-24,6.197947978973389
2020-03-25,6.109398365020752
2020-03-26,6.3984270095825195
2020-03-27,6.286248207092285
2020-03-30,6.606118202209473
2020-03-31,6.556621074676514
2020-04-01,6.045970439910889
2020-04-02,6.354400634765625
2020-04-03,6.06686544418335
2020-04-06,6.676011562347412
2020-04-07,6.442948818206787
2020-04-08,6.639947414398193
2020-04-09,6.540454864501953
2020-04-13,6.712079048156738
2020-04-14,7.062794208526611
2020-04-15,6.985439300537109
2020-04-16,7.3301825523376465
2020-04-17,7.270984649658203
2020-04-20,7.139900207519531
2020-04-21,6.703622341156006
2020-04-22,7.117514610290527
2020-04-23,7.064284801483154
2020-04-24,7.2030792236328125
2020-04-27,7.389380931854248
2020-04-28,7.247106075286865
2020-04-29,7.4237060546875
2020-04-30,7.26999044418335
2020-05-01,7.033690929412842
2020-05-04,7.245364189147949
2020-05-05,7.306304454803467
2020-05-06,7.407041549682617
2020-05-07,7.583144664764404
2020-05-08,7.772929668426514
2020-05-11,8.02464771270752
2020-05-12,7.762979030609131
2020-05-13,7.740592956542969
2020-05-14,7.989825248718262
2020-05-15,8.44774341583252
2020-05-18,8.70592975616455
2020-05-19,8.76090145111084
2020-05-20,8.924566268920898
2020-05-21,8.730801582336426
2020-05-22,8.980530738830566
2020-05-26,8.673592567443848
2020-05-27,8.482068061828613
2020-05-28,8.444012641906738
2020-05-29,8.830544471740723
2020-06-01,8.761646270751953
2020-06-02,8.78055191040039
2020-06-03,8.725081443786621
2020-06-04,8.726078987121582
2020-06-05,8.878870964050293
2020-06-08,8.764398574829102
2020-06-09,9.004288673400879
2020-06-10,9.323559761047363
2020-06-11,8.755690574645996
2020-06-12,8.891310691833496
2020-06-15,9.131448745727539
2020-06-16,9.026683807373047
2020-06-17,9.193411827087402
2020-06-18,9.175493240356445
2020-06-19,9.218545913696289
2020-06-22,9.482821464538574
2020-06-23,9.406425476074219
2020-06-24,9.192914009094238
2020-06-25,9.446240425109863
2020-06-26,9.112784385681152
2020-06-29,9.157576560974121
2020-06-30,9.453954696655273
2020-07-01,9.486059188842773
2020-07-02,9.567926406860352
2020-07-06,9.793880462646484
2020-07-07,9.826228141784668
2020-07-08,10.168890953063965
2020-07-09,10.460543632507324
2020-07-10,10.430930137634277
2020-07-13,10.005900382995605
2020-07-14,10.329151153564453
2020-07-15,10.180091857910156
2020-07-16,10.088017463684082
2020-07-17,10.154461860656738
2020-07-20,10.462284088134766
2020-07-21,10.280875205993652
2020-07-22,10.39061450958252
2020-07-23,10.083040237426758
2020-07-24,10.147493362426758
2020-07-27,10.373446464538574
2020-07-28,10.168392181396484
2020-07-29,10.417243957519531
2020-07-30,10.565057754516602
2020-07-31,10.56580638885498
2020-08-03,10.959480285644531
2020-08-04,11.17597770690918
2020-08-05,11.23470687866211
2020-08-06,11.28322982788086
2020-08-07,11.147860527038574
2020-08-10,11.113518714904785
2020-08-11,10.799969673156738
2020-08-12,11.38749885559082
2020-08-13,11.390237808227539
2020-08-14,11.510677337646484
2020-08-17,12.28011417388916
2020-08-18,12.20421314239502
2020-08-19,12.082530975341797
2020-08-20,12.085016250610352
2020-08-21,12.625014305114746
2020-08-24,12.661595344543457
2020-08-25,12.691207885742188
2020-08-26,12.714102745056152
2020-08-27,12.570019721984863
2020-08-28,13.087124824523926
2020-08-31,13.312832832336426
2020-09-01,13.761384963989258
2020-09-02,14.284619331359863
2020-09-03,12.959362983703613
2020-09-04,12.568058013916016
2020-09-08,11.861616134643555
2020-09-09,12.660157203674316
2020-09-10,12.258646011352539
2020-09-11,12.112031936645508
2020-09-14,12.816728591918945
2020-09-15,12.934967994689941
2020-09-16,12.460522651672363
2020-09-17,12.40974235534668
2020-09-18,12.136675834655762
2020-09-21,12.463260650634766
2020-09-22,12.58323860168457
2020-09-23,12.071456909179688
2020-09-24,12.294736862182617
2020-09-25,12.818222045898438
2020-09-28,12.978776931762695
2020-09-29,13.16870403289795
2020-09-30,13.472138404846191
2020-10-01,13.555777549743652
2020-10-02,13.005910873413086
2020-10-05,13.583656311035156
2020-10-06,13.677250862121582
2020-10-07,13.903768539428711
2020-10-08,13.779060363769531
2020-10-09,13.703387260437012
2020-10-12,14.16463851928711
2020-10-13,14.18679428100586
2020-10-14,14.034452438354492
2020-10-15,13.909744262695312
2020-10-16,13.75192928314209
2020-10-19,13.439531326293945
2020-10-20,13.586644172668457
2020-10-21,13.466414451599121
2020-10-22,13.303370475769043
2020-10-23,13.53162956237793
2020-10-26,13.084569931030273
2020-10-27,13.338969230651855
2020-10-28,12.572537422180176
2020-10-29,12.967824935913086
2020-10-30,12.479938507080078
2020-11-02,12.526487350463867
2020-11-03,12.963342666625977
2020-11-04,13.73475170135498
2020-11-05,14.098922729492188
2020-11-06,14.499191284179688
2020-11-09,13.5719575881958
2020-11-10,12.714921951293945
2020-11-11,13.360126495361328
2020-11-12,13.39870834350586
2020-11-13,13.23964786529541
2020-11-16,13.456957817077637
2020-11-17,13.364356994628906
2020-11-18,13.370828628540039
2020-11-19,13.382279396057129
2020-11-20,13.031298637390137
2020-11-23,13.083325386047363
2020-11-24,12.901859283447266
2020-11-25,13.177664756774902
2020-11-27,13.204051971435547
2020-11-30,13.343692779541016
2020-12-01,13.332244873046875
2020-12-02,13.486080169677734
2020-12-03,13.34216022491455
2020-12-04,13.503758430480957
2020-12-07,13.552063941955566
2020-12-08,13.296344757080078
2020-12-09,12.878779411315918
2020-12-10,12.920114517211914
2020-12-11,12.960949897766113
2020-12-14,13.255260467529297
2020-12-15,13.306803703308105
2020-12-16,13.189278602600098
2020-12-17,13.287633895874023
2020-12-18,13.218658447265625
2020-12-21,13.278668403625488
2020-12-22,13.224882125854492
2020-12-23,12.956961631774902
2020-12-24,12.941524505615234
2020-12-28,12.848152160644531
2020-12-29,12.891230583190918
2020-12-30,13.092916488647461
2020-12-31,13.002531051635742
2021-01-04,13.060794830322266
2021-01-05,13.35087776184082
2021-01-06,12.563798904418945
2021-01-07,13.290367126464844
2021-01-08,13.223388671875
2021-01-11,13.566753387451172
2021-01-12,13.43055248260498
2021-01-13,13.477364540100098
2021-01-14,13.147197723388672
2021-01-15,12.807815551757812
2021-01-19,12.972898483276367
2021-01-20,13.312033653259277
2021-01-21,13.811762809753418
2021-01-22,13.657387733459473
2021-01-25,13.59837818145752
2021-01-26,13.381254196166992
2021-01-27,12.865832328796387
2021-01-28,12.99854850769043
2021-01-29,12.937542915344238
2021-02-01,13.18380069732666
2021-02-02,13.502264022827148
2021-02-03,13.476118087768555
2021-02-04,13.609332084655762
2021-02-05,13.536375999450684
2021-02-08,14.380721092224121
2021-02-09,14.205924034118652
2021-02-10,14.704911231994629
2021-02-11,15.18945598602295
2021-02-12,14.901122093200684
2021-02-16,15.268635749816895
2021-02-17,14.846094131469727
2021-02-18,14.769402503967285
2021-02-19,14.866508483886719
2021-02-22,14.298053741455078
2021-02-23,14.085164070129395
2021-02-24,14.440726280212402
2021-02-25,13.254015922546387
2021-02-26,13.659378051757812
2021-03-01,13.786121368408203
2021-03-02,13.35236930847168
2021-03-03,12.753288269042969
2021-03-04,12.320530891418457
2021-03-05,12.411417961120605
2021-03-08,11.546656608581543
2021-03-09,12.474235534667969
2021-03-10,12.4224271774292
2021-03-11,12.945743560791016
2021-03-12,12.80875015258789
2021-03-15,13.142767906188965
2021-03-16,13.242402076721191
2021-03-17,13.292216300964355
2021-03-18,12.675743103027344
2021-03-19,12.798538208007812
2021-03-22,13.137786865234375
2021-03-23,13.022710800170898
2021-03-24,12.596531867980957
2021-03-25,12.489179611206055
2021-03-26,12.792060852050781
2021-03-29,12.90065860748291
2021-03-30,12.824441909790039
2021-03-31,13.299192428588867
2021-04-01,13.760986328125
2021-04-05,13.936091423034668
2021-04-06,13.810553550720215
2021-04-07,14.091517448425293
2021-04-08,14.264382362365723
2021-04-09,14.347075462341309
2021-04-12,15.153100967407227
2021-04-13,15.621870994567871
2021-04-14,15.22085189819336
2021-04-15,16.077939987182617
2021-04-16,15.85401725769043
2021-04-19,15.305292129516602
2021-04-20,15.115490913391113
2021-04-21,15.304044723510742
2021-04-22,14.795670509338379
2021-04-23,15.209144592285156
2021-04-26,15.421113967895508
2021-04-27,15.325216293334961
2021-04-28,15.220601081848145
2021-04-29,15.268427848815918
2021-04-30,14.954333305358887
2021-05-03,14.782219886779785
2021-05-04,14.298505783081055
2021-05-05,14.405359268188477
2021-05-06,14.469622611999512
2021-05-07,14.757811546325684
2021-05-10,14.213321685791016
2021-05-11,14.253666877746582
2021-05-12,13.70793342590332
2021-05-13,13.615026473999023
2021-05-14,14.190653800964355
2021-05-17,14.113438606262207
2021-05-18,13.96423625946045
2021-05-19,14.014053344726562
2021-05-20,14.558795928955078
2021-05-21,14.93664836883545
2021-05-24,15.554620742797852
2021-05-25,15.590238571166992
2021-05-26,15.642298698425293
2021-05-27,15.431076049804688
2021-05-28,16.184797286987305
2021-06-01,16.204723358154297
2021-06-02,16.71658706665039
2021-06-03,16.90737533569336
2021-06-04,17.51364517211914
2021-06-07,17.554241180419922
2021-06-08,17.392845153808594
2021-06-09,17.298418045043945
2021-06-10,17.36494255065918
2021-06-11,17.76380729675293
2021-06-14,17.956636428833008
2021-06-15,17.72718048095703
2021-06-16,17.74885368347168
2021-06-17,18.592939376831055
2021-06-18,18.574504852294922
2021-06-21,18.363731384277344
2021-06-22,18.821643829345703
2021-06-23,18.991558074951172
2021-06-24,19.139299392700195
2021-06-25,18.965396881103516
2021-06-28,19.916114807128906
2021-06-29,19.95771598815918
2021-06-30,19.933549880981445
2021-07-01,20.1423282623291
2021-07-02,20.416378021240234
2021-07-06,20.62714958190918
2021-07-07,20.301530838012695
2021-07-08,19.834144592285156
2021-07-09,19.981136322021484
2021-07-12,20.44179916381836
2021-07-13,20.180194854736328
2021-07-14,19.773107528686523
2021-07-15,18.90087890625
2021-07-16,18.098398208618164
2021-07-19,18.715017318725586
2021-07-20,18.547842025756836
2021-07-21,19.343095779418945
2021-07-22,19.526460647583008
2021-07-23,19.490585327148438
2021-07-26,19.22749137878418
2021-07-27,19.14179229736328
2021-07-28,19.435771942138672
2021-07-29,19.59423065185547
2021-07-30,19.431787490844727
2021-08-02,19.681921005249023
2021-08-03,19.746694564819336
2021-08-04,20.204113006591797
2021-08-05,20.56586456298828
2021-08-06,20.295799255371094
2021-08-09,20.22504234313965
2021-08-10,19.867279052734375
2021-08-11,19.631093978881836
2021-08-12,19.836387634277344
2021-08-13,20.118408203125
2021-08-16,19.88123321533203
2021-08-17,19.39093017578125
2021-08-18,18.9743709564209
2021-08-19,19.729761123657227
2021-08-20,20.74424934387207
2021-08-23,21.882312774658203
2021-08-24,21.717880249023438
2021-08-25,22.136432647705078
2021-08-26,21.991928100585938
2021-08-27,22.55797576904297
2021-08-30,22.609798431396484
2021-08-31,22.311771392822266
2021-09-01,22.36758804321289
2021-09-02,22.322738647460938
2021-09-03,22.768278121948242
2021-09-07,22.587865829467773
2021-09-08,22.26592445373535
2021-09-09,22.104450225830078
2021-09-10,22.404468536376953
2021-09-13,22.079538345336914
2021-09-14,22.169240951538086
2021-09-15,22.267915725708008
2021-09-16,22.169240951538086
2021-09-17,21.828359603881836
2021-09-20,21.043935775756836
2021-09-21,21.17650032043457
2021-09-22,21.869226455688477
2021-09-23,22.408456802368164
2021-09-24,22.008769989013672
2021-09-27,21.589141845703125
2021-09-28,20.631284713745117
2021-09-29,20.44989013671875
2021-09-30,20.648229598999023
2021-10-01,20.674142837524414
2021-10-04,19.66745376586914
2021-10-05,20.38410186767578
2021-10-06,20.63228416442871
2021-10-07,21.006061553955078
2021-10-08,20.762853622436523
2021-10-11,20.62729835510254
2021-10-12,20.603382110595703
2021-10-13,20.87050437927246
2021-10-14,21.674869537353516
2021-10-15,21.790481567382812
2021-10-18,22.14930534362793
2021-10-19,22.217084884643555
2021-10-20,22.030698776245117
2021-10-21,22.617761611938477
2021-10-22,22.65165901184082
2021-10-25,23.090219497680664
2021-10-26,24.63614273071289
2021-10-27,24.37101173400879
2021-10-28,24.859411239624023
2021-10-29,25.48336410522461
2021-11-01,25.742511749267578
2021-11-02,26.314632415771484
2021-11-03,26.510995864868164
2021-11-04,29.70351219177246
2021-11-05,29.654672622680664
2021-11-08,30.703231811523438
2021-11-09,30.556716918945312
2021-11-10,29.362634658813477
2021-11-11,30.290586471557617
2021-11-12,30.290586471557617
2021-11-15,29.92677879333496
2021-11-16,30.104196548461914
2021-11-17,29.165281295776367
2021-11-18,31.571382522583008
2021-11-19,32.87710189819336
2021-11-22,31.85146713256836
2021-11-23,31.642154693603516
2021-11-24,32.567115783691406
2021-11-26,31.39994239807129
2021-11-29,33.266815185546875
2021-11-30,32.56910705566406
2021-12-01,31.33600425720215
2021-12-02,32.02482986450195
2021-12-03,30.596342086791992
2021-12-06,29.942411422729492
2021-12-07,32.32488250732422
2021-12-08,31.725778579711914
2021-12-09,30.393983840942383
2021-12-10,30.10289764404297
2021-12-13,28.07231330871582
2021-12-14,28.247760772705078
2021-12-15,30.363079071044922
2021-12-16,28.297595977783203
2021-12-17,27.71345329284668
2021-12-20,27.63170623779297
2021-12-21,28.98343849182129
2021-12-22,29.30741310119629
2021-12-23,29.546655654907227
2021-12-27,30.84754753112793
2021-12-28,30.226511001586914
2021-12-29,29.906526565551758
2021-12-30,29.49283218383789
2021-12-31,29.318376541137695
2022-01-03,30.02614402770996
2022-01-04,29.19776153564453
2022-01-05,27.517072677612305
2022-01-06,28.08926010131836
2022-01-07,27.161195755004883
2022-01-10,27.3137149810791
2022-01-11,27.729398727416992
2022-01-12,27.910823822021484
2022-01-13,26.49131202697754
2022-01-14,26.857152938842773
2022-01-18,25.821428298950195
2022-01-19,24.98805809020996
2022-01-20,24.073944091796875
2022-01-21,23.300390243530273
2022-01-24,23.298398971557617
2022-01-25,22.25369644165039
2022-01-26,22.700288772583008
2022-01-27,21.874893188476562
2022-01-28,22.7680721282959
2022-01-31,24.40888786315918
2022-02-01,24.560415267944336
2022-02-02,25.162511825561523
2022-02-03,23.872583389282227
2022-02-04,24.242412567138672
2022-02-07,24.650129318237305
2022-02-08,25.028928756713867
2022-02-09,26.620901107788086
2022-02-10,25.74267578125
2022-02-11,23.873580932617188
2022-02-14,24.19057846069336
2022-02-15,26.41156578063965
2022-02-16,26.427513122558594
2022-02-17,24.429819107055664
2022-02-18,23.567546844482422
2022-02-22,23.316341400146484
2022-02-23,22.316495895385742
2022-02-24,23.673215866088867
2022-02-25,24.080923080444336
2022-02-28,24.308208465576172
2022-03-01,23.403066635131836
2022-03-02,24.147842407226562
2022-03-03,23.64335060119629
2022-03-04,22.86766815185547
2022-03-07,21.288387298583984
2022-03-08,21.449901580810547
2022-03-09,22.9454345703125
2022-03-10,22.590496063232422
2022-03-11,22.034154891967773
2022-03-14,21.266454696655273
2022-03-15,22.904556274414062
2022-03-16,24.423019409179688
2022-03-17,24.692214965820312
2022-03-18,26.374189376831055
2022-03-21,26.654346466064453
2022-03-22,26.444978713989258
2022-03-23,25.55763053894043
2022-03-24,28.066131591796875
2022-03-25,27.6094970703125
2022-03-28,28.13492202758789
2022-03-29,28.570627212524414
2022-03-30,27.607501983642578
2022-03-31,27.20470428466797
2022-04-01,26.63241958618164
2022-04-04,27.278486251831055
2022-04-05,25.853740692138672
2022-04-06,24.33428192138672
2022-04-07,24.135875701904297
2022-04-08,23.050119400024414
2022-04-11,21.851703643798828
2022-04-12,21.439931869506836
2022-04-13,22.136850357055664
2022-04-14,21.194665908813477
2022-04-18,21.71809959411621
2022-04-19,22.13186264038086
2022-04-20,21.417997360229492
2022-04-21,20.122865676879883
2022-04-22,19.456859588623047
2022-04-25,19.84270668029785
2022-04-26,18.732025146484375
2022-04-27,18.36013412475586
2022-04-28,19.723064422607422
2022-04-29,18.491741180419922
2022-05-02,19.474807739257812
2022-05-03,19.543594360351562
2022-05-04,20.273418426513672
2022-05-05,18.787857055664062
2022-05-06,18.619359970092773
2022-05-09,16.899497985839844
2022-05-10,17.542579650878906
2022-05-11,16.58045196533203
2022-05-12,16.12681007385254
2022-05-13,17.65324592590332
2022-05-16,17.212566375732422
2022-05-17,18.12284278869629
2022-05-18,16.887537002563477
2022-05-19,17.072980880737305
2022-05-20,16.644264221191406
2022-05-23,16.847658157348633
2022-05-24,16.105871200561523
2022-05-25,16.924427032470703
2022-05-26,17.79781723022461
2022-05-27,18.75495719909668
2022-05-31,18.616369247436523
2022-06-01,18.265419006347656
2022-06-02,19.53363037109375
2022-06-03,18.66422462463379
2022-06-06,18.73002815246582
2022-06-07,18.869613647460938
2022-06-08,18.596372604370117
2022-06-09,17.998031616210938
2022-06-10,16.9270076751709
2022-06-13,15.603680610656738
2022-06-14,15.792158126831055
2022-06-15,16.481246948242188
2022-06-16,15.557806968688965
2022-06-17,15.836036682128906
2022-06-21,16.5201358795166
2022-06-22,16.31471061706543
2022-06-23,16.180082321166992
2022-06-24,17.078584671020508
2022-06-27,16.822296142578125
2022-06-28,15.937752723693848
2022-06-29,15.498971939086914
2022-06-30,15.11703109741211
2022-07-01,14.482791900634766
2022-07-05,14.92257308959961
2022-07-06,15.08811092376709
2022-07-07,15.81409740447998
2022-07-08,15.79415225982666
2022-07-11,15.110050201416016
2022-07-12,15.040243148803711
2022-07-13,15.122015953063965
2022-07-14,15.329438209533691
2022-07-15,15.718361854553223
2022-07-18,16.05642318725586
2022-07-19,16.94495391845703
2022-07-20,17.757694244384766
2022-07-21,18.000022888183594
2022-07-22,17.27105140686035
2022-07-25,16.97686767578125
2022-07-26,16.48723030090332
2022-07-27,17.74074935913086
2022-07-28,17.93421173095703
2022-07-29,18.112712860107422
2022-08-01,18.389942169189453
2022-08-02,18.474706649780273
2022-08-03,18.840694427490234
2022-08-04,19.16179847717285
2022-08-05,18.93642807006836
2022-08-08,17.743741989135742
2022-08-09,17.038694381713867
2022-08-10,18.046897888183594
2022-08-11,17.892324447631836
2022-08-12,18.657203674316406
2022-08-15,18.97930908203125
2022-08-16,18.826730728149414
2022-08-17,18.284236907958984
2022-08-18,18.721025466918945
2022-08-19,17.79958724975586
2022-08-22,16.986841201782227
2022-08-23,17.133432388305664
2022-08-24,17.174320220947266
2022-08-25,17.863405227661133
2022-08-26,16.214981079101562
2022-08-29,15.757253646850586
2022-08-30,15.425174713134766
2022-08-31,15.052207946777344
2022-09-01,13.898415565490723
2022-09-02,13.609217643737793
2022-09-06,13.42772102355957
2022-09-07,13.680096626281738
2022-09-08,13.955411911010742
2022-09-09,14.351432800292969
2022-09-12,14.469141006469727
2022-09-13,13.098536491394043
2022-09-14,13.095545768737793
2022-09-15,12.897035598754883
2022-09-16,13.16537094116211
2022-09-19,13.348916053771973
2022-09-20,13.143424987792969
2022-09-21,13.228214263916016
2022-09-22,12.529947280883789
2022-09-23,12.485057830810547
2022-09-26,12.197768211364746
2022-09-27,12.38231086730957
2022-09-28,12.70451545715332
2022-09-29,12.189788818359375
2022-09-30,12.108990669250488
2022-10-03,12.481066703796387
2022-10-04,13.13444709777832
2022-10-05,13.17634391784668
2022-10-06,13.097538948059082
2022-10-07,12.046146392822266
2022-10-10,11.64114761352539
2022-10-11,11.557355880737305
2022-10-12,11.471570014953613
2022-10-13,11.930432319641113
2022-10-14,11.199244499206543
2022-10-17,11.85860824584961
2022-10-18,11.93741512298584
2022-10-19,12.021204948425293
2022-10-20,12.163851737976074
2022-10-21,12.435179710388184
2022-10-24,12.567852020263672
2022-10-25,13.228214263916016
2022-10-26,12.864119529724121
2022-10-27,13.143424987792969
2022-10-28,13.799798965454102
2022-10-31,13.463630676269531
2022-11-01,13.50951862335205
2022-11-02,13.186321258544922
2022-11-03,13.387821197509766
2022-11-04,14.121003150939941
2022-11-07,14.265645027160645
2022-11-08,14.565900802612305
2022-11-09,13.741943359375
2022-11-10,15.711063385009766
2022-11-11,16.286636352539062
2022-11-14,16.254714965820312
2022-11-15,16.624797821044922
2022-11-16,15.87066650390625
2022-11-17,15.638245582580566
2022-11-18,15.370904922485352
2022-11-21,15.279133796691895
2022-11-22,15.998348236083984
2022-11-23,16.478164672851562
2022-11-25,16.229780197143555
2022-11-28,15.787871360778809
2022-11-29,15.600337028503418
2022-11-30,16.885482788085938
2022-12-01,17.09701156616211
2022-12-02,16.838584899902344
2022-12-05,16.57317543029785
2022-12-06,15.951555252075195
2022-12-07,16.08426284790039
2022-12-08,17.130935668945312
2022-12-09,16.963308334350586
2022-12-12,17.496124267578125
2022-12-13,18.031936645507812
2022-12-14,17.634817123413086
2022-12-15,16.914413452148438
2022-12-16,16.534259796142578
2022-12-19,16.21796226501465
2022-12-20,16.049339294433594
2022-12-21,16.464414596557617
2022-12-22,15.304993629455566
2022-12-23,15.172286987304688
2022-12-27,14.089694023132324
2022-12-28,14.004881858825684
2022-12-29,14.570623397827148
2022-12-30,14.581600189208984
2023-01-03,14.2832612991333
2023-01-04,14.716299057006836
2023-01-05,14.23337459564209
2023-01-06,14.826055526733398
2023-01-09,15.593352317810059
2023-01-10,15.873729705810547
2023-01-11,15.965521812438965
2023-01-12,16.47439193725586
2023-01-13,16.86153793334961
2023-01-17,17.662755966186523
2023-01-18,17.338476181030273
2023-01-19,16.727834701538086
2023-01-20,17.799449920654297
2023-01-23,19.15045166015625
2023-01-24,19.222288131713867
2023-01-25,19.280160903930664
2023-01-26,19.75809669494629
2023-01-27,20.319847106933594
2023-01-30,19.119518280029297
2023-01-31,19.493688583374023
2023-02-01,20.896568298339844
2023-02-02,21.66086769104004
2023-02-03,21.053220748901367
2023-02-06,21.042247772216797
2023-02-07,22.123842239379883
2023-02-08,22.15576934814453
2023-02-09,22.287479400634766
2023-02-10,21.217851638793945
2023-02-13,21.73969078063965
2023-02-14,22.920076370239258
2023-02-15,22.713529586791992
2023-02-16,21.953222274780273
2023-02-17,21.3405818939209
2023-02-21,20.609209060668945
2023-02-22,20.70798683166504
2023-02-23,23.611534118652344
2023-02-24,23.234373092651367
2023-02-27,23.448898315429688
2023-02-28,23.16452980041504
2023-03-01,22.647674560546875
2023-03-02,23.262313842773438
2023-03-03,23.837034225463867
2023-03-06,23.501779556274414
2023-03-07,23.240314483642578
2023-03-08,24.131486892700195
2023-03-09,23.388011932373047
2023-03-10,22.917978286743164
2023-03-13,22.918977737426758
2023-03-14,24.01372718811035
2023-03-15,24.17839241027832
2023-03-16,25.488704681396484
2023-03-17,25.672325134277344
2023-03-20,25.846969604492188
2023-03-21,26.145355224609375
2023-03-22,26.41380500793457
2023-03-23,27.13532257080078
2023-03-24,26.724166870117188
2023-03-27,26.47667694091797
2023-03-28,26.355924606323242
2023-03-29,26.928749084472656
2023-03-30,27.326929092407227
2023-03-31,27.720125198364258
2023-04-03,27.90774154663086
2023-04-04,27.396787643432617
2023-04-05,26.825960159301758
2023-04-06,26.981639862060547
2023-04-10,27.52252769470215
2023-04-11,27.11336898803711
2023-04-12,26.440750122070312
2023-04-13,26.408811569213867
2023-04-14,26.703210830688477
2023-04-17,26.94671058654785
2023-04-18,27.6103515625
2023-04-19,27.873807907104492
2023-04-20,27.04850196838379
2023-04-21,27.063474655151367
2023-04-24,26.986629486083984
2023-04-25,26.18726921081543
2023-04-26,26.900798797607422
2023-04-27,27.17025375366211
2023-04-28,27.692182540893555
2023-05-01,28.850805282592773
2023-05-02,28.152233123779297
2023-05-03,27.745073318481445
2023-05-04,27.505563735961914
2023-05-05,28.621274948120117
2023-05-08,29.091312408447266
2023-05-09,28.512500762939453
2023-05-10,28.82585334777832
2023-05-11,28.519481658935547
2023-05-12,28.281970977783203
2023-05-15,28.893712997436523
2023-05-16,29.153182983398438
2023-05-17,30.116207122802734
2023-05-18,31.61313819885254
2023-05-19,31.19998550415039
2023-05-22,31.112163543701172
2023-05-23,30.625160217285156
2023-05-24,30.47547149658203
2023-05-25,37.90222930908203
2023-05-26,38.86625289916992
2023-05-30,40.028865814208984
2023-05-31,37.75653076171875
2023-06-01,39.688568115234375
2023-06-02,39.24647521972656
2023-06-05,39.09079360961914
2023-06-06,38.57485580444336
2023-06-07,37.40213394165039
2023-06-08,38.43512725830078
2023-06-09,38.69461441040039
2023-06-12,39.40523910522461
2023-06-13,40.94224166870117
2023-06-14,42.91341018676758
2023-06-15,42.57007598876953
2023-06-16,42.6089973449707
2023-06-20,43.72282409667969
2023-06-21,42.961307525634766
2023-06-22,42.94134521484375
2023-06-23,42.126930236816406
2023-06-26,40.553001403808594
2023-06-27,41.794578552246094
2023-06-28,41.03706359863281
2023-06-29,40.74262619018555
2023-06-30,42.219749450683594
2023-07-03,42.33053970336914
2023-07-05,42.23472595214844
2023-07-06,42.02113723754883
2023-07-07,42.42036056518555
2023-07-10,42.09798812866211
2023-07-11,42.32255172729492
2023-07-12,43.81663513183594
2023-07-13,45.88761520385742
2023-07-14,45.38059616088867
2023-07-17,46.370662689208984
2023-07-18,47.401649475097656
2023-07-19,46.9854621887207
2023-07-20,45.43149185180664
2023-07-21,44.22284698486328
2023-07-24,44.5252571105957
2023-07-25,45.59018325805664
2023-07-26,45.36362075805664
2023-07-27,45.810760498046875
2023-07-28,46.65910339355469
2023-07-31,46.63814926147461
2023-08-01,46.41657257080078
2023-08-02,44.18293380737305
2023-08-03,44.42845153808594
2023-08-04,44.5931282043457
2023-08-07,45.328697204589844
2023-08-08,44.57715606689453
2023-08-09,42.47127151489258
2023-08-10,42.30558395385742
2023-08-11,40.77556610107422
2023-08-14,43.667930603027344
2023-08-15,43.854576110839844
2023-08-16,43.40144729614258
2023-08-17,43.259727478027344
2023-08-18,43.214813232421875
2023-08-21,46.87568664550781
2023-08-22,45.57920455932617
2023-08-23,47.02439498901367
2023-08-24,47.07129669189453
2023-08-25,45.928524017333984
2023-08-28,46.74393844604492
2023-08-29,48.68914794921875
2023-08-30,49.16820526123047
2023-08-31,49.259037017822266
2023-09-01,48.41468811035156
2023-09-05,48.45361328125
2023-09-06,46.97337341308594
2023-09-07,46.1548957824707
2023-09-08,45.48714065551758
2023-09-11,45.0938720703125
2023-09-12,44.78644561767578
2023-09-13,45.40031051635742
2023-09-14,45.496131896972656
2023-09-15,43.8182487487793
2023-09-18,43.88412094116211
2023-09-19,43.438961029052734
2023-09-20,42.16035079956055
2023-09-21,40.94062042236328
2023-09-22,41.53252029418945
2023-09-25,42.14337921142578
2023-09-26,41.83296203613281
2023-09-27,42.388916015625
2023-09-28,43.00876235961914
2023-09-29,43.417999267578125
2023-10-02,44.6986083984375
2023-10-03,43.43596649169922
2023-10-04,43.958988189697266
2023-10-05,44.604793548583984
2023-10-06,45.676788330078125
2023-10-09,45.188690185546875
2023-10-10,45.71272277832031
2023-10-11,46.71884536743164
2023-10-12,46.85757827758789
2023-10-13,45.3763427734375
2023-10-16,46.0091667175293
2023-10-17,43.85619354248047
2023-10-18,42.117427825927734
2023-10-19,42.02260971069336
2023-10-20,41.3099365234375
2023-10-23,42.89497756958008
2023-10-24,43.58169937133789
2023-10-25,41.701202392578125
2023-10-26,40.25090789794922
2023-10-27,40.42458724975586
2023-10-30,41.08435821533203
2023-10-31,40.70406723022461
2023-11-01,42.24619674682617
2023-11-02,43.42498016357422
2023-11-03,44.92119598388672
2023-11-06,45.665809631347656
2023-11-07,45.869422912597656
2023-11-08,46.487274169921875
2023-11-09,46.862571716308594
2023-11-10,48.24500274658203
2023-11-13,48.52946853637695
2023-11-14,49.56353759765625
2023-11-15,48.796974182128906
2023-11-16,49.38786315917969
2023-11-17,49.20621109008789
2023-11-20,50.31513595581055
2023-11-21,49.85099792480469
2023-11-22,48.62528610229492
2023-11-24,47.687034606933594
2023-11-27,48.15216827392578
2023-11-28,47.7319450378418
2023-11-29,48.050357818603516
2023-11-30,46.68291473388672
2023-12-01,46.677921295166016
2023-12-04,45.425254821777344
2023-12-05,46.48337936401367
2023-12-06,45.42226028442383
2023-12-07,46.51332473754883
2023-12-08,47.42171096801758
2023-12-11,46.54426956176758
2023-12-12,47.57244110107422
2023-12-13,48.002681732177734
2023-12-14,48.26420974731445
2023-12-15,48.80325698852539
2023-12-18,49.9881477355957
2023-12-19,49.515987396240234
2023-12-20,48.025638580322266
2023-12-21,48.903072357177734
2023-12-22,48.74336242675781
2023-12-26,49.191558837890625
2023-12-27,49.32931900024414
2023-12-28,49.43412780761719
2023-12-29,49.43412780761719
2024-01-02,48.08253479003906
2024-01-03,47.484596252441406
2024-01-04,47.912841796875
2024-01-05,49.0098876953125
2024-01-08,52.1602783203125
2024-01-09,53.045711517333984
2024-01-10,54.253562927246094
2024-01-11,54.724727630615234
2024-01-12,54.6129264831543
2024-01-16,56.281959533691406
2024-01-17,55.95354461669922
2024-01-18,57.00566864013672
2024-01-19,59.38544464111328
2024-01-22,59.548160552978516
2024-01-23,59.76676940917969
2024-01-24,61.25312805175781
2024-01-25,61.50767135620117
2024-01-26,60.92271041870117
2024-01-29,62.354164123535156
2024-01-30,62.66261291503906
2024-01-31,61.41783142089844
2024-02-01,62.9151725769043
2024-02-02,66.04261779785156
2024-02-05,69.208984375
2024-02-06,68.1019515991211
2024-02-07,69.97461700439453
2024-02-08,69.5174331665039
2024-02-09,72.00503540039062
2024-02-12,72.11981201171875
2024-02-13,72.00003051757812
2024-02-14,73.76888275146484
2024-02-15,72.5290756225586
2024-02-16,72.4841537475586
2024-02-20,69.32877349853516
2024-02-21,67.352294921875
2024-02-22,78.39864349365234
2024-02-23,78.67715454101562
2024-02-26,78.95167541503906
2024-02-27,78.56135559082031
2024-02-28,77.52519989013672
2024-02-29,78.97163391113281
2024-03-01,82.13300323486328
2024-03-04,85.08576202392578
2024-03-05,85.81549835205078
2024-03-06,88.54676818847656
2024-03-07,92.5089111328125
2024-03-08,87.37679290771484
2024-03-11,85.6258316040039
2024-03-12,91.75421142578125
2024-03-13,90.73098754882812
2024-03-14,87.79206848144531
2024-03-15,87.68525695800781
2024-03-18,88.30220031738281
2024-03-19,89.24356842041016
2024-03-20,90.21588134765625
2024-03-21,91.27704620361328
2024-03-22,94.1261215209961
2024-03-25,94.83788299560547
2024-03-26,92.4011001586914
2024-03-27,90.0940933227539
2024-03-28,90.19991302490234
2024-04-01,90.20690155029297
2024-04-02,89.29747009277344
2024-04-03,88.81031799316406
2024-04-04,85.75658416748047
2024-04-05,87.85597229003906
2024-04-08,86.98247528076172
2024-04-09,85.20654296875
2024-04-10,86.8886489868164
2024-04-11,90.45945739746094
2024-04-12,88.0336685180664
2024-04-15,85.85243225097656
2024-04-16,87.26399230957031
2024-04-17,83.88982391357422
2024-04-18,84.52471923828125
2024-04-19,76.06837463378906
2024-04-22,79.38063049316406
2024-04-23,82.28062438964844
2024-04-24,79.53936004638672
2024-04-25,82.48925018310547
2024-04-26,87.58344268798828
2024-04-29,87.60541534423828
2024-04-30,86.25275421142578
2024-05-01,82.89752960205078
2024-05-02,85.66874694824219
2024-05-03,88.63561248779297
2024-05-06,91.98082733154297
2024-05-07,90.3975601196289
2024-05-08,90.25581359863281
2024-05-09,88.59369659423828
2024-05-10,89.72272491455078
2024-05-13,90.24283599853516
2024-05-14,91.19817352294922
2024-05-15,94.4665298461914
2024-05-16,94.19600677490234
2024-05-17,92.3192367553711
2024-05-20,94.61627197265625
2024-05-21,95.2212142944336
2024-05-22,94.78597259521484
2024-05-23,103.61969757080078
2024-05-24,106.28507995605469
2024-05-28,113.70423126220703
2024-05-29,114.62664031982422
2024-05-30,110.3091049194336
2024-05-31,109.44361877441406
2024-06-03,114.80134582519531
2024-06-04,116.23585510253906
2024-06-05,122.22847747802734
2024-06-06,120.78897857666016
2024-06-07,120.6791763305664
2024-06-10,121.57959747314453
2024-06-11,120.7110595703125
2024-06-12,124.99396514892578
2024-06-13,129.396728515625
2024-06-14,131.6630096435547
2024-06-17,130.7644805908203
2024-06-18,135.35690307617188
2024-06-20,130.5648193359375
2024-06-21,126.36172485351562
2024-06-24,117.91564178466797
2024-06-25,125.88251495361328
2024-06-26,126.19200897216797
2024-06-27,123.78596496582031
2024-06-28,123.33671569824219
2024-07-01,124.09547424316406
2024-07-02,122.4681396484375
2024-07-03,128.06890869140625
2024-07-05,125.6229476928711
2024-07-08,127.989013671875
2024-07-09,131.16383361816406
2024-07-10,134.6880340576172
2024-07-11,127.19036865234375
2024-07-12,129.02734375
2024-07-15,128.2286376953125
2024-07-16,126.1520767211914
2024-07-17,117.79584503173828
2024-07-18,120.89073181152344
2024-07-19,117.7359390258789
2024-07-22,123.33671569824219
2024-07-23,122.38827514648438
2024-07-24,114.06200408935547
2024-07-25,112.09524536132812
2024-07-26,112.87395477294922
2024-07-29,111.40637969970703
2024-07-30,103.55931091308594
2024-07-31,116.82743072509766
2024-08-01,109.03030395507812
2024-08-02,107.09346771240234
2024-08-05,100.28471374511719
2024-08-06,104.07846069335938
2024-08-07,98.74725341796875
2024-08-08,104.79727172851562
2024-08-09,104.57762908935547
2024-08-12,108.84060668945312
2024-08-13,115.94889068603516
2024-08-14,117.88571166992188
2024-08-15,122.65784454345703
2024-08-16,124.375
2024-08-19,129.78607177734375
2024-08-20,127.04061889648438
2024-08-21,128.28855895996094
2024-08-22,123.53638458251953
2024-08-23,129.1571044921875
2024-08-26,126.25190734863281
2024-08-27,128.08889770507812
2024-08-28,125.40331268310547
2024-08-29,117.39649963378906
2024-08-30,119.17357635498047
2024-09-03,107.8222885131836
2024-09-04,106.03523254394531
2024-09-05,107.03359985351562
2024-09-06,102.66079711914062
2024-09-09,106.2947998046875
2024-09-10,107.922119140625
2024-09-11,116.7176284790039
2024-09-12,118.95413208007812
2024-09-13,118.91419219970703
2024-09-16,116.59780883789062
2024-09-17,115.40966796875
2024-09-18,113.19313049316406
2024-09-19,117.68611907958984
2024-09-20,115.81903839111328
2024-09-23,116.07862854003906
2024-09-24,120.68144226074219
2024-09-25,123.31731414794922
2024-09-26,123.84648132324219
2024-09-27,121.21060943603516
2024-09-30,121.25054168701172
2024-10-01,116.81745910644531
2024-10-02,118.66458129882812
2024-10-03,122.6583480834961
2024-10-04,124.72510528564453
2024-10-07,127.52073669433594
2024-10-08,132.68267822265625
2024-10-09,132.44305419921875
2024-10-10,134.5996551513672
2024-10-11,134.58969116210938
2024-10-14,137.8546142578125
2024-10-15,131.3946990966797
2024-10-16,135.50827026367188
2024-10-17,136.71636962890625
2024-10-18,137.7847137451172
2024-10-21,143.48580932617188
2024-10-22,143.3660125732422
2024-10-23,139.34226989746094
2024-10-24,140.19094848632812
2024-10-25,141.31918334960938
2024-10-28,140.30078125
2024-10-29,141.02963256835938
2024-10-30,139.12261962890625
2024-10-31,132.5529022216797
2024-11-01,135.1887664794922
2024-11-04,135.8377685546875
2024-11-05,139.6917266845703
2024-11-06,145.38284301757812
2024-11-07,148.64773559570312
2024-11-08,147.39968872070312
2024-11-11,145.0333709716797
2024-11-12,148.05862426757812
2024-11-13,146.0417938232422
2024-11-14,146.53103637695312
2024-11-15,141.75848388671875
2024-11-18,139.93133544921875
2024-11-19,146.78065490722656
2024-11-20,145.6623992919922
2024-11-21,146.44119262695312
2024-11-22,141.72854614257812
2024-11-25,135.80780029296875
2024-11-26,136.7063751220703
2024-11-27,135.12884521484375
2024-11-29,138.03433227539062
2024-12-02,138.41371154785156
2024-12-03,140.04119873046875
2024-12-04,144.91354370117188
2024-12-05,144.84368896484375
2024-12-06,142.22760009765625
2024-12-09,138.60299682617188
2024-12-10,134.8685760498047
2024-12-11,139.10223388671875
2024-12-12,137.13519287109375
2024-12-13,134.04978942871094
2024-12-16,131.80313110351562
2024-12-17,130.19554138183594
2024-12-18,128.7177734375
2024-12-19,130.485107421875
2024-12-20,134.49911499023438
2024-12-23,139.46170043945312
2024-12-24,140.01089477539062
2024-12-26,139.7213134765625
2024-12-27,136.8056640625
2024-12-30,137.28494262695312
2024-12-31,134.08973693847656
2025-01-02,138.10372924804688
2025-01-03,144.25454711914062
2025-01-06,149.20713806152344
2025-01-07,139.93099975585938
2025-01-08,139.9010467529297
2025-01-10,135.7073211669922
2025-01-13,133.0313262939453
2025-01-14,131.56349182128906
2025-01-15,136.03684997558594
2025-01-16,133.3708038330078
2025-01-17,137.504638671875
2025-01-21,140.61997985839844
2025-01-22,146.85067749023438
2025-01-23,147.00045776367188
2025-01-24,142.4073028564453
2025-01-27,118.24340057373047
2025-01-28,128.7976531982422
2025-01-29,123.5155258178711
2025-01-30,124.46410369873047
2025-01-31,119.89094543457031
2025-02-03,116.48603820800781
2025-02-04,118.47305297851562
2025-02-05,124.64384460449219
2025-02-06,128.48809814453125
2025-02-07,129.6463623046875
2025-02-10,133.3708038330078
2025-02-11,132.60195922851562
2025-02-12,130.94444274902344
2025-02-13,135.08822631835938
2025-02-14,138.64292907714844
2025-02-18,139.19212341308594
2025-02-19,139.02235412597656
2025-02-20,139.9010467529297
2025-02-21,134.22952270507812
2025-02-24,130.08572387695312
2025-02-25,126.44115447998047
2025-02-26,131.08421325683594
2025-02-27,119.9708251953125
2025-02-28,124.73370361328125
2025-03-03,113.88990020751953
2025-03-04,115.81702423095703
2025-03-05,117.12506866455078
2025-03-06,110.40510559082031
2025-03-07,112.52195739746094
2025-03-10,106.8204574584961
2025-03-11,108.59780883789062
2025-03-12,115.5780258178711
2025-03-13,115.41825103759766
2025-03-14,121.49972534179688
2025-03-17,119.36272430419922
2025-03-18,115.26846313476562
2025-03-19,117.35552978515625
2025-03-20,118.36412048339844
2025-03-21,117.5352783203125
2025-03-24,121.24009704589844
2025-03-25,120.5210952758789
2025-03-26,113.60079956054688
2025-03-27,111.27406311035156
2025-03-28,109.51652526855469
2025-03-31,108.22831726074219
2025-04-01,109.995849609375
2025-04-02,110.26546478271484
2025-04-03,101.65753936767578
2025-04-04,94.17801666259766
2025-04-07,97.50335693359375
2025-04-08,96.16522979736328
2025-04-09,114.17000579833984
2025-04-10,107.4194564819336
2025-04-11,110.7747573852539
2025-04-14,110.55506896972656
2025-04-15,112.04297637939453
2025-04-16,104.3437728881836
2025-04-17,101.34796905517578
2025-04-21,96.77438354492188
2025-04-22,98.75160217285156
2025-04-23,102.5662612915039
2025-04-24,106.28105163574219
2025-04-25,110.85465240478516
2025-04-28,108.57784271240234
2025-04-29,108.86742401123047
2025-04-30,108.76756286621094
2025-05-01,111.45381164550781
2025-05-02,114.33976745605469
2025-05-05,113.66071319580078
2025-05-06,113.38111114501953
2025-05-07,116.89617919921875
2025-05-08,117.20574951171875
2025-05-09,116.48676300048828
2025-05-12,122.82786560058594
2025-05-13,129.7481689453125
2025-05-14,135.1505889892578
2025-05-15,134.6413116455078
2025-05-16,135.2105255126953
2025-05-19,135.38027954101562
2025-05-20,134.19192504882812
2025-05-21,131.6155548095703
2025-05-22,132.64410400390625
2025-05-23,131.1062469482422
2025-05-27,135.31036376953125
2025-05-28,134.621337890625
2025-05-29,138.99520874023438
2025-05-30,134.94090270996094
2025-06-02,137.18775939941406
2025-06-03,141.02236938476562
2025-06-04,141.7213897705078
2025-06-05,139.7941131591797
2025-06-06,141.52166748046875
2025-06-09,142.43040466308594
2025-06-10,143.758544921875
2025-06-11,142.6400146484375
2025-06-12,144.80712890625
2025-06-13,141.78115844726562
2025-06-16,144.49754333496094
2025-06-17,143.92828369140625
2025-06-18,145.28648376464844
2025-06-20,143.65866088867188
2025-06-23,143.97824096679688
2025-06-24,147.7032470703125
2025-06-25,154.10475158691406
2025-06-26,154.8137969970703
2025-06-27,157.54017639160156
2025-06-30,157.7798614501953
2025-07-01,153.09609985351562
2025-07-02,157.04083251953125
2025-07-03,159.1280517578125
2025-07-07,158.02952575683594
2025-07-08,159.7871856689453
2025-07-09,162.66334533691406
2025-07-10,163.88172912597656
2025-07-11,164.7006378173828
2025-07-14,163.85177612304688
2025-07-15,170.4729461669922
2025-07-16,171.14205932617188
2025-07-17,172.7698974609375
2025-07-18,172.18069458007812
2025-07-21,171.1520538330078
2025-07-22,166.80784606933594
2025-07-23,170.55284118652344
2025-07-24,173.5089111328125
2025-07-25,173.26922607421875
2025-07-28,176.514892578125
2025-07-29,175.27655029296875
2025-07-30,179.03155517578125
2025-07-31,177.63340759277344
2025-08-01,173.4889373779297
2025-08-04,179.76058959960938
2025-08-05,178.02288818359375
2025-08-06,179.1813507080078
2025-08-07,180.52955627441406
2025-08-08,182.4569854736328
2025-08-11,181.8178253173828
2025-08-12,182.9163818359375
2025-08-13,181.34844970703125
2025-08-14,181.7778778076172
2025-08-15,180.20997619628906
2025-08-18,181.7678985595703
2025-08-19,175.4063720703125
2025-08-20,175.16668701171875
2025-08-21,174.7472381591797
2025-08-22,177.75326538085938
2025-08-25,179.57083129882812
2025-08-26,181.52822875976562
2025-08-27,181.3584442138672
2025-08-28,179.93035888671875
2025-08-29,173.94830322265625
2025-09-02,170.55284118652344
2025-09-03,170.39306640625
2025-09-04,171.4316864013672
2025-09-05,166.79786682128906
2025-09-08,168.08612060546875
2025-09-09,170.53285217285156
2025-09-10,177.09413146972656
2025-09-11,176.9443359375
2025-09-12,177.59349060058594
2025-09-15,177.52357482910156
2025-09-16,174.65724182128906
2025-09-17,170.0730743408203
2025-09-18,176.01551818847656
2025-09-19,176.4449462890625
2025-09-22,183.37611389160156
2025-09-23,178.2027130126953
2025-09-24,176.74456787109375
2025-09-25,177.4636688232422
2025-09-26,177.96302795410156
2025-09-29,181.61837768554688
2025-09-30,186.3423309326172
2025-10-01,187.00149536132812
2025-10-02,188.64939880371094
2025-10-03,187.38099670410156
2025-10-06,185.30364990234375
2025-10-07,184.80429077148438
2025-10-08,188.86911010742188
2025-10-09,192.32470703125
2025-10-10,182.92669677734375
2025-10-13,188.0801239013672
2025-10-14,179.8006591796875
2025-10-15,179.60093688964844
2025-10-16,181.5784149169922
2025-10-17,182.9866180419922
2025-10-20,182.4073486328125
2025-10-21,180.92922973632812
2025-10-22,180.05035400390625
2025-10-23,181.92796325683594
2025-10-24,186.02272033691406
2025-10-27,191.24607849121094
2025-10-28,200.77394104003906
2025-10-29,206.77627563476562
2025-10-30,202.63156127929688
2025-10-31,202.23207092285156
2025-11-03,206.61647033691406
2025-11-04,198.43690490722656
2025-11-05,194.9613494873047
2025-11-06,187.84042358398438
2025-11-07,187.91033935546875
2025-11-10,198.7964630126953
2025-11-11,192.91395568847656
2025-11-12,193.5531463623047
2025-11-13,186.62196350097656
2025-11-14,189.92776489257812
2025-11-17,186.3623046875
2025-11-18,181.1289825439453
2025-11-19,186.2823944091797
2025-11-20,180.40989685058594
2025-11-21,178.6521453857422
2025-11-24,182.31747436523438
2025-11-25,177.59349060058594
2025-11-26,180.03038024902344
2025-11-28,176.7745361328125
2025-12-01,179.69082641601562
2025-12-02,181.22885131835938
2025-12-03,179.36123657226562
2025-12-04,183.1566162109375
2025-12-05,182.1877899169922
2025-12-08,185.323974609375
2025-12-09,184.7446746826172
2025-12-10,183.55612182617188
2025-12-11,180.70957946777344
2025-12-12,174.80679321289062
2025-12-15,176.0752410888672
2025-12-16,177.50350952148438
2025-12-17,170.7317657470703
2025-12-18,173.9278564453125
2025-12-19,180.76951599121094
2025-12-22,183.4662322998047
2025-12-23,188.97950744628906
2025-12-24,188.38023376464844
2025-12-26,190.2978973388672
2025-12-29,187.99070739746094
2025-12-30,187.31153869628906
2025-12-31,186.27281188964844
2026-01-02,188.6199493408203
2026-01-05,187.89083862304688
2026-01-06,187.0119171142578
2026-01-07,188.87962341308594
2026-01-08,184.81459045410156
2026-01-09,184.63479614257812
2026-01-12,184.71470642089844
2026-01-13,185.58364868164062
2026-01-14,182.91688537597656
2026-01-15,186.8221435546875
2026-01-16,186.0031280517578
2026-01-20,177.8530731201172
2026-01-21,183.09669494628906
2026-01-22,184.6148223876953
2026-01-23,187.44137573242188
2026-01-26,186.2428436279297
2026-01-27,188.29034423828125
2026-01-28,191.2866973876953
2026-01-29,192.27548217773438
2026-01-30,190.8971710205078
2026-02-02,185.38389587402344
2026-02-03,180.12030029296875
2026-02-04,173.97779846191406
2026-02-05,171.6706085205078
2026-02-06,185.1841278076172
2026-02-09,189.80848693847656
2026-02-10,188.31031799316406
2026-02-11,189.8184814453125
2026-02-12,186.7122802734375
2026-02-13,182.58731079101562
2026-02-17,184.7446746826172
2026-02-18,187.75099182128906
2026-02-19,187.6710968017578
2026-02-20,189.58877563476562
2026-02-23,191.31666564941406
2026-02-24,192.61508178710938
2026-02-25,195.32176208496094
2026-02-26,184.66476440429688
2026-02-27,176.97415161132812
2026-03-02,182.25770568847656
2026-03-03,179.83065795898438
2026-03-04,182.8170166015625
2026-03-05,183.1166534423828
2026-03-06,177.60337829589844
2026-03-09,182.427490234375
2026-03-10,184.544921875
2026-03-11,185.8134307861328
2026-03-12,182.9268035888672
2026-03-13,180.0401611328125
2026-03-16,183.0067138671875
2026-03-17,181.71820068359375
2026-03-18,180.1899871826172
2026-03-19,178.3521270751953
2026-03-20,172.4989471435547
2026-03-23,175.43553161621094
2026-03-24,174.99603271484375
2026-03-25,178.47198486328125
2026-03-26,171.04066467285156
2026-03-27,167.32498168945312
2026-03-30,164.97772216796875
2026-03-31,174.1969757080078
2026-04-01,175.54541015625
2026-04-02,177.18348693847656
2026-04-06,177.43319702148438
2026-04-07,177.89266967773438
2026-04-08,181.8680419921875
2026-04-09,183.69590759277344
2026-04-10,188.41041564941406
2026-04-13,189.08961486816406
2026-04-14,196.28123474121094
2026-04-15,198.63848876953125
2026-04-16,198.1190948486328
2026-04-17,201.44520568847656
2026-04-20,201.82476806640625
2026-04-21,199.64732360839844
2026-04-22,202.26426696777344
2026-04-23,199.4075927734375
2026-04-24,208.0275421142578
2026-04-27,216.3578338623047
2026-04-28,212.92184448242188
2026-04-29,209.00640869140625
2026-04-30,199.33767700195312
2026-05-01,198.21897888183594
2026-05-04,198.24893188476562
2026-05-05,196.271240234375
2026-05-06,207.5880584716797
2026-05-07,211.2537841796875
2026-05-08,214.94947814941406
2026-05-11,219.18453979492188
2026-05-12,220.52297973632812
2026-05-13,225.56710815429688
2026-05-14,235.465576171875
2026-05-15,225.05770874023438
2026-05-18,222.0612030029297
2026-05-19,220.35317993164062
2026-05-20,223.20985412597656
2026-05-21,219.25445556640625
2026-05-22,215.07933044433594
2026-05-26,214.60987854003906
2026-05-27,212.35250854492188
2026-05-28,214.00057983398438
2026-05-29,210.8942108154297
2026-06-01,224.09881591796875
2026-06-02,222.56060791015625
2026-06-03,214.5
2026-06-04,218.66000366210938
2026-06-05,205.10000610351562
2026-06-08,208.63999938964844
2026-06-09,208.19000244140625
2026-06-10,200.4199981689453
2026-06-11,204.8699951171875
2026-06-12,205.19000244140625
2026-06-15,212.4499969482422
2026-06-16,207.41000366210938
2026-06-17,204.64999389648438
2026-06-18,210.69000244140625
2026-06-22,208.64999389648438
2026-06-23,200.0399932861328
2026-06-24,199.0
2026-06-25,195.74000549316406
2026-06-26,192.52999877929688
2026-06-29,194.97000122070312
2026-06-30,200.08999633789062
2026-07-01,197.5800018310547
2026-07-02,194.8300018310547
2026-07-06,195.5500030517578
2026-07-07,196.92999267578125
2026-07-08,204.1199951171875
2026-07-09,202.77999877929688
2026-07-10,210.9600067138672
2026-07-13,203.52999877929688
2026-07-14,211.8000030517578
2026-07-15,212.5
2026-07-16,207.39999389648438
2026-07-17,202.80999755859375
2026-07-20,203.27999877929688
2026-07-21,207.2899932861328
2026-07-22,212.05999755859375
2026-07-23,208.75999450683594
2026-07-24,206.83999633789062
2026-07-27,196.50999450683594
2026-07-28,197.00999450683594
2026-07-29,190.00999450683594
2026-07-30,195.0399932861328
2026-07-31,200.75
2026-08-03,206.63999938964844
2026-08-04,211.94000244140625
2026-08-05,219.22000122070312
2026-08-06,218.99000549316406
2026-08-07,223.9600067138672
2026-08-10,217.5500030517578
2026-08-11,217.5
2026-08-12,224.08999633789062
2026-08-13,225.3000030517578
2026-08-14,225.16000366210938
2026-08-17,225.00999450683594
2026-08-18,219.74000549316406
2026-08-19,217.55999755859375
2026-08-20,216.85000610351562
2026-08-21,214.72000122070312
