Date,Close
2010-01-04,84.57848358154297
2010-01-05,84.8023681640625
2010-01-06,84.86209106445312
2010-01-07,85.22030639648438
2010-01-08,85.50390625
2010-01-11,85.623291015625
2010-01-12,84.82476043701172
2010-01-13,85.54121398925781
2010-01-14,85.77257537841797
2010-01-15,84.80982208251953
2010-01-19,85.86959075927734
2010-01-20,84.99642944335938
2010-01-21,83.36203002929688
2010-01-22,81.50372314453125
2010-01-25,81.9216079711914
2010-01-26,81.57833862304688
2010-01-27,81.9664306640625
2010-01-28,81.02606964111328
2010-01-29,80.14546966552734
2010-02-01,81.39177703857422
2010-02-02,82.37687683105469
2010-02-03,81.9664306640625
2010-02-04,79.43647003173828
2010-02-05,79.60062408447266
2010-02-08,79.02598571777344
2010-02-09,80.0185775756836
2010-02-10,79.86186218261719
2010-02-11,80.69768524169922
2010-02-12,80.63053894042969
2010-02-16,81.89924621582031
2010-02-17,82.28736877441406
2010-02-18,82.77241516113281
2010-02-19,82.94406127929688
2010-02-22,82.9590072631836
2010-02-23,81.95152282714844
2010-02-24,82.70527648925781
2010-02-25,82.59333038330078
2010-02-26,82.64556121826172
2010-03-01,83.50381469726562
2010-03-02,83.73514556884766
2010-03-03,83.80980682373047
2010-03-04,84.0634994506836
2010-03-05,85.26505279541016
2010-03-08,85.27999877929688
2010-03-09,85.42179107666016
2010-03-10,85.80241394042969
2010-03-11,86.16064453125
2010-03-12,86.16810607910156
2010-03-15,86.19049072265625
2010-03-16,86.8770980834961
2010-03-17,87.39202117919922
2010-03-18,87.3472671508789
2010-03-19,86.90513610839844
2010-03-22,87.3697509765625
2010-03-23,87.98424530029297
2010-03-24,87.55706024169922
2010-03-25,87.41471099853516
2010-03-26,87.36223602294922
2010-03-29,87.91678619384766
2010-03-30,87.97674560546875
2010-03-31,87.67698669433594
2010-04-01,88.2764892578125
2010-04-05,88.99588775634766
2010-04-06,89.2057113647461
2010-04-07,88.6961441040039
2010-04-08,89.00334930419922
2010-04-09,89.587890625
2010-04-12,89.73026275634766
2010-04-13,89.7977066040039
2010-04-14,90.81688690185547
2010-04-15,90.89179992675781
2010-04-16,89.44551849365234
2010-04-19,89.78272247314453
2010-04-20,90.5845947265625
2010-04-21,90.41969299316406
2010-04-22,90.68949127197266
2010-04-23,91.28146362304688
2010-04-26,90.93675231933594
2010-04-27,88.78604888916016
2010-04-28,89.46051788330078
2010-04-29,90.56961822509766
2010-04-30,89.03338623046875
2010-05-03,90.1874008178711
2010-05-04,88.06669616699219
2010-05-05,87.54210662841797
2010-05-06,84.634521484375
2010-05-07,83.37557983398438
2010-05-10,87.04752349853516
2010-05-11,86.80020904541016
2010-05-12,88.01419830322266
2010-05-13,86.92013549804688
2010-05-14,85.34645080566406
2010-05-17,85.39139556884766
2010-05-18,84.22982025146484
2010-05-19,83.75025177001953
2010-05-20,80.587890625
2010-05-21,81.76441955566406
2010-05-24,80.71527862548828
2010-05-25,80.79773712158203
2010-05-26,80.31061553955078
2010-05-27,83.00088500976562
2010-05-28,81.95924377441406
2010-06-01,80.58039855957031
2010-06-02,82.67866516113281
2010-06-03,82.96337890625
2010-06-04,80.04833221435547
2010-06-07,79.05168151855469
2010-06-08,79.8984603881836
2010-06-09,79.47132873535156
2010-06-10,81.79438781738281
2010-06-11,82.19157409667969
2010-06-14,82.06417846679688
2010-06-15,83.93006896972656
2010-06-16,83.90011596679688
2010-06-17,84.03501892089844
2010-06-18,84.1261215209961
2010-06-21,83.88521575927734
2010-06-22,82.499755859375
2010-06-23,82.24374389648438
2010-06-24,80.88094329833984
2010-06-25,81.21976470947266
2010-06-28,80.9637680053711
2010-06-29,78.46401977539062
2010-06-30,77.71859741210938
2010-07-01,77.37226867675781
2010-07-02,76.95057678222656
2010-07-06,77.45509338378906
2010-07-07,79.89458465576172
2010-07-08,80.6852035522461
2010-07-09,81.28752136230469
2010-07-12,81.34025573730469
2010-07-13,82.56758880615234
2010-07-14,82.56002807617188
2010-07-15,82.5826187133789
2010-07-16,80.30873107910156
2010-07-19,80.7830810546875
2010-07-20,81.67904663085938
2010-07-21,80.6174087524414
2010-07-22,82.41696166992188
2010-07-23,83.13225555419922
2010-07-26,83.9981460571289
2010-07-27,83.99058532714844
2010-07-28,83.44847869873047
2010-07-29,83.04190826416016
2010-07-30,83.02684020996094
2010-08-02,84.90164184570312
2010-08-03,84.49508666992188
2010-08-04,85.05976104736328
2010-08-05,84.96944427490234
2010-08-06,84.62306213378906
2010-08-09,85.07483673095703
2010-08-10,84.61555480957031
2010-08-11,82.2964859008789
2010-08-12,81.79202270507812
2010-08-13,81.55107116699219
2010-08-16,81.51342010498047
2010-08-17,82.51481628417969
2010-08-18,82.66541290283203
2010-08-19,81.22732543945312
2010-08-20,80.9637680053711
2010-08-23,80.6550521850586
2010-08-24,79.4579086303711
2010-08-25,79.76661682128906
2010-08-26,79.23200225830078
2010-08-27,80.45931243896484
2010-08-30,79.29224395751953
2010-08-31,79.29224395751953
2010-09-01,81.66400146484375
2010-09-02,82.42449951171875
2010-09-03,83.49366760253906
2010-09-07,82.5525131225586
2010-09-08,83.13225555419922
2010-09-09,83.51622772216797
2010-09-10,83.93787384033203
2010-09-13,84.87153625488281
2010-09-14,84.8188247680664
2010-09-15,85.1426010131836
2010-09-16,85.12000274658203
2010-09-17,85.1518325805664
2010-09-20,86.45378875732422
2010-09-21,86.27970123291016
2010-09-22,85.85579681396484
2010-09-23,85.15939331054688
2010-09-24,86.91553497314453
2010-09-27,86.49920654296875
2010-09-28,86.802001953125
2010-09-29,86.65061950683594
2010-09-30,86.39321899414062
2010-10-01,86.75658416748047
2010-10-04,86.10557556152344
2010-10-05,87.83906555175781
2010-10-06,87.83148193359375
2010-10-07,87.7254867553711
2010-10-08,88.21753692626953
2010-10-11,88.3008041381836
2010-10-12,88.57330322265625
2010-10-13,89.26216888427734
2010-10-14,88.91394805908203
2010-10-15,89.09561157226562
2010-10-18,89.5346908569336
2010-10-19,88.36137390136719
2010-10-20,89.22431945800781
2010-10-21,89.42113494873047
2010-10-22,89.58763885498047
2010-10-25,89.85261535644531
2010-10-26,89.86773681640625
2010-10-27,89.61038208007812
2010-10-28,89.62550354003906
2010-10-29,89.69365692138672
2010-11-01,89.72391510009766
2010-11-02,90.43546295166016
2010-11-03,90.798828125
2010-11-04,92.54740905761719
2010-11-05,92.89559936523438
2010-11-08,92.72151947021484
2010-11-09,92.05538177490234
2010-11-10,92.42630004882812
2010-11-11,92.07808685302734
2010-11-12,90.98806762695312
2010-11-15,90.85936737060547
2010-11-16,89.44381713867188
2010-11-17,89.48929595947266
2010-11-18,90.80641174316406
2010-11-19,91.05619812011719
2010-11-22,90.9804916381836
2010-11-23,89.66334533691406
2010-11-24,90.98806762695312
2010-11-26,89.92828369140625
2010-11-29,90.2008285522461
2010-11-30,89.69365692138672
2010-12-01,91.60124206542969
2010-12-02,92.7745132446289
2010-12-03,93.02432250976562
2010-12-06,92.92591094970703
2010-12-07,92.97888946533203
2010-12-08,93.31954956054688
2010-12-09,93.6828842163086
2010-12-10,94.2278823852539
2010-12-13,94.28843688964844
2010-12-14,94.37173461914062
2010-12-15,93.94023132324219
2010-12-16,94.48527526855469
2010-12-17,94.58647155761719
2010-12-20,94.81477355957031
2010-12-21,95.41590881347656
2010-12-22,95.71269989013672
2010-12-23,95.57571411132812
2010-12-27,95.61375427246094
2010-12-28,95.7507553100586
2010-12-29,95.81922149658203
2010-12-30,95.66705322265625
2010-12-31,95.68986511230469
2011-01-03,96.6791000366211
2011-01-04,96.62586212158203
2011-01-05,97.12806701660156
2011-01-06,96.93782043457031
2011-01-07,96.74760437011719
2011-01-10,96.62586212158203
2011-01-11,96.96824645996094
2011-01-12,97.84336853027344
2011-01-13,97.68354797363281
2011-01-14,98.39124298095703
2011-01-18,98.55867767333984
2011-01-19,97.59225463867188
2011-01-20,97.46288299560547
2011-01-21,97.68354797363281
2011-01-24,98.23905944824219
2011-01-25,98.29232788085938
2011-01-26,98.67279052734375
2011-01-27,98.91632843017578
2011-01-28,97.1889419555664
2011-01-31,97.91944122314453
2011-02-01,99.48704528808594
2011-02-02,99.29678344726562
2011-02-03,99.51744842529297
2011-02-04,99.79900360107422
2011-02-07,100.4229965209961
2011-02-08,100.87954711914062
2011-02-09,100.65129852294922
2011-02-10,100.68933868408203
2011-02-11,101.2905044555664
2011-02-14,101.53396606445312
2011-02-15,101.21436309814453
2011-02-16,101.85360717773438
2011-02-17,102.15798950195312
2011-02-18,102.37101745605469
2011-02-22,100.31647491455078
2011-02-23,99.70008850097656
2011-02-24,99.63159942626953
2011-02-25,100.69694519042969
2011-02-28,101.32088470458984
2011-03-01,99.63159942626953
2011-03-02,99.84465789794922
2011-03-03,101.56443786621094
2011-03-04,100.80343627929688
2011-03-07,100.01203155517578
2011-03-08,100.8871841430664
2011-03-09,100.74259185791016
2011-03-10,98.87825012207031
2011-03-11,99.56309509277344
2011-03-14,98.96195983886719
2011-03-15,97.82811737060547
2011-03-16,96.01705932617188
2011-03-17,97.287841796875
2011-03-18,97.6417465209961
2011-03-21,99.15493774414062
2011-03-22,98.81103515625
2011-03-23,99.09380340576172
2011-03-24,100.04145812988281
2011-03-25,100.34716796875
2011-03-28,100.10265350341797
2011-03-29,100.77517700195312
2011-03-30,101.47064971923828
2011-03-31,101.33309936523438
2011-04-01,101.76103973388672
2011-04-04,101.8451156616211
2011-04-05,101.82984161376953
2011-04-06,102.15082550048828
2011-04-07,101.89098358154297
2011-04-08,101.53942108154297
2011-04-11,101.23374938964844
2011-04-12,100.47712707519531
2011-04-13,100.46944427490234
2011-04-14,100.54589080810547
2011-04-15,100.91271209716797
2011-04-18,99.78162384033203
2011-04-19,100.35485076904297
2011-04-20,101.7228775024414
2011-04-21,102.24256134033203
2011-04-25,102.13558197021484
2011-04-26,103.01447296142578
2011-04-27,103.68699645996094
2011-04-28,104.0232925415039
2011-04-29,104.26785278320312
2011-05-02,104.1073226928711
2011-05-03,103.73287963867188
2011-05-04,103.0450210571289
2011-05-05,102.11264038085938
2011-05-06,102.56356811523438
2011-05-09,102.96095275878906
2011-05-10,103.83985900878906
2011-05-11,102.74696350097656
2011-05-12,103.23615264892578
2011-05-13,102.4412841796875
2011-05-16,101.79164123535156
2011-05-17,101.77633666992188
2011-05-18,102.68585205078125
2011-05-19,102.93037414550781
2011-05-20,102.11264038085938
2011-05-23,100.92803955078125
2011-05-24,100.84393310546875
2011-05-25,101.18024444580078
2011-05-26,101.64643096923828
2011-05-27,102.03621673583984
2011-05-31,103.09850311279297
2011-06-01,100.78284454345703
2011-06-02,100.67581939697266
2011-06-03,99.67463684082031
2011-06-06,98.61995697021484
2011-06-07,98.5588150024414
2011-06-08,98.14610290527344
2011-06-09,98.89508056640625
2011-06-10,97.51942443847656
2011-06-13,97.59587097167969
2011-06-14,98.8339614868164
2011-06-15,97.0761489868164
2011-06-16,97.29014587402344
2011-06-17,97.58047485351562
2011-06-20,98.0797119140625
2011-06-21,99.42379760742188
2011-06-22,98.82476806640625
2011-06-23,98.54051971435547
2011-06-24,97.3961181640625
2011-06-27,98.26402282714844
2011-06-28,99.54667663574219
2011-06-29,100.39922332763672
2011-06-30,101.35926818847656
2011-07-01,102.8569107055664
2011-07-05,102.77246856689453
2011-07-06,102.8953628540039
2011-07-07,103.96295928955078
2011-07-08,103.22561645507812
2011-07-11,101.35926818847656
2011-07-12,100.92147064208984
2011-07-13,101.2593994140625
2011-07-14,100.56050109863281
2011-07-15,101.14420318603516
2011-07-18,100.31476593017578
2011-07-19,101.9429931640625
2011-07-20,101.88153839111328
2011-07-21,103.29475402832031
2011-07-22,103.3638687133789
2011-07-25,102.7878189086914
2011-07-26,102.40383911132812
2011-07-27,100.30704498291016
2011-07-28,100.01521301269531
2011-07-29,99.33163452148438
2011-08-01,98.90921020507812
2011-08-02,96.38231658935547
2011-08-03,96.90460968017578
2011-08-04,92.36544799804688
2011-08-05,92.2271957397461
2011-08-08,86.22106170654297
2011-08-09,90.23026275634766
2011-08-10,86.24412536621094
2011-08-11,90.11504364013672
2011-08-12,90.72183227539062
2011-08-15,92.64196014404297
2011-08-16,91.850830078125
2011-08-17,91.91230010986328
2011-08-18,87.94916534423828
2011-08-19,86.51290893554688
2011-08-22,86.58206176757812
2011-08-23,89.4315185546875
2011-08-24,90.69107818603516
2011-08-25,89.30859375
2011-08-26,90.60662841796875
2011-08-29,93.21028900146484
2011-08-30,93.4560546875
2011-08-31,93.8708267211914
2011-09-01,92.8876953125
2011-09-02,90.5144271850586
2011-09-06,89.85392761230469
2011-09-07,92.38847351074219
2011-09-08,91.42842864990234
2011-09-09,89.03209686279297
2011-09-12,89.608154296875
2011-09-13,90.4299545288086
2011-09-14,91.68184661865234
2011-09-15,93.26408386230469
2011-09-16,93.81603240966797
2011-09-19,92.88188934326172
2011-09-20,92.77378845214844
2011-09-21,90.04082489013672
2011-09-22,87.13034057617188
2011-09-23,87.65531921386719
2011-09-26,89.73977661132812
2011-09-27,90.74337768554688
2011-09-28,88.89055633544922
2011-09-29,89.59310913085938
2011-09-30,87.3542251586914
2011-10-03,84.8683090209961
2011-10-04,86.72887420654297
2011-10-05,88.33468627929688
2011-10-06,89.93276977539062
2011-10-07,89.33060455322266
2011-10-10,92.31832885742188
2011-10-11,92.41094970703125
2011-10-12,93.2215805053711
2011-10-13,93.03631591796875
2011-10-14,94.62664794921875
2011-10-17,92.82013702392578
2011-10-18,94.63438415527344
2011-10-19,93.51493072509766
2011-10-20,93.92414855957031
2011-10-21,95.70746612548828
2011-10-24,96.8809814453125
2011-10-25,94.99722290039062
2011-10-26,95.96227264404297
2011-10-27,99.30511474609375
2011-10-28,99.28194427490234
2011-10-31,96.88868713378906
2011-11-01,94.18661499023438
2011-11-02,95.7229232788086
2011-11-03,97.46771240234375
2011-11-04,96.8732681274414
2011-11-07,97.47542572021484
2011-11-08,98.72610473632812
2011-11-09,95.08214569091797
2011-11-10,95.97770690917969
2011-11-11,97.78423309326172
2011-11-14,96.85783386230469
2011-11-15,97.33645629882812
2011-11-16,95.79242706298828
2011-11-17,94.27153015136719
2011-11-18,94.17113494873047
2011-11-21,92.38008880615234
2011-11-22,92.01722717285156
2011-11-23,89.98681640625
2011-11-25,89.81698608398438
2011-11-28,92.41869354248047
2011-11-29,92.68119812011719
2011-11-30,96.49494934082031
2011-12-01,96.4795150756836
2011-12-02,96.39462280273438
2011-12-05,97.44453430175781
2011-12-06,97.47542572021484
2011-12-07,97.83827209472656
2011-12-08,95.69206237792969
2011-12-09,97.31330108642578
2011-12-12,95.89277648925781
2011-12-13,94.99722290039062
2011-12-14,93.98584747314453
2011-12-15,94.32557678222656
2011-12-16,94.46540069580078
2011-12-19,93.4554443359375
2011-12-20,96.28341674804688
2011-12-21,96.46987915039062
2011-12-22,97.3244857788086
2011-12-23,98.19461822509766
2011-12-27,98.2723388671875
2011-12-28,96.98262786865234
2011-12-29,97.9848403930664
2011-12-30,97.50318145751953
2012-01-03,99.05701446533203
2012-01-04,99.21239471435547
2012-01-05,99.4765396118164
2012-01-06,99.22018432617188
2012-01-09,99.46100616455078
2012-01-10,100.32341003417969
2012-01-11,100.37776184082031
2012-01-12,100.61859893798828
2012-01-13,100.09809112548828
2012-01-17,100.48654174804688
2012-01-18,101.59754180908203
2012-01-19,102.13359832763672
2012-01-20,102.51426696777344
2012-01-23,102.25016021728516
2012-01-24,102.13359832763672
2012-01-25,102.98819732666016
2012-01-26,102.45989990234375
2012-01-27,102.4133071899414
2012-01-30,102.06365966796875
2012-01-31,102.02482604980469
2012-02-01,102.91829681396484
2012-02-02,103.08145904541016
2012-02-03,104.52650451660156
2012-02-06,104.45658874511719
2012-02-07,104.72074890136719
2012-02-08,105.03152465820312
2012-02-09,105.16356658935547
2012-02-10,104.38668060302734
2012-02-13,105.16356658935547
2012-02-14,105.03152465820312
2012-02-15,104.54203033447266
2012-02-16,105.69966125488281
2012-02-17,105.97931671142578
2012-02-21,106.02596282958984
2012-02-22,105.68411254882812
2012-02-23,106.1502914428711
2012-02-24,106.38330841064453
2012-02-27,106.56208801269531
2012-02-28,106.87283325195312
2012-02-29,106.45325469970703
2012-03-01,107.00484466552734
2012-03-02,106.6785659790039
2012-03-05,106.2435073852539
2012-03-06,104.68965911865234
2012-03-07,105.4199447631836
2012-03-08,106.46881103515625
2012-03-09,106.88057708740234
2012-03-12,106.8883285522461
2012-03-13,108.81510162353516
2012-03-14,108.6985855102539
2012-03-15,109.327880859375
2012-03-16,109.47926330566406
2012-03-19,109.90840911865234
2012-03-20,109.5884780883789
2012-03-21,109.40902709960938
2012-03-22,108.62085723876953
2012-03-23,108.97199249267578
2012-03-26,110.50146484375
2012-03-27,110.1581039428711
2012-03-28,109.61188507080078
2012-03-29,109.42462158203125
2012-03-30,109.87721252441406
2012-04-02,110.68095397949219
2012-04-03,110.22833251953125
2012-04-04,109.1358871459961
2012-04-05,109.0812759399414
2012-04-09,107.85618591308594
2012-04-10,106.04579162597656
2012-04-11,106.90416717529297
2012-04-12,108.30097961425781
2012-04-13,107.01339721679688
2012-04-16,106.94319152832031
2012-04-17,108.52726745605469
2012-04-18,108.16049194335938
2012-04-19,107.46602630615234
2012-04-20,107.64549255371094
2012-04-23,106.74031066894531
2012-04-24,107.14607238769531
2012-04-25,108.61310577392578
2012-04-26,109.37002563476562
2012-04-27,109.5494613647461
2012-04-30,109.1436996459961
2012-05-01,109.82258605957031
2012-05-02,109.494873046875
2012-05-03,108.659912109375
2012-05-04,106.90416717529297
2012-05-07,106.98222351074219
2012-05-08,106.55302429199219
2012-05-09,105.92095184326172
2012-05-10,106.13947296142578
2012-05-11,105.81954193115234
2012-05-14,104.6490707397461
2012-05-15,104.04818725585938
2012-05-16,103.65023040771484
2012-05-17,102.11296844482422
2012-05-18,101.2390365600586
2012-05-21,102.97917175292969
2012-05-22,103.15863800048828
2012-05-23,103.21328735351562
2012-05-24,103.41615295410156
2012-05-25,103.0805892944336
2012-05-29,104.32914733886719
2012-05-30,102.8153076171875
2012-05-31,102.5889892578125
2012-06-01,100.00613403320312
2012-06-04,99.95932006835938
2012-06-05,100.71623992919922
2012-06-06,102.97917175292969
2012-06-07,103.04158020019531
2012-06-08,103.86092376708984
2012-06-11,102.54220581054688
2012-06-12,103.72044372558594
2012-06-13,103.05722045898438
2012-06-14,104.1496353149414
2012-06-15,105.21480560302734
2012-06-18,105.41874694824219
2012-06-19,106.43844604492188
2012-06-20,106.26587677001953
2012-06-21,103.8813705444336
2012-06-22,104.68145751953125
2012-06-25,103.00292205810547
2012-06-26,103.52056884765625
2012-06-27,104.4539794921875
2012-06-28,104.15593719482422
2012-06-29,106.75218200683594
2012-07-02,107.0737533569336
2012-07-03,107.77973175048828
2012-07-05,107.29338836669922
2012-07-06,106.27373504638672
2012-07-09,106.14036560058594
2012-07-10,105.21480560302734
2012-07-11,105.23053741455078
2012-07-12,104.72066497802734
2012-07-13,106.4776382446289
2012-07-16,106.2266616821289
2012-07-17,106.95611572265625
2012-07-18,107.7483139038086
2012-07-19,108.0306396484375
2012-07-20,107.04239654541016
2012-07-23,105.9599838256836
2012-07-24,105.05007934570312
2012-07-25,105.07366180419922
2012-07-26,106.80706787109375
2012-07-27,108.77579498291016
2012-07-30,108.77579498291016
2012-07-31,108.01498413085938
2012-08-01,107.92085266113281
2012-08-02,107.17572784423828
2012-08-03,109.30134582519531
2012-08-06,109.51312255859375
2012-08-07,110.06221771240234
2012-08-08,110.19557189941406
2012-08-09,110.28963470458984
2012-08-10,110.47007751464844
2012-08-13,110.41512298583984
2012-08-14,110.43086242675781
2012-08-15,110.55633544921875
2012-08-16,111.37210845947266
2012-08-17,111.5210952758789
2012-08-20,111.5289535522461
2012-08-21,111.19168090820312
2012-08-22,111.23872375488281
2012-08-23,110.32888793945312
2012-08-24,110.99560546875
2012-08-27,111.01909637451172
2012-08-28,110.9092788696289
2012-08-29,110.99560546875
2012-08-30,110.19557189941406
2012-08-31,110.72109985351562
2012-09-04,110.61908721923828
2012-09-05,110.52497100830078
2012-09-06,112.76827239990234
2012-09-07,113.20753479003906
2012-09-10,112.5643081665039
2012-09-11,112.87808227539062
2012-09-12,113.25454711914062
2012-09-13,114.98013305664062
2012-09-14,115.49005126953125
2012-09-17,115.09784698486328
2012-09-18,115.00372314453125
2012-09-19,115.06649017333984
2012-09-20,115.07428741455078
2012-09-21,115.02615356445312
2012-09-24,114.85271453857422
2012-09-25,113.6304931640625
2012-09-26,112.99170684814453
2012-09-27,114.05628967285156
2012-09-28,113.5279312133789
2012-10-01,113.82762145996094
2012-10-02,113.9458236694336
2012-10-03,114.41107177734375
2012-10-04,115.23120880126953
2012-10-05,115.23907470703125
2012-10-08,114.8448486328125
2012-10-09,113.70928955078125
2012-10-10,112.98384094238281
2012-10-11,113.04688262939453
2012-10-12,112.67633819580078
2012-10-15,113.61466217041016
2012-10-16,114.76595306396484
2012-10-17,115.28639221191406
2012-10-18,114.98676300048828
2012-10-19,113.07058715820312
2012-10-22,113.0863265991211
2012-10-23,111.51709747314453
2012-10-24,111.20170593261719
2012-10-25,111.52501678466797
2012-10-26,111.46195220947266
2012-10-31,111.46195220947266
2012-11-01,112.62899017333984
2012-11-02,111.62750244140625
2012-11-05,111.8561782836914
2012-11-06,112.73149871826172
2012-11-07,110.17658233642578
2012-11-08,108.85183715820312
2012-11-09,108.94644927978516
2012-11-12,109.0332260131836
2012-11-13,108.65469360351562
2012-11-14,107.18798828125
2012-11-15,107.0066146850586
2012-11-16,107.5349349975586
2012-11-19,109.71134948730469
2012-11-20,109.75868225097656
2012-11-21,109.96366119384766
2012-11-23,111.46195220947266
2012-11-26,111.22537994384766
2012-11-27,110.6576156616211
2012-11-28,111.54869079589844
2012-11-29,112.06909942626953
2012-11-30,112.0927734375
2012-12-03,111.5407943725586
2012-12-04,111.3830795288086
2012-12-05,111.5802001953125
2012-12-06,111.95870208740234
2012-12-07,112.29781341552734
2012-12-10,112.34512329101562
2012-12-11,113.11001586914062
2012-12-12,113.16519165039062
2012-12-13,112.4712905883789
2012-12-14,112.05337524414062
2012-12-17,113.37027740478516
2012-12-18,114.63190460205078
2012-12-19,113.7802734375
2012-12-20,114.43479919433594
2012-12-21,113.39600372314453
2012-12-24,113.04660034179688
2012-12-26,112.57009887695312
2012-12-27,112.4192123413086
2012-12-28,111.20420837402344
2012-12-31,113.09427642822266
2013-01-02,115.9928970336914
2013-01-03,115.7308120727539
2013-01-04,116.23908996582031
2013-01-07,115.92140197753906
2013-01-08,115.5878677368164
2013-01-09,115.88169860839844
2013-01-10,116.80297088623047
2013-01-11,116.79500579833984
2013-01-14,116.71558380126953
2013-01-15,116.79500579833984
2013-01-16,116.77906036376953
2013-01-17,117.53353881835938
2013-01-18,117.7955551147461
2013-01-22,118.43092346191406
2013-01-23,118.62153625488281
2013-01-24,118.65326690673828
2013-01-25,119.32034301757812
2013-01-28,119.1773910522461
2013-01-29,119.6459732055664
2013-01-30,119.1773910522461
2013-01-31,118.88357543945312
2013-02-01,120.1065673828125
2013-02-04,118.75653076171875
2013-02-05,119.9557113647461
2013-02-06,120.04301452636719
2013-02-07,119.88419342041016
2013-02-08,120.55136108398438
2013-02-11,120.52749633789062
2013-02-12,120.72603607177734
2013-02-13,120.8292007446289
2013-02-14,120.94044494628906
2013-02-15,120.79752349853516
2013-02-19,121.70278930664062
2013-02-20,120.18599700927734
2013-02-21,119.45540618896484
2013-02-22,120.62279510498047
2013-02-25,118.32770538330078
2013-02-26,119.13771057128906
2013-02-27,120.63863372802734
2013-02-28,120.40042877197266
2013-03-01,120.79752349853516
2013-03-04,121.44074249267578
2013-03-05,122.52872467041016
2013-03-06,122.69544219970703
2013-03-07,122.91785430908203
2013-03-08,123.44192504882812
2013-03-11,123.91051483154297
2013-03-12,123.63249969482422
2013-03-13,123.8073501586914
2013-03-14,124.4664077758789
2013-03-15,124.30208587646484
2013-03-18,123.6160659790039
2013-03-19,123.32896423339844
2013-03-20,124.19036865234375
2013-03-21,123.12950134277344
2013-03-22,124.1186752319336
2013-03-25,123.60012817382812
2013-03-26,124.58924865722656
2013-03-27,124.58924865722656
2013-03-28,124.97212982177734
2013-04-01,124.47762298583984
2013-04-02,125.09180450439453
2013-04-03,123.82350158691406
2013-04-04,124.32603454589844
2013-04-05,123.7677001953125
2013-04-08,124.60527038574219
2013-04-09,125.0359878540039
2013-04-10,126.56754302978516
2013-04-11,126.98229217529297
2013-04-12,126.67119598388672
2013-04-15,123.73575592041016
2013-04-16,125.56240844726562
2013-04-17,123.7277603149414
2013-04-18,122.95403289794922
2013-04-19,124.02294921875
2013-04-22,124.57330322265625
2013-04-23,125.85758209228516
2013-04-24,125.93736267089844
2013-04-25,126.44783020019531
2013-04-26,126.22447204589844
2013-04-29,127.07005310058594
2013-04-30,127.37317657470703
2013-05-01,126.25640106201172
2013-05-02,127.428955078125
2013-05-03,128.72122192382812
2013-05-06,129.04830932617188
2013-05-07,129.70240783691406
2013-05-08,130.29270935058594
2013-05-09,129.9257049560547
2013-05-10,130.34852600097656
2013-05-13,130.4521942138672
2013-05-14,131.80029296875
2013-05-15,132.51022338867188
2013-05-16,131.88800048828125
2013-05-17,133.16433715820312
2013-05-20,133.1563262939453
2013-05-21,133.3477020263672
2013-05-22,132.35865783691406
2013-05-23,131.97573852539062
2013-05-24,131.86407470703125
2013-05-28,132.65380859375
2013-05-29,131.79225158691406
2013-05-30,132.27886962890625
2013-05-31,130.38037109375
2013-06-03,131.0983123779297
2013-06-04,130.46815490722656
2013-06-05,128.64151000976562
2013-06-06,129.8061065673828
2013-06-07,131.457275390625
2013-06-10,131.457275390625
2013-06-11,130.1012420654297
2013-06-12,129.02438354492188
2013-06-13,130.98660278320312
2013-06-14,130.16502380371094
2013-06-17,131.17019653320312
2013-06-18,132.20709228515625
2013-06-19,130.38037109375
2013-06-20,127.14981079101562
2013-06-21,127.5580062866211
2013-06-24,125.94619750976562
2013-06-25,127.15705871582031
2013-06-26,128.41600036621094
2013-06-27,129.16978454589844
2013-06-28,128.6405487060547
2013-07-01,129.3943328857422
2013-07-02,129.27406311035156
2013-07-03,129.33018493652344
2013-07-05,130.72547912597656
2013-07-08,131.47122192382812
2013-07-09,132.41746520996094
2013-07-10,132.46559143066406
2013-07-11,134.26988220214844
2013-07-12,134.32595825195312
2013-07-15,134.83921813964844
2013-07-16,134.3340606689453
2013-07-17,134.6788330078125
2013-07-18,135.41664123535156
2013-07-19,135.65711975097656
2013-07-22,135.92176818847656
2013-07-23,135.6331787109375
2013-07-24,135.13597106933594
2013-07-25,135.46470642089844
2013-07-26,135.6090545654297
2013-07-29,135.1920623779297
2013-07-30,135.1920623779297
2013-07-31,135.28822326660156
2013-08-01,136.85198974609375
2013-08-02,137.08456420898438
2013-08-05,136.88406372070312
2013-08-06,136.1062774658203
2013-08-07,135.6652069091797
2013-08-08,136.162353515625
2013-08-09,135.7694549560547
2013-08-12,135.6090545654297
2013-08-13,136.010009765625
2013-08-14,135.3123016357422
2013-08-15,133.41986083984375
2013-08-16,132.9788360595703
2013-08-19,132.12881469726562
2013-08-20,132.77835083007812
2013-08-21,131.96038818359375
2013-08-22,133.1632080078125
2013-08-23,133.6123046875
2013-08-26,133.11514282226562
2013-08-27,130.97409057617188
2013-08-28,131.4391326904297
2013-08-29,131.6476593017578
2013-08-30,131.2306671142578
2013-09-03,131.82406616210938
2013-09-04,132.9146270751953
2013-09-05,133.0830841064453
2013-09-06,133.14718627929688
2013-09-09,134.42222595214844
2013-09-10,135.41664123535156
2013-09-11,135.84158325195312
2013-09-12,135.48072814941406
2013-09-13,135.78543090820312
2013-09-16,136.57131958007812
2013-09-17,137.18080139160156
2013-09-18,138.76846313476562
2013-09-19,138.53598022460938
2013-09-20,137.5674591064453
2013-09-23,136.93081665039062
2013-09-24,136.60848999023438
2013-09-25,136.21359252929688
2013-09-26,136.7374267578125
2013-09-27,136.1089324951172
2013-09-30,135.38363647460938
2013-10-01,136.45538330078125
2013-10-02,136.3264923095703
2013-10-03,135.0693817138672
2013-10-04,136.09275817871094
2013-10-07,134.91627502441406
2013-10-08,133.34495544433594
2013-10-09,133.4416961669922
2013-10-10,136.31838989257812
2013-10-11,137.1967315673828
2013-10-14,137.74465942382812
2013-10-15,136.74549865722656
2013-10-16,138.65521240234375
2013-10-17,139.58187866210938
2013-10-18,140.52467346191406
2013-10-21,140.53271484375
2013-10-22,141.34661865234375
2013-10-23,140.66978454589844
2013-10-24,141.1370849609375
2013-10-25,141.78175354003906
2013-10-28,142.00738525390625
2013-10-29,142.76486206054688
2013-10-30,142.0557403564453
2013-10-31,141.65281677246094
2013-11-01,141.99124145507812
2013-11-04,142.4907989501953
2013-11-05,142.03968811035156
2013-11-06,142.76486206054688
2013-11-07,140.95982360839844
2013-11-08,142.861572265625
2013-11-11,142.88571166992188
2013-11-12,142.59561157226562
2013-11-13,143.73985290527344
2013-11-14,144.45700073242188
2013-11-15,145.08555603027344
2013-11-18,144.5779266357422
2013-11-19,144.26365661621094
2013-11-20,143.81239318847656
2013-11-21,144.97274780273438
2013-11-22,145.6979522705078
2013-11-25,145.5529327392578
2013-11-26,145.5932159423828
2013-11-27,145.94778442382812
2013-11-29,145.8511199951172
2013-12-02,145.4723358154297
2013-12-03,144.84381103515625
2013-12-04,144.82766723632812
2013-12-05,144.19114685058594
2013-12-06,145.802734375
2013-12-09,146.17344665527344
2013-12-10,145.64964294433594
2013-12-11,144.01388549804688
2013-12-12,143.53839111328125
2013-12-13,143.52224731445312
2013-12-16,144.41673278808594
2013-12-17,143.95745849609375
2013-12-18,146.41513061523438
2013-12-19,146.24594116210938
2013-12-20,147.0966033935547
2013-12-23,147.8824920654297
2013-12-24,148.20657348632812
2013-12-26,148.96005249023438
2013-12-27,148.9519500732422
2013-12-30,148.92762756347656
2013-12-31,149.63250732421875
2014-01-02,148.19847106933594
2014-01-03,148.17417907714844
2014-01-06,147.7448272705078
2014-01-07,148.65220642089844
2014-01-08,148.6846160888672
2014-01-09,148.7818145751953
2014-01-10,149.1869659423828
2014-01-13,147.20196533203125
2014-01-14,148.80612182617188
2014-01-15,149.60818481445312
2014-01-16,149.41368103027344
2014-01-17,148.7818145751953
2014-01-21,149.21925354003906
2014-01-22,149.31651306152344
2014-01-23,148.09312438964844
2014-01-24,144.93345642089844
2014-01-27,144.22044372558594
2014-01-28,145.0792999267578
2014-01-29,143.68576049804688
2014-01-30,145.2088623046875
2014-01-31,144.35826110839844
2014-02-03,141.109375
2014-02-04,142.09780883789062
2014-02-05,141.91957092285156
2014-02-06,143.7911376953125
2014-02-07,145.57345581054688
2014-02-10,145.8408660888672
2014-02-11,147.43690490722656
2014-02-12,147.50979614257812
2014-02-13,148.27137756347656
2014-02-14,149.0896453857422
2014-02-18,149.26788330078125
2014-02-19,148.27944946289062
2014-02-20,149.1544952392578
2014-02-21,148.98440551757812
2014-02-24,149.8107147216797
2014-02-25,149.75404357910156
2014-02-26,149.7621612548828
2014-02-27,150.5479736328125
2014-02-28,150.9287567138672
2014-03-03,149.86749267578125
2014-03-04,151.97389221191406
2014-03-05,152.11158752441406
2014-03-06,152.4600067138672
2014-03-07,152.52481079101562
2014-03-10,152.44383239746094
2014-03-11,151.69039916992188
2014-03-12,151.7308807373047
2014-03-13,150.0294952392578
2014-03-14,149.60818481445312
2014-03-17,150.9612274169922
2014-03-18,152.0387725830078
2014-03-19,151.22862243652344
2014-03-20,152.11158752441406
2014-03-21,151.52169799804688
2014-03-24,150.89508056640625
2014-03-25,151.6111602783203
2014-03-26,150.52073669433594
2014-03-27,150.2034149169922
2014-03-28,150.9438934326172
2014-03-31,152.1808624267578
2014-04-01,153.1898651123047
2014-04-02,153.70257568359375
2014-04-03,153.49913024902344
2014-04-04,151.68441772460938
2014-04-07,150.00804138183594
2014-04-08,150.6265411376953
2014-04-09,152.2459259033203
2014-04-10,149.04791259765625
2014-04-11,147.70509338378906
2014-04-14,148.86886596679688
2014-04-15,149.89418029785156
2014-04-16,151.46469116210938
2014-04-17,151.67626953125
2014-04-21,152.20521545410156
2014-04-22,152.89695739746094
2014-04-23,152.53892517089844
2014-04-24,152.84808349609375
2014-04-25,151.5948944091797
2014-04-28,152.0750274658203
2014-04-29,152.782958984375
2014-04-30,153.23870849609375
2014-05-01,153.25498962402344
2014-05-02,153.03530883789062
2014-05-05,153.32818603515625
2014-05-06,151.9936981201172
2014-05-07,152.8887939453125
2014-05-08,152.72596740722656
2014-05-09,152.95387268066406
2014-05-12,154.44308471679688
2014-05-13,154.58140563964844
2014-05-14,153.8489990234375
2014-05-15,152.49826049804688
2014-05-16,153.02708435058594
2014-05-19,153.588623046875
2014-05-20,152.6202392578125
2014-05-21,153.90599060058594
2014-05-22,154.28028869628906
2014-05-23,154.89878845214844
2014-05-27,155.85084533691406
2014-05-28,155.73696899414062
2014-05-29,156.5425262451172
2014-05-30,156.79481506347656
2014-06-02,156.9738311767578
2014-06-03,156.8925323486328
2014-06-04,157.20986938476562
2014-06-05,158.2351837158203
2014-06-06,158.99197387695312
2014-06-09,159.15475463867188
2014-06-10,159.17103576660156
2014-06-11,158.6176300048828
2014-06-12,157.49462890625
2014-06-13,157.9747772216797
2014-06-16,158.10496520996094
2014-06-17,158.54440307617188
2014-06-18,159.70806884765625
2014-06-19,159.88705444335938
2014-06-20,160.21173095703125
2014-06-23,160.1626434326172
2014-06-24,159.19781494140625
2014-06-25,159.9173583984375
2014-06-26,159.8029022216797
2014-06-27,160.1135711669922
2014-06-30,160.03182983398438
2014-07-01,161.10299682617188
2014-07-02,161.26641845703125
2014-07-03,162.05960083007812
2014-07-07,161.49545288085938
2014-07-08,160.45701599121094
2014-07-09,161.17654418945312
2014-07-10,160.5387725830078
2014-07-11,160.75955200195312
2014-07-14,161.5689697265625
2014-07-15,161.26641845703125
2014-07-16,161.86337280273438
2014-07-17,160.0237274169922
2014-07-18,161.65899658203125
2014-07-21,161.35646057128906
2014-07-22,162.05960083007812
2014-07-23,162.41940307617188
2014-07-24,162.42759704589844
2014-07-25,161.66709899902344
2014-07-28,161.7325439453125
2014-07-29,161.03753662109375
2014-07-30,161.06204223632812
2014-07-31,157.8814239501953
2014-08-01,157.39894104003906
2014-08-04,158.53549194335938
2014-08-05,156.99832153320312
2014-08-06,157.04734802246094
2014-08-07,156.19699096679688
2014-08-08,158.00401306152344
2014-08-11,158.46194458007812
2014-08-12,158.2411651611328
2014-08-13,159.31227111816406
2014-08-14,160.06455993652344
2014-08-15,160.03182983398438
2014-08-18,161.37277221679688
2014-08-19,162.2149658203125
2014-08-20,162.64828491210938
2014-08-21,163.12254333496094
2014-08-22,162.86912536621094
2014-08-25,163.69496154785156
2014-08-26,163.8011932373047
2014-08-27,163.73582458496094
2014-08-28,163.64585876464844
2014-08-29,164.1119842529297
2014-09-02,164.03018188476562
2014-09-03,163.94024658203125
2014-09-04,163.70310974121094
2014-09-05,164.43899536132812
2014-09-08,164.0138397216797
2014-09-09,162.9753875732422
2014-09-10,163.58865356445312
2014-09-11,163.7766571044922
2014-09-12,162.8200225830078
2014-09-15,162.69740295410156
2014-09-16,163.9239044189453
2014-09-17,164.14462280273438
2014-09-18,165.01951599121094
2014-09-19,164.87088012695312
2014-09-22,163.5975799560547
2014-09-23,162.66110229492188
2014-09-24,163.9344024658203
2014-09-25,161.28921508789062
2014-09-26,162.57069396972656
2014-09-29,162.27499389648438
2014-09-30,161.84780883789062
2014-10-01,159.65444946289062
2014-10-02,159.6791229248047
2014-10-03,161.43710327148438
2014-10-06,161.24815368652344
2014-10-07,158.75900268554688
2014-10-08,161.53562927246094
2014-10-09,158.3319091796875
2014-10-10,156.52459716796875
2014-10-13,153.953369140625
2014-10-14,154.19163513183594
2014-10-15,153.1483612060547
2014-10-16,153.0168914794922
2014-10-17,154.8241424560547
2014-10-20,156.3274383544922
2014-10-21,159.42442321777344
2014-10-22,158.29075622558594
2014-10-23,160.13088989257812
2014-10-24,161.3630828857422
2014-10-27,161.1414031982422
2014-10-28,162.98963928222656
2014-10-29,162.7432098388672
2014-10-30,163.78651428222656
2014-10-31,165.65948486328125
2014-11-03,165.74986267089844
2014-11-04,165.1748046875
2014-11-05,166.21804809570312
2014-11-06,166.88351440429688
2014-11-07,167.03953552246094
2014-11-10,167.56533813476562
2014-11-11,167.72958374023438
2014-11-12,167.54888916015625
2014-11-13,167.73777770996094
2014-11-14,167.77891540527344
2014-11-17,167.88565063476562
2014-11-18,168.85508728027344
2014-11-19,168.58395385742188
2014-11-20,168.87965393066406
2014-11-21,169.78329467773438
2014-11-24,170.25975036621094
2014-11-25,170.13653564453125
2014-11-26,170.5719451904297
2014-11-28,170.21047973632812
2014-12-01,169.02752685546875
2014-12-02,170.1201171875
2014-12-03,170.77728271484375
2014-12-04,170.58837890625
2014-12-05,170.86764526367188
2014-12-08,169.72579956054688
2014-12-09,169.6107940673828
2014-12-10,166.89169311523438
2014-12-11,167.73777770996094
2014-12-12,165.0269317626953
2014-12-15,163.89332580566406
2014-12-16,162.5789794921875
2014-12-17,165.76622009277344
2014-12-18,169.865478515625
2014-12-19,170.58819580078125
2014-12-22,171.37294006347656
2014-12-23,171.6042022705078
2014-12-24,171.6207275390625
2014-12-26,172.17420959472656
2014-12-29,172.40542602539062
2014-12-30,171.48036193847656
2014-12-31,169.7786865234375
2015-01-02,169.6878662109375
2015-01-05,166.62330627441406
2015-01-06,165.05397033691406
2015-01-07,167.11070251464844
2015-01-08,170.07608032226562
2015-01-09,168.7131805419922
2015-01-12,167.39151000976562
2015-01-13,166.92068481445312
2015-01-14,165.91293334960938
2015-01-15,164.39308166503906
2015-01-16,166.5489959716797
2015-01-20,166.90419006347656
2015-01-21,167.74671936035156
2015-01-22,170.2412872314453
2015-01-23,169.30784606933594
2015-01-26,169.70437622070312
2015-01-27,167.4658203125
2015-01-28,165.31829833984375
2015-01-29,166.84634399414062
2015-01-30,164.748291015625
2015-02-02,166.78851318359375
2015-02-03,169.2004852294922
2015-02-04,168.55621337890625
2015-02-05,170.25778198242188
2015-02-06,169.7869873046875
2015-02-09,169.02703857421875
2015-02-10,170.82777404785156
2015-02-11,170.92686462402344
2015-02-12,172.57066345214844
2015-02-13,173.281005859375
2015-02-17,173.55357360839844
2015-02-18,173.5701446533203
2015-02-19,173.44625854492188
2015-02-20,174.4870147705078
2015-02-23,174.46217346191406
2015-02-24,174.9578094482422
2015-02-25,174.8091278076172
2015-02-26,174.60263061523438
2015-02-27,174.00790405273438
2015-03-02,175.1064910888672
2015-03-03,174.3878173828125
2015-03-04,173.65267944335938
2015-03-05,173.84271240234375
2015-03-06,171.3976593017578
2015-03-09,172.10809326171875
2015-03-10,169.31617736816406
2015-03-11,168.91964721679688
2015-03-12,171.06729125976562
2015-03-13,170.0182647705078
2015-03-16,172.289794921875
2015-03-17,171.7776641845703
2015-03-18,173.84271240234375
2015-03-19,173.04966735839844
2015-03-20,174.57720947265625
2015-03-23,174.23704528808594
2015-03-24,173.2579803466797
2015-03-25,170.71908569335938
2015-03-26,170.3125457763672
2015-03-27,170.70249938964844
2015-03-30,172.78506469726562
2015-03-31,171.27499389648438
2015-04-01,170.66928100585938
2015-04-02,171.2833251953125
2015-04-06,172.4365692138672
2015-04-07,171.980224609375
2015-04-08,172.56106567382812
2015-04-09,173.32437133789062
2015-04-10,174.27017211914062
2015-04-13,173.48204040527344
2015-04-14,173.81394958496094
2015-04-15,174.59378051757812
2015-04-16,174.5439910888672
2015-04-17,172.53614807128906
2015-04-20,174.11257934570312
2015-04-21,173.90512084960938
2015-04-22,174.75975036621094
2015-04-23,175.199462890625
2015-04-24,175.60604858398438
2015-04-27,174.8759307861328
2015-04-28,175.4318084716797
2015-04-29,174.70999145507812
2015-04-30,172.95928955078125
2015-05-01,174.83444213867188
2015-05-04,175.3322296142578
2015-05-05,173.32437133789062
2015-05-06,172.61080932617188
2015-05-07,173.29942321777344
2015-05-08,175.58108520507812
2015-05-11,174.74313354492188
2015-05-12,174.2204132080078
2015-05-13,174.25360107421875
2015-05-14,176.07061767578125
2015-05-15,176.26153564453125
2015-05-18,176.80909729003906
2015-05-19,176.75103759765625
2015-05-20,176.6265869140625
2015-05-21,177.14100646972656
2015-05-22,176.71783447265625
2015-05-26,174.81788635253906
2015-05-27,176.4772186279297
2015-05-28,176.2781219482422
2015-05-29,175.18287658691406
2015-06-01,175.53965759277344
2015-06-02,175.36546325683594
2015-06-03,175.83009338378906
2015-06-04,174.3448944091797
2015-06-05,174.04623413085938
2015-06-08,172.97586059570312
2015-06-09,172.95098876953125
2015-06-10,175.0252227783203
2015-06-11,175.58946228027344
2015-06-12,174.24530029296875
2015-06-15,173.4986114501953
2015-06-16,174.44442749023438
2015-06-17,174.72653198242188
2015-06-18,176.54359436035156
2015-06-19,175.75991821289062
2015-06-22,176.66030883789062
2015-06-23,176.78536987304688
2015-06-24,175.5014190673828
2015-06-25,174.9677734375
2015-06-26,174.9345245361328
2015-06-29,171.2660675048828
2015-06-30,171.62454223632812
2015-07-01,173.0001983642578
2015-07-02,172.84181213378906
2015-07-06,172.3498992919922
2015-07-07,173.43373107910156
2015-07-08,170.52398681640625
2015-07-09,170.83248901367188
2015-07-10,172.98348999023438
2015-07-13,174.89279174804688
2015-07-14,175.6515350341797
2015-07-15,175.59312438964844
2015-07-16,177.0021514892578
2015-07-17,177.15220642089844
2015-07-20,177.2439422607422
2015-07-21,176.54360961914062
2015-07-22,176.22677612304688
2015-07-23,175.23463439941406
2015-07-24,173.4170684814453
2015-07-27,172.40829467773438
2015-07-28,174.5259552001953
2015-07-29,175.7265625
2015-07-30,175.76817321777344
2015-07-31,175.5014190673828
2015-08-03,174.90945434570312
2015-08-04,174.567626953125
2015-08-05,175.1429443359375
2015-08-06,173.7088623046875
2015-08-07,173.3754119873047
2015-08-10,175.55979919433594
2015-08-11,173.97567749023438
2015-08-12,174.1841278076172
2015-08-13,173.96739196777344
2015-08-14,174.60096740722656
2015-08-17,175.57640075683594
2015-08-18,175.06787109375
2015-08-19,173.68394470214844
2015-08-20,170.05711364746094
2015-08-21,164.93798828125
2015-08-24,157.99293518066406
2015-08-25,156.1337432861328
2015-08-26,162.1282958984375
2015-08-27,166.13851928710938
2015-08-28,166.1469268798828
2015-08-31,164.80459594726562
2015-09-01,159.8856201171875
2015-09-02,162.9203338623047
2015-09-03,163.0370635986328
2015-09-04,160.56924438476562
2015-09-08,164.60447692871094
2015-09-09,162.4033966064453
2015-09-10,163.28720092773438
2015-09-11,164.02920532226562
2015-09-14,163.4205322265625
2015-09-15,165.46322631835938
2015-09-16,166.897216796875
2015-09-17,166.52206420898438
2015-09-18,163.8008575439453
2015-09-21,164.64727783203125
2015-09-22,162.51028442382812
2015-09-23,162.25042724609375
2015-09-24,161.66375732421875
2015-09-25,161.62188720703125
2015-09-28,157.5656280517578
2015-09-29,157.65777587890625
2015-09-30,160.59945678710938
2015-10-01,161.0184783935547
2015-10-02,163.42376708984375
2015-10-05,166.33184814453125
2015-10-06,165.76194763183594
2015-10-07,167.11962890625
2015-10-08,168.628173828125
2015-10-09,168.7287139892578
2015-10-12,168.88796997070312
2015-10-13,167.8236083984375
2015-10-14,167.0190887451172
2015-10-15,169.58358764648438
2015-10-16,170.35452270507812
2015-10-19,170.43838500976562
2015-10-20,170.22044372558594
2015-10-21,169.16455078125
2015-10-22,172.02232360839844
2015-10-23,173.90797424316406
2015-10-26,173.48056030273438
2015-10-27,173.1453399658203
2015-10-28,175.11485290527344
2015-10-29,175.0142822265625
2015-10-30,174.26002502441406
2015-11-02,176.32164001464844
2015-11-03,176.83285522460938
2015-11-04,176.29652404785156
2015-11-05,176.12049865722656
2015-11-06,176.02830505371094
2015-11-09,174.38575744628906
2015-11-10,174.78794860839844
2015-11-11,174.1007537841797
2015-11-12,171.6703643798828
2015-11-13,169.7427978515625
2015-11-16,172.3240509033203
2015-11-17,172.19833374023438
2015-11-18,174.9304962158203
2015-11-19,174.77964782714844
2015-11-20,175.41648864746094
2015-11-23,175.2153778076172
2015-11-24,175.4500732421875
2015-11-25,175.42491149902344
2015-11-27,175.6260528564453
2015-11-30,174.89686584472656
2015-12-01,176.56472778320312
2015-12-02,174.76280212402344
2015-12-03,172.31564331054688
2015-12-04,175.67630004882812
2015-12-07,174.61196899414062
2015-12-08,173.43865966796875
2015-12-09,172.08932495117188
2015-12-10,172.5335235595703
2015-12-11,169.189697265625
2015-12-14,170.0445098876953
2015-12-15,171.82960510253906
2015-12-16,174.34378051757812
2015-12-17,171.68710327148438
2015-12-18,168.6284637451172
2015-12-21,170.01956176757812
2015-12-22,171.56231689453125
2015-12-23,173.68682861328125
2015-12-24,173.40013122558594
2015-12-28,173.00396728515625
2015-12-29,174.8502655029297
2015-12-30,173.61099243164062
2015-12-31,171.874267578125
2016-01-04,169.4715576171875
2016-01-05,169.75823974609375
2016-01-06,167.61679077148438
2016-01-07,163.59547424316406
2016-01-08,161.79969787597656
2016-01-11,161.9598846435547
2016-01-12,163.26666259765625
2016-01-13,159.19464111328125
2016-01-14,161.8081817626953
2016-01-15,158.33474731445312
2016-01-19,158.5455322265625
2016-01-20,156.5137481689453
2016-01-21,157.3905487060547
2016-01-22,160.61947631835938
2016-01-25,158.19146728515625
2016-01-26,160.34971618652344
2016-01-27,158.6045379638672
2016-01-28,159.43075561523438
2016-01-29,163.31723022460938
2016-02-01,163.2582244873047
2016-02-02,160.31594848632812
2016-02-03,161.27703857421875
2016-02-04,161.5299072265625
2016-02-05,158.45278930664062
2016-02-08,156.3198699951172
2016-02-09,156.32827758789062
2016-02-10,156.1934051513672
2016-02-11,154.16162109375
2016-02-12,157.33995056152344
2016-02-16,159.99559020996094
2016-02-17,162.6090087890625
2016-02-18,161.9430389404297
2016-02-19,161.86717224121094
2016-02-22,164.21087646484375
2016-02-23,162.1369171142578
2016-02-24,162.8788299560547
2016-02-25,164.85162353515625
2016-02-26,164.4722442626953
2016-02-29,163.18235778808594
2016-03-01,167.01828002929688
2016-03-02,167.76856994628906
2016-03-03,168.4261474609375
2016-03-04,168.97412109375
2016-03-07,169.10903930664062
2016-03-08,167.2626953125
2016-03-09,168.08892822265625
2016-03-10,168.22384643554688
2016-03-11,170.9384765625
2016-03-14,170.71925354003906
2016-03-15,170.4410400390625
2016-03-16,171.42745971679688
2016-03-17,172.5149688720703
2016-03-18,173.1929473876953
2016-03-21,173.43865966796875
2016-03-22,173.34542846679688
2016-03-23,172.2014923095703
2016-03-24,172.12513732910156
2016-03-28,172.22689819335938
2016-03-29,173.8199920654297
2016-03-30,174.58267211914062
2016-03-31,174.1589813232422
2016-04-01,175.3452911376953
2016-04-04,174.77752685546875
2016-04-05,173.03192138671875
2016-04-06,174.92166137695312
2016-04-07,172.8285369873047
2016-04-08,173.2946014404297
2016-04-11,172.88783264160156
2016-04-12,174.4978790283203
2016-04-13,176.26048278808594
2016-04-14,176.2689666748047
2016-04-15,176.0740966796875
2016-04-18,177.31130981445312
2016-04-19,177.87059020996094
2016-04-20,178.04013061523438
2016-04-21,177.0824737548828
2016-04-22,177.0824737548828
2016-04-25,176.7774658203125
2016-04-26,177.04013061523438
2016-04-27,177.40455627441406
2016-04-28,175.79443359375
2016-04-29,174.84536743164062
2016-05-02,176.2350616455078
2016-05-03,174.70132446289062
2016-05-04,173.72674560546875
2016-05-05,173.69290161132812
2016-05-06,174.32846069335938
2016-05-09,174.47251892089844
2016-05-10,176.64186096191406
2016-05-11,174.9894256591797
2016-05-12,175.0402374267578
2016-05-13,173.51490783691406
2016-05-16,175.2266387939453
2016-05-17,173.59121704101562
2016-05-18,173.64207458496094
2016-05-19,173.0404052734375
2016-05-20,174.13356018066406
2016-05-23,173.89627075195312
2016-05-24,176.15032958984375
2016-05-25,177.34523010253906
2016-05-26,177.39605712890625
2016-05-27,178.15872192382812
2016-05-31,177.81976318359375
2016-06-01,178.18414306640625
2016-06-02,178.72650146484375
2016-06-03,178.19261169433594
2016-06-06,179.09934997558594
2016-06-07,179.37896728515625
2016-06-08,179.96368408203125
2016-06-09,179.71795654296875
2016-06-10,178.01470947265625
2016-06-13,176.64186096191406
2016-06-14,176.29444885253906
2016-06-15,176.04867553710938
2016-06-16,176.5740966796875
2016-06-17,175.91647338867188
2016-06-20,177.0493621826172
2016-06-21,177.5519561767578
2016-06-22,177.2623748779297
2016-06-23,179.5707244873047
2016-06-24,173.12254333496094
2016-06-27,170.02194213867188
2016-06-28,173.0884552001953
2016-06-29,176.0357208251953
2016-06-30,178.43785095214844
2016-07-01,178.8126678466797
2016-07-05,177.52638244628906
2016-07-06,178.5911407470703
2016-07-07,178.4804229736328
2016-07-08,181.1380615234375
2016-07-11,181.77691650390625
2016-07-12,183.09727478027344
2016-07-13,183.0717010498047
2016-07-14,184.09385681152344
2016-07-15,183.84690856933594
2016-07-18,184.34091186523438
2016-07-19,184.15357971191406
2016-07-20,184.92005920410156
2016-07-21,184.2216796875
2016-07-22,185.0479278564453
2016-07-25,184.54531860351562
2016-07-26,184.6304931640625
2016-07-27,184.43460083007812
2016-07-28,184.6475067138672
2016-07-29,184.9456329345703
2016-08-01,184.7923583984375
2016-08-02,183.60838317871094
2016-08-03,184.14498901367188
2016-08-04,184.34091186523438
2016-08-05,185.8485870361328
2016-08-08,185.7378692626953
2016-08-09,185.8485870361328
2016-08-10,185.3885955810547
2016-08-11,186.24899291992188
2016-08-12,186.0871124267578
2016-08-15,186.62376403808594
2016-08-16,185.66122436523438
2016-08-17,186.01043701171875
2016-08-18,186.4278564453125
2016-08-19,186.1552734375
2016-08-22,186.146728515625
2016-08-23,186.52151489257812
2016-08-24,185.56752014160156
2016-08-25,185.43975830078125
2016-08-26,185.0904541015625
2016-08-29,186.0018768310547
2016-08-30,185.69525146484375
2016-08-31,185.1671600341797
2016-09-01,185.1757049560547
2016-09-02,186.01043701171875
2016-09-06,186.57264709472656
2016-09-07,186.5556182861328
2016-09-08,186.12965393066406
2016-09-09,181.6747589111328
2016-09-12,184.2813262939453
2016-09-13,181.6321258544922
2016-09-14,181.56396484375
2016-09-15,183.3783721923828
2016-09-16,182.66946411132812
2016-09-19,182.7037353515625
2016-09-20,182.7122802734375
2016-09-21,184.76695251464844
2016-09-22,185.93130493164062
2016-09-23,184.91253662109375
2016-09-26,183.41429138183594
2016-09-27,184.55296325683594
2016-09-28,185.468994140625
2016-09-29,183.79098510742188
2016-09-30,185.1779022216797
2016-10-03,184.73272705078125
2016-10-04,183.79098510742188
2016-10-05,184.60435485839844
2016-10-06,184.73272705078125
2016-10-07,184.09918212890625
2016-10-10,185.05804443359375
2016-10-11,182.7208251953125
2016-10-12,182.9605712890625
2016-10-13,182.3612518310547
2016-10-14,182.45545959472656
2016-10-17,181.8218994140625
2016-10-18,182.9605712890625
2016-10-19,183.44854736328125
2016-10-20,183.1061248779297
2016-10-21,183.1916961669922
2016-10-24,183.9707489013672
2016-10-25,183.35435485839844
2016-10-26,182.9862060546875
2016-10-27,182.49822998046875
2016-10-28,181.9589080810547
2016-10-31,181.96746826171875
2016-11-01,180.6490478515625
2016-11-02,179.56178283691406
2016-11-03,178.73989868164062
2016-11-04,178.54306030273438
2016-11-07,182.48110961914062
2016-11-08,183.30303955078125
2016-11-09,185.2464141845703
2016-11-10,185.70872497558594
2016-11-11,185.28065490722656
2016-11-14,185.4261932373047
2016-11-15,186.8730010986328
2016-11-16,186.5220184326172
2016-11-17,187.4808807373047
2016-11-18,187.0613250732422
2016-11-21,188.4739990234375
2016-11-22,188.8420867919922
2016-11-23,188.94479370117188
2016-11-25,189.6468048095703
2016-11-28,188.7564697265625
2016-11-29,189.12461853027344
2016-11-30,188.67086791992188
2016-12-01,187.9774169921875
2016-12-02,188.07159423828125
2016-12-05,189.20166015625
2016-12-06,189.80093383789062
2016-12-07,192.28369140625
2016-12-08,192.7544708251953
2016-12-09,193.91885375976562
2016-12-12,193.69625854492188
2016-12-13,194.989013671875
2016-12-14,193.3795166015625
2016-12-15,194.17564392089844
2016-12-16,193.7959442138672
2016-12-19,194.21786499023438
2016-12-20,194.9670867919922
2016-12-21,194.42459106445312
2016-12-22,194.08871459960938
2016-12-23,194.37289428710938
2016-12-27,194.85519409179688
2016-12-28,193.24478149414062
2016-12-29,193.20164489746094
2016-12-30,192.49554443359375
2017-01-03,193.9681396484375
2017-01-04,195.1221466064453
2017-01-05,194.9670867919922
2017-01-06,195.66464233398438
2017-01-09,195.01878356933594
2017-01-10,195.01878356933594
2017-01-11,195.56991577148438
2017-01-12,195.07904052734375
2017-01-13,195.52684020996094
2017-01-17,194.83792114257812
2017-01-18,195.26852416992188
2017-01-19,194.545166015625
2017-01-20,195.25990295410156
2017-01-23,194.75180053710938
2017-01-24,196.00051879882812
2017-01-25,197.69700622558594
2017-01-26,197.49029541015625
2017-01-27,197.18026733398438
2017-01-30,195.9574737548828
2017-01-31,195.94024658203125
2017-02-01,196.0177001953125
2017-02-02,196.14686584472656
2017-02-03,197.49891662597656
2017-02-06,197.14585876464844
2017-02-07,197.15443420410156
2017-02-08,197.4127960205078
2017-02-09,198.5839385986328
2017-02-10,199.36764526367188
2017-02-13,200.4527130126953
2017-02-14,201.25357055664062
2017-02-15,202.30416870117188
2017-02-16,202.13197326660156
2017-02-17,202.4505615234375
2017-02-21,203.65621948242188
2017-02-22,203.47531127929688
2017-02-23,203.61312866210938
2017-02-24,203.87155151367188
2017-02-27,204.1901092529297
2017-02-28,203.63902282714844
2017-03-01,206.48947143554688
2017-03-02,205.18914794921875
2017-03-03,205.31832885742188
2017-03-06,204.70687866210938
2017-03-07,204.0954132080078
2017-03-08,203.7165069580078
2017-03-09,203.97486877441406
2017-03-10,204.68959045410156
2017-03-13,204.79290771484375
2017-03-14,204.00930786132812
2017-03-15,205.77464294433594
2017-03-16,205.36993408203125
2017-03-17,205.0092010498047
2017-03-20,204.7843780517578
2017-03-21,202.15504455566406
2017-03-22,202.63075256347656
2017-03-23,202.41455078125
2017-03-24,202.2675018310547
2017-03-27,202.05996704101562
2017-03-28,203.5302734375
2017-03-29,203.72055053710938
2017-03-30,204.36924743652344
2017-03-31,203.89352416992188
2017-04-03,203.5388946533203
2017-04-04,203.66867065429688
2017-04-05,203.06320190429688
2017-04-06,203.63406372070312
2017-04-07,203.426513671875
2017-04-10,203.54754638671875
2017-04-11,203.3053741455078
2017-04-12,202.41455078125
2017-04-13,201.0998992919922
2017-04-17,202.8815460205078
2017-04-18,202.27615356445312
2017-04-19,201.90428161621094
2017-04-20,203.54754638671875
2017-04-21,202.8988800048828
2017-04-24,205.13035583496094
2017-04-25,206.32388305664062
2017-04-26,206.19418334960938
2017-04-27,206.36715698242188
2017-04-28,205.91741943359375
2017-05-01,206.43641662597656
2017-05-02,206.5142364501953
2017-05-03,206.26336669921875
2017-05-04,206.5055389404297
2017-05-05,207.31851196289062
2017-05-08,207.28399658203125
2017-05-09,207.09368896484375
2017-05-10,207.46559143066406
2017-05-11,207.0417938232422
2017-05-12,206.6958465576172
2017-05-15,207.8374786376953
2017-05-16,207.64724731445312
2017-05-17,203.96273803710938
2017-05-18,204.7843780517578
2017-05-19,206.11631774902344
2017-05-22,207.1629180908203
2017-05-23,207.62127685546875
2017-05-24,208.1056365966797
2017-05-25,209.1002960205078
2017-05-26,209.05703735351562
2017-05-30,208.87539672851562
2017-05-31,208.82351684570312
2017-06-01,210.48410034179688
2017-06-02,211.18472290039062
2017-06-05,211.02908325195312
2017-06-06,210.3544464111328
2017-06-07,210.74359130859375
2017-06-08,210.847412109375
2017-06-09,210.52740478515625
2017-06-12,210.48410034179688
2017-06-13,211.51336669921875
2017-06-14,211.24530029296875
2017-06-15,210.83876037597656
2017-06-16,210.8848114013672
2017-06-19,212.64047241210938
2017-06-20,211.20639038085938
2017-06-21,211.15420532226562
2017-06-22,211.05860900878906
2017-06-23,211.31069946289062
2017-06-26,211.44973754882812
2017-06-27,209.74627685546875
2017-06-28,211.62362670898438
2017-06-29,209.76365661621094
2017-06-30,210.1547393798828
2017-07-03,210.5111083984375
2017-07-05,210.997802734375
2017-07-06,209.06834411621094
2017-07-07,210.42417907714844
2017-07-10,210.650146484375
2017-07-11,210.49368286132812
2017-07-12,212.0755157470703
2017-07-13,212.43186950683594
2017-07-14,213.42266845703125
2017-07-17,213.39657592773438
2017-07-18,213.509521484375
2017-07-19,214.66555786132812
2017-07-20,214.76113891601562
2017-07-21,214.56993103027344
2017-07-24,214.51773071289062
2017-07-25,215.03927612304688
2017-07-26,215.04795837402344
2017-07-27,214.84805297851562
2017-07-28,214.5960235595703
2017-07-31,214.47427368164062
2017-08-01,214.95230102539062
2017-08-02,215.05662536621094
2017-08-03,214.6394500732422
2017-08-04,215.03054809570312
2017-08-07,215.4303436279297
2017-08-08,214.90020751953125
2017-08-09,214.8914794921875
2017-08-10,211.8582763671875
2017-08-11,212.1710968017578
2017-08-14,214.27444458007812
2017-08-15,214.2483367919922
2017-08-16,214.62205505371094
2017-08-17,211.27589416503906
2017-08-18,210.9456329345703
2017-08-21,211.1107635498047
2017-08-22,213.31842041015625
2017-08-23,212.5535125732422
2017-08-24,212.05816650390625
2017-08-25,212.5535125732422
2017-08-28,212.56224060058594
2017-08-29,212.80560302734375
2017-08-30,213.8137664794922
2017-08-31,215.10009765625
2017-09-01,215.40426635742188
2017-09-05,213.85719299316406
2017-09-06,214.58729553222656
2017-09-07,214.5612030029297
2017-09-08,214.3092041015625
2017-09-11,216.5950164794922
2017-09-12,217.32504272460938
2017-09-13,217.42933654785156
2017-09-14,217.35977172851562
2017-09-15,217.6524200439453
2017-09-18,218.1153564453125
2017-09-19,218.33370971679688
2017-09-20,218.4123077392578
2017-09-21,217.82711791992188
2017-09-22,217.8707733154297
2017-09-25,217.42532348632812
2017-09-26,217.5563201904297
2017-09-27,218.403564453125
2017-09-28,218.66558837890625
2017-09-29,219.4342803955078
2017-10-02,220.38626098632812
2017-10-03,220.85792541503906
2017-10-04,221.11997985839844
2017-10-05,222.43014526367188
2017-10-06,222.1768341064453
2017-10-09,221.80995178222656
2017-10-10,222.39517211914062
2017-10-11,222.74452209472656
2017-10-12,222.41268920898438
2017-10-13,222.68344116210938
2017-10-16,222.98037719726562
2017-10-17,223.13763427734375
2017-10-18,223.35595703125
2017-10-19,223.41712951660156
2017-10-20,224.57005310058594
2017-10-23,223.6966094970703
2017-10-24,224.0896759033203
2017-10-25,222.98037719726562
2017-10-26,223.2686309814453
2017-10-27,225.0940704345703
2017-10-30,224.25559997558594
2017-10-31,224.60496520996094
2017-11-01,224.9019317626953
2017-11-02,224.9892578125
2017-11-03,225.740478515625
2017-11-06,226.08985900878906
2017-11-07,225.93263244628906
2017-11-08,226.31689453125
2017-11-09,225.49591064453125
2017-11-10,225.42605590820312
2017-11-13,225.63560485839844
2017-11-14,225.111572265625
2017-11-15,223.98484802246094
2017-11-16,225.8889617919922
2017-11-17,225.22509765625
2017-11-20,225.6094512939453
2017-11-21,227.08547973632812
2017-11-22,226.8846893310547
2017-11-24,227.40870666503906
2017-11-27,227.29522705078125
2017-11-28,229.60110473632812
2017-11-29,229.4613800048828
2017-11-30,231.4702606201172
2017-12-01,230.9898223876953
2017-12-04,230.7103729248047
2017-12-05,229.88052368164062
2017-12-06,229.9242706298828
2017-12-07,230.64920043945312
2017-12-08,231.9069366455078
2017-12-11,232.60568237304688
2017-12-12,233.0161895751953
2017-12-13,232.989990234375
2017-12-14,232.03793334960938
2017-12-15,233.97024536132812
2017-12-18,235.4539337158203
2017-12-19,234.54962158203125
2017-12-20,234.4267578125
2017-12-21,234.90957641601562
2017-12-22,234.84814453125
2017-12-26,234.56723022460938
2017-12-27,234.68136596679688
2017-12-28,235.16415405273438
2017-12-29,234.27748107910156
2018-01-02,235.954345703125
2018-01-03,237.44676208496094
2018-01-04,238.44760131835938
2018-01-05,240.03652954101562
2018-01-08,240.47547912597656
2018-01-09,241.01983642578125
2018-01-10,240.6510772705078
2018-01-11,242.4069061279297
2018-01-12,243.98712158203125
2018-01-16,243.1531524658203
2018-01-17,245.4707489013672
2018-01-18,245.05816650390625
2018-01-19,246.17311096191406
2018-01-22,248.17466735839844
2018-01-23,248.7014617919922
2018-01-24,248.6049041748047
2018-01-25,248.71018981933594
2018-01-26,251.58975219726562
2018-01-29,249.92178344726562
2018-01-30,247.35833740234375
2018-01-31,247.481201171875
2018-02-01,247.2003173828125
2018-02-02,241.81875610351562
2018-02-05,231.70521545410156
2018-02-06,236.2703399658203
2018-02-07,234.98861694335938
2018-02-08,226.17440795898438
2018-02-09,229.5719451904297
2018-02-12,232.94309997558594
2018-02-13,233.5225067138672
2018-02-14,236.67425537109375
2018-02-15,239.69418334960938
2018-02-16,239.76438903808594
2018-02-20,238.26318359375
2018-02-21,237.07794189453125
2018-02-22,237.38522338867188
2018-02-23,241.16905212402344
2018-02-26,243.96951293945312
2018-02-27,240.92320251464844
2018-02-28,238.48269653320312
2018-03-01,235.01495361328125
2018-03-02,236.22634887695312
2018-03-05,238.95677185058594
2018-03-06,239.5625457763672
2018-03-07,239.47474670410156
2018-03-08,240.6335906982422
2018-03-09,244.82118225097656
2018-03-12,244.5138702392578
2018-03-13,242.93359375
2018-03-14,241.68698120117188
2018-03-15,241.4236297607422
2018-03-16,241.68540954589844
2018-03-19,238.41537475585938
2018-03-20,238.82080078125
2018-03-21,238.36251831054688
2018-03-22,232.404052734375
2018-03-23,227.4504852294922
2018-03-26,233.67333984375
2018-03-27,229.69808959960938
2018-03-28,229.0194091796875
2018-03-29,231.94569396972656
2018-04-02,226.93927001953125
2018-04-03,229.84796142578125
2018-04-04,232.30706787109375
2018-04-05,234.14048767089844
2018-04-06,228.9224395751953
2018-04-09,230.0507049560547
2018-04-10,233.70858764648438
2018-04-11,232.4833984375
2018-04-12,234.39610290527344
2018-04-13,233.70858764648438
2018-04-16,235.6300506591797
2018-04-17,238.15097045898438
2018-04-18,238.32725524902344
2018-04-19,237.00509643554688
2018-04-20,234.99545288085938
2018-04-23,234.96018981933594
2018-04-24,231.7958984375
2018-04-25,232.36878967285156
2018-04-26,234.7310791015625
2018-04-27,234.9513397216797
2018-04-30,233.14447021484375
2018-05-01,233.55873107910156
2018-05-02,231.9898223876953
2018-05-03,231.47853088378906
2018-05-04,234.47532653808594
2018-05-07,235.26861572265625
2018-05-08,235.26861572265625
2018-05-09,237.5426788330078
2018-05-10,239.76390075683594
2018-05-11,240.4954833984375
2018-05-14,240.610107421875
2018-05-15,238.95301818847656
2018-05-16,239.9578094482422
2018-05-17,239.755126953125
2018-05-18,239.15573120117188
2018-05-21,240.95384216308594
2018-05-22,240.28387451171875
2018-05-23,240.94497680664062
2018-05-24,240.45138549804688
2018-05-25,239.8784637451172
2018-05-29,237.11964416503906
2018-05-30,240.28387451171875
2018-05-31,238.81195068359375
2018-06-01,241.1565399169922
2018-06-04,242.3023223876953
2018-06-05,242.4787139892578
2018-06-06,244.5060272216797
2018-06-07,244.47952270507812
2018-06-08,245.20228576660156
2018-06-11,245.52841186523438
2018-06-12,245.84573364257812
2018-06-13,245.061279296875
2018-06-14,245.67822265625
2018-06-15,245.3648681640625
2018-06-18,244.86019897460938
2018-06-19,243.92161560058594
2018-06-20,244.3378143310547
2018-06-21,242.8060760498047
2018-06-22,243.24879455566406
2018-06-25,239.9374237060547
2018-06-26,240.46871948242188
2018-06-27,238.4766082763672
2018-06-28,239.84011840820312
2018-06-29,240.18540954589844
2018-07-02,240.69888305664062
2018-07-03,239.8489532470703
2018-07-05,241.80563354492188
2018-07-06,243.8508758544922
2018-07-09,246.04653930664062
2018-07-10,246.9319610595703
2018-07-11,245.12579345703125
2018-07-12,247.34811401367188
2018-07-13,247.5428924560547
2018-07-16,247.32154846191406
2018-07-17,248.322021484375
2018-07-18,248.84445190429688
2018-07-19,247.9059295654297
2018-07-20,247.62252807617188
2018-07-23,248.0828857421875
2018-07-24,249.33139038085938
2018-07-25,251.45628356933594
2018-07-26,250.8629608154297
2018-07-27,249.1631622314453
2018-07-30,247.86163330078125
2018-07-31,249.08351135253906
2018-08-01,248.66734313964844
2018-08-02,250.02191162109375
2018-08-03,251.09327697753906
2018-08-06,252.01397705078125
2018-08-07,252.84629821777344
2018-08-08,252.7401123046875
2018-08-09,252.39466857910156
2018-08-10,250.7036590576172
2018-08-13,249.7651824951172
2018-08-14,251.3588104248047
2018-08-15,249.48187255859375
2018-08-16,251.5005645751953
2018-08-17,252.38584899902344
2018-08-20,252.92596435546875
2018-08-21,253.51914978027344
2018-08-22,253.3686065673828
2018-08-23,253.03213500976562
2018-08-24,254.55503845214844
2018-08-27,256.56494140625
2018-08-28,256.6886901855469
2018-08-29,258.0699768066406
2018-08-30,257.0252990722656
2018-08-31,257.0341796875
2018-09-04,256.5914306640625
2018-09-05,255.9007568359375
2018-09-06,255.13064575195312
2018-09-07,254.63478088378906
2018-09-10,255.07740783691406
2018-09-11,255.91851806640625
2018-09-12,255.9805145263672
2018-09-13,257.4945983886719
2018-09-14,257.538818359375
2018-09-17,256.1753234863281
2018-09-18,257.5652770996094
2018-09-19,257.8398132324219
2018-09-20,259.9292297363281
2018-09-21,259.6917724609375
2018-09-24,258.8290710449219
2018-09-25,258.5889892578125
2018-09-26,257.8152770996094
2018-09-27,258.5356750488281
2018-09-28,258.5622863769531
2018-10-01,259.4605407714844
2018-10-02,259.309326171875
2018-10-03,259.45166015625
2018-10-04,257.4239196777344
2018-10-05,255.98316955566406
2018-10-08,255.98316955566406
2018-10-09,255.6095428466797
2018-10-10,247.5161895751953
2018-10-11,242.06419372558594
2018-10-12,245.42605590820312
2018-10-15,244.0475311279297
2018-10-16,249.38385009765625
2018-10-17,249.42823791503906
2018-10-18,245.82626342773438
2018-10-19,245.69285583496094
2018-10-22,244.59005737304688
2018-10-23,243.3449249267578
2018-10-24,235.971923828125
2018-10-25,240.2053985595703
2018-10-26,235.9807586669922
2018-10-29,234.6734161376953
2018-10-30,238.15093994140625
2018-10-31,240.694580078125
2018-11-01,243.2559814453125
2018-11-02,241.8152313232422
2018-11-05,243.14930725097656
2018-11-06,244.68785095214844
2018-11-07,249.92637634277344
2018-11-08,249.4727783203125
2018-11-09,247.03585815429688
2018-11-12,242.419921875
2018-11-13,241.96633911132812
2018-11-14,240.31211853027344
2018-11-15,242.82020568847656
2018-11-16,243.45164489746094
2018-11-19,239.33380126953125
2018-11-20,234.90463256835938
2018-11-21,235.70501708984375
2018-11-23,234.13088989257812
2018-11-26,237.9108123779297
2018-11-27,238.71121215820312
2018-11-28,244.20762634277344
2018-11-29,243.67396545410156
2018-11-30,245.15924072265625
2018-12-03,248.40548706054688
2018-12-04,240.35650634765625
2018-12-06,239.99195861816406
2018-12-07,234.41551208496094
2018-12-10,234.86019897460938
2018-12-11,234.91355895996094
2018-12-12,236.09645080566406
2018-12-13,236.016357421875
2018-12-14,231.658447265625
2018-12-17,227.11358642578125
2018-12-18,226.86459350585938
2018-12-19,223.46710205078125
2018-12-20,219.8295135498047
2018-12-21,215.32533264160156
2018-12-24,209.63583374023438
2018-12-26,220.2276153564453
2018-12-27,221.9184112548828
2018-12-28,221.6321563720703
2018-12-31,223.5733642578125
2019-01-02,223.8059539794922
2019-01-03,218.46536254882812
2019-01-04,225.78298950195312
2019-01-07,227.56320190429688
2019-01-08,229.70118713378906
2019-01-09,230.77474975585938
2019-01-10,231.5888671875
2019-01-11,231.6782684326172
2019-01-14,230.2648162841797
2019-01-15,232.90382385253906
2019-01-16,233.46743774414062
2019-01-17,235.23867797851562
2019-01-18,238.36973571777344
2019-01-22,235.1492156982422
2019-01-23,235.6412811279297
2019-01-24,235.76651000976562
2019-01-25,237.7613983154297
2019-01-28,235.95437622070312
2019-01-29,235.6412811279297
2019-01-30,239.37168884277344
2019-01-31,241.47386169433594
2019-02-01,241.5902099609375
2019-02-04,243.2899169921875
2019-02-05,244.30975341796875
2019-02-06,243.98765563964844
2019-02-07,241.6617889404297
2019-02-08,241.9569549560547
2019-02-11,242.09120178222656
2019-02-12,245.20431518554688
2019-02-13,246.00050354003906
2019-02-14,245.45486450195312
2019-02-15,248.1295623779297
2019-02-19,248.55892944335938
2019-02-20,249.0598907470703
2019-02-21,248.17430114746094
2019-02-22,249.7130126953125
2019-02-25,250.05299377441406
2019-02-26,249.87399291992188
2019-02-27,249.7666473388672
2019-02-28,249.30145263671875
2019-03-01,250.8580780029297
2019-03-04,249.94557189941406
2019-03-05,249.6056365966797
2019-03-06,248.0937957763672
2019-03-07,246.01832580566406
2019-03-08,245.52630615234375
2019-03-11,249.08680725097656
2019-03-12,250.02610778808594
2019-03-13,251.68109130859375
2019-03-14,251.52008056640625
2019-03-15,252.7626190185547
2019-03-18,253.67918395996094
2019-03-19,253.7421112060547
2019-03-20,252.97828674316406
2019-03-21,255.83558654785156
2019-03-22,250.91172790527344
2019-03-25,250.72300720214844
2019-03-26,252.5919952392578
2019-03-27,251.27108764648438
2019-03-28,252.22357177734375
2019-03-29,253.8140106201172
2019-04-01,256.8239440917969
2019-04-02,256.94976806640625
2019-04-03,257.3540954589844
2019-04-04,258.0369873046875
2019-04-05,259.2859191894531
2019-04-08,259.48358154296875
2019-04-09,258.1538391113281
2019-04-10,259.03436279296875
2019-04-11,258.96246337890625
2019-04-12,260.7146301269531
2019-04-15,260.54388427734375
2019-04-16,260.7146301269531
2019-04-17,260.07659912109375
2019-04-18,260.5888366699219
2019-04-22,260.81341552734375
2019-04-23,263.1585693359375
2019-04-24,262.57452392578125
2019-04-25,262.41278076171875
2019-04-26,263.63482666015625
2019-04-29,264.0480651855469
2019-04-30,264.1828918457031
2019-05-01,262.1971435546875
2019-05-02,261.6309814453125
2019-05-03,264.19183349609375
2019-05-06,263.1046142578125
2019-05-07,258.7109680175781
2019-05-08,258.35150146484375
2019-05-09,257.5698547363281
2019-05-10,258.8636169433594
2019-05-13,252.35833740234375
2019-05-14,254.64060974121094
2019-05-15,256.132080078125
2019-05-16,258.50421142578125
2019-05-17,256.8330078125
2019-05-20,255.1348114013672
2019-05-21,257.4350891113281
2019-05-22,256.6442565917969
2019-05-23,253.50843811035156
2019-05-24,254.08352661132812
2019-05-28,251.7203369140625
2019-05-29,250.03121948242188
2019-05-30,250.71409606933594
2019-05-31,247.33558654785156
2019-06-03,246.7066650390625
2019-06-04,252.0618133544922
2019-06-05,254.2453155517578
2019-06-06,255.8984375
2019-06-07,258.4593200683594
2019-06-10,259.64544677734375
2019-06-11,259.58245849609375
2019-06-12,259.1242370605469
2019-06-13,260.1935119628906
2019-06-14,259.9059143066406
2019-06-17,260.0047912597656
2019-06-18,262.7272644042969
2019-06-19,263.3202209472656
2019-06-20,265.8360900878906
2019-06-21,265.44964599609375
2019-06-24,265.1247863769531
2019-06-25,262.5243835449219
2019-06-26,262.2625427246094
2019-06-27,263.19244384765625
2019-06-28,264.5469055175781
2019-07-01,266.9485778808594
2019-07-02,267.643798828125
2019-07-03,269.7835388183594
2019-07-05,269.4765625
2019-07-08,267.9959411621094
2019-07-09,268.3299865722656
2019-07-10,269.6120300292969
2019-07-11,270.2440185546875
2019-07-12,271.4539489746094
2019-07-15,271.5442199707031
2019-07-16,270.66839599609375
2019-07-17,268.8265380859375
2019-07-18,269.8106689453125
2019-07-19,268.3118591308594
2019-07-22,268.9709167480469
2019-07-23,270.8941955566406
2019-07-24,272.1672058105469
2019-07-25,270.8670959472656
2019-07-26,272.681884765625
2019-07-29,272.18524169921875
2019-07-30,271.5171813964844
2019-07-31,268.5466003417969
2019-08-01,266.2081298828125
2019-08-02,264.2037353515625
2019-08-05,256.25830078125
2019-08-06,259.851806640625
2019-08-07,260.00537109375
2019-08-08,265.10662841796875
2019-08-09,263.3008728027344
2019-08-12,260.0955810546875
2019-08-13,264.140625
2019-08-14,256.33050537109375
2019-08-15,257.0077209472656
2019-08-16,260.7998046875
2019-08-19,263.9418640136719
2019-08-20,261.9194030761719
2019-08-21,264.05029296875
2019-08-22,263.96893310546875
2019-08-23,257.1882629394531
2019-08-26,260.03240966796875
2019-08-27,259.0120849609375
2019-08-28,260.83599853515625
2019-08-29,264.1676330566406
2019-08-30,264.05029296875
2019-09-03,262.5063171386719
2019-09-04,265.48583984375
2019-09-05,268.8987731933594
2019-09-06,269.1064453125
2019-09-09,269.24188232421875
2019-09-10,269.1786804199219
2019-09-11,271.0927429199219
2019-09-12,272.0317687988281
2019-09-13,271.85125732421875
2019-09-16,271.01153564453125
2019-09-17,271.6977233886719
2019-09-18,271.86029052734375
2019-09-19,271.84210205078125
2019-09-20,270.557861328125
2019-09-23,270.4942932128906
2019-09-24,268.3717041015625
2019-09-25,269.95916748046875
2019-09-26,269.39678955078125
2019-09-27,267.9454040527344
2019-09-30,269.1881103515625
2019-10-01,265.9862060546875
2019-10-02,261.28759765625
2019-10-03,263.42822265625
2019-10-04,266.9930725097656
2019-10-07,265.841064453125
2019-10-08,261.71392822265625
2019-10-09,264.1993713378906
2019-10-10,265.9862060546875
2019-10-11,268.7436828613281
2019-10-14,268.4443359375
2019-10-15,271.1020202636719
2019-10-16,270.6665954589844
2019-10-17,271.4648132324219
2019-10-18,270.2765808105469
2019-10-21,272.1088562011719
2019-10-22,271.2199401855469
2019-10-23,272.0091247558594
2019-10-24,272.4535827636719
2019-10-25,273.56915283203125
2019-10-28,275.11126708984375
2019-10-29,275.0295715332031
2019-10-30,275.87310791015625
2019-10-31,275.138427734375
2019-11-01,277.6873779296875
2019-11-04,278.8030090332031
2019-11-05,278.4945373535156
2019-11-06,278.55804443359375
2019-11-07,279.5376892089844
2019-11-08,280.22705078125
2019-11-11,279.6919250488281
2019-11-12,280.281494140625
2019-11-13,280.3721923828125
2019-11-14,280.7803955078125
2019-11-15,282.8120422363281
2019-11-18,283.0207824707031
2019-11-19,282.9391784667969
2019-11-20,281.8869323730469
2019-11-21,281.4334411621094
2019-11-22,282.05926513671875
2019-11-25,284.2452697753906
2019-11-26,284.8892822265625
2019-11-27,286.1592102050781
2019-11-29,285.09796142578125
2019-12-02,282.6761169433594
2019-12-03,280.7803955078125
2019-12-04,282.5128479003906
2019-12-05,283.0207824707031
2019-12-06,285.6058349609375
2019-12-09,284.7078857421875
2019-12-10,284.3904113769531
2019-12-11,285.19775390625
2019-12-12,287.6558837890625
2019-12-13,287.82818603515625
2019-12-16,289.8056335449219
2019-12-17,289.86907958984375
2019-12-18,289.88720703125
2019-12-19,291.0754699707031
2019-12-20,292.3516540527344
2019-12-23,292.7982177734375
2019-12-24,292.8074035644531
2019-12-26,294.3659973144531
2019-12-27,294.2931213378906
2019-12-30,292.670654296875
2019-12-31,293.38165283203125
2020-01-02,296.1253662109375
2020-01-03,293.88299560546875
2020-01-06,295.0041198730469
2020-01-07,294.17462158203125
2020-01-08,295.742431640625
2020-01-09,297.7477722167969
2020-01-10,296.8908386230469
2020-01-13,298.9328918457031
2020-01-14,298.4770202636719
2020-01-15,299.1515808105469
2020-01-16,301.6399841308594
2020-01-17,302.5788879394531
2020-01-21,301.9863586425781
2020-01-22,302.0227966308594
2020-01-23,302.36920166015625
2020-01-24,299.6802062988281
2020-01-27,294.8765869140625
2020-01-28,297.9666442871094
2020-01-29,297.7204284667969
2020-01-30,298.68670654296875
2020-01-31,293.2631530761719
2020-02-03,295.4417419433594
2020-02-04,299.9444885253906
2020-02-05,303.4084167480469
2020-02-06,304.42926025390625
2020-02-07,302.8067321777344
2020-02-10,305.0672607421875
2020-02-11,305.5960388183594
2020-02-12,307.5648498535156
2020-02-13,307.2366638183594
2020-02-14,307.72894287109375
2020-02-18,306.9359436035156
2020-02-19,308.4034118652344
2020-02-20,307.13641357421875
2020-02-21,303.9735412597656
2020-02-24,293.89208984375
2020-02-25,284.9864807128906
2020-02-26,283.9383544921875
2020-02-27,271.1861267089844
2020-02-28,270.04669189453125
2020-03-02,281.741455078125
2020-03-03,273.67449951171875
2020-03-04,285.1778564453125
2020-03-05,275.6981201171875
2020-03-06,271.1404724121094
2020-03-09,249.96591186523438
2020-03-10,262.9004821777344
2020-03-11,250.08445739746094
2020-03-12,226.15708923339844
2020-03-13,245.49038696289062
2020-03-16,218.62796020507812
2020-03-17,230.4320831298828
2020-03-18,218.76466369628906
2020-03-19,219.2294921875
2020-03-20,209.781982421875
2020-03-23,204.4182586669922
2020-03-24,222.93922424316406
2020-03-25,226.2766571044922
2020-03-26,239.48890686035156
2020-03-27,232.3555145263672
2020-03-30,239.90147399902344
2020-03-31,236.32568359375
2020-04-01,225.68984985351562
2020-04-02,230.897705078125
2020-04-03,227.56028747558594
2020-04-06,242.84469604492188
2020-04-07,243.0922393798828
2020-04-08,251.25241088867188
2020-04-09,255.07582092285156
2020-04-13,252.7469482421875
2020-04-14,260.201171875
2020-04-15,254.67245483398438
2020-04-16,255.9010009765625
2020-04-17,262.8143310546875
2020-04-20,258.18408203125
2020-04-21,250.3447265625
2020-04-22,255.9010009765625
2020-04-23,255.88265991210938
2020-04-24,259.4493713378906
2020-04-27,263.190185546875
2020-04-28,261.97991943359375
2020-04-29,268.8381042480469
2020-04-30,266.33514404296875
2020-05-01,259.28436279296875
2020-05-04,259.9994812011719
2020-05-05,262.40167236328125
2020-05-06,260.6230163574219
2020-05-07,263.76788330078125
2020-05-08,268.1321716308594
2020-05-11,268.1871337890625
2020-05-12,262.8418273925781
2020-05-13,258.19317626953125
2020-05-14,261.2830810546875
2020-05-15,262.4842529296875
2020-05-18,270.4794006347656
2020-05-19,267.7012023925781
2020-05-20,272.24896240234375
2020-05-21,270.369384765625
2020-05-22,270.88287353515625
2020-05-26,274.2203369140625
2020-05-27,278.3004150390625
2020-05-28,277.7869873046875
2020-05-29,279.0248107910156
2020-06-01,280.1524963378906
2020-06-02,282.47216796875
2020-06-03,286.2314758300781
2020-06-04,285.4794921875
2020-06-05,292.7962341308594
2020-06-08,296.3353576660156
2020-06-09,294.1257019042969
2020-06-10,292.4844665527344
2020-06-11,275.6230163574219
2020-06-12,278.9238586425781
2020-06-15,281.5278015136719
2020-06-16,286.94659423828125
2020-06-17,285.75457763671875
2020-06-18,285.8646545410156
2020-06-19,284.2309875488281
2020-06-22,286.0543518066406
2020-06-23,287.3712158203125
2020-06-24,280.04083251953125
2020-06-25,283.0429382324219
2020-06-26,276.3203125
2020-06-29,280.3815002441406
2020-06-30,283.9729919433594
2020-07-01,285.9622497558594
2020-07-02,287.5370178222656
2020-07-06,291.9758605957031
2020-07-07,288.96441650390625
2020-07-08,291.1746520996094
2020-07-09,289.5169982910156
2020-07-10,292.47308349609375
2020-07-13,289.94061279296875
2020-07-14,293.6979675292969
2020-07-15,296.396240234375
2020-07-16,295.4199523925781
2020-07-17,296.27642822265625
2020-07-20,298.6708679199219
2020-07-21,299.30633544921875
2020-07-22,301.00994873046875
2020-07-23,297.41839599609375
2020-07-24,295.5028991699219
2020-07-27,297.6578674316406
2020-07-28,295.7699890136719
2020-07-29,299.4075927734375
2020-07-30,298.3393249511719
2020-07-31,300.6969299316406
2020-08-03,302.787353515625
2020-08-04,303.9570007324219
2020-08-05,305.8448181152344
2020-08-06,307.88922119140625
2020-08-07,308.1102294921875
2020-08-10,309.0311584472656
2020-08-11,306.48028564453125
2020-08-12,310.75323486328125
2020-08-13,310.1915283203125
2020-08-14,310.2007141113281
2020-08-17,311.1860656738281
2020-08-18,311.8583679199219
2020-08-19,310.5599060058594
2020-08-20,311.5268249511719
2020-08-21,312.6319885253906
2020-08-24,315.7998962402344
2020-08-25,316.9049987792969
2020-08-26,320.0821838378906
2020-08-27,320.78204345703125
2020-08-28,322.8540954589844
2020-08-31,321.68450927734375
2020-09-01,324.71429443359375
2020-09-02,329.4110107421875
2020-09-03,318.0746154785156
2020-09-04,315.4775085449219
2020-09-08,306.8577880859375
2020-09-09,312.91741943359375
2020-09-10,307.4840393066406
2020-09-11,307.6405944824219
2020-09-14,311.692626953125
2020-09-15,313.267333984375
2020-09-16,312.02410888671875
2020-09-17,309.2798156738281
2020-09-18,305.7191162109375
2020-09-21,302.31658935546875
2020-09-22,305.39556884765625
2020-09-23,298.3131408691406
2020-09-24,299.1083068847656
2020-09-25,303.9438781738281
2020-09-28,308.99224853515625
2020-09-29,307.30950927734375
2020-09-30,309.6394348144531
2020-10-01,311.62738037109375
2020-10-02,308.6686706542969
2020-10-05,314.1422424316406
2020-10-06,309.6763916015625
2020-10-07,315.06695556640625
2020-10-08,317.8591613769531
2020-10-09,320.6976013183594
2020-10-12,325.85699462890625
2020-10-13,323.73040771484375
2020-10-14,321.69622802734375
2020-10-15,321.29876708984375
2020-10-16,321.1044921875
2020-10-19,316.2226257324219
2020-10-20,317.4892883300781
2020-10-21,316.8883972167969
2020-10-22,318.6265869140625
2020-10-23,319.7083435058594
2020-10-26,313.80023193359375
2020-10-27,312.7182922363281
2020-10-28,302.0299987792969
2020-10-29,305.0997619628906
2020-10-30,301.9190673828125
2020-11-02,305.30316162109375
2020-11-03,310.6935729980469
2020-11-04,317.6372985839844
2020-11-05,323.83209228515625
2020-11-06,323.758056640625
2020-11-09,327.8264465332031
2020-11-10,327.3455810546875
2020-11-11,329.7772216796875
2020-11-12,326.5781555175781
2020-11-13,331.09942626953125
2020-11-16,335.2323913574219
2020-11-17,333.4294128417969
2020-11-18,329.4166259765625
2020-11-19,330.80352783203125
2020-11-20,328.538330078125
2020-11-23,330.5077209472656
2020-11-24,335.8333740234375
2020-11-25,335.315673828125
2020-11-27,336.2494812011719
2020-11-30,334.7607727050781
2020-12-01,338.4222717285156
2020-12-02,339.1342468261719
2020-12-03,339.0417785644531
2020-12-04,341.9634094238281
2020-12-07,341.26080322265625
2020-12-08,342.2593688964844
2020-12-09,339.189697265625
2020-12-10,339.0787353515625
2020-12-11,338.6812744140625
2020-12-14,337.164794921875
2020-12-15,341.7231140136719
2020-12-16,342.2593688964844
2020-12-17,344.17333984375
2020-12-18,342.799072265625
2020-12-21,341.5733947753906
2020-12-22,340.9976806640625
2020-12-23,341.3041687011719
2020-12-24,342.6319274902344
2020-12-28,345.57537841796875
2020-12-29,344.9161376953125
2020-12-30,345.40826416015625
2020-12-31,347.1631774902344
2021-01-04,342.4369812011719
2021-01-05,344.79541015625
2021-01-06,346.85675048828125
2021-01-07,352.01019287109375
2021-01-08,354.0158386230469
2021-01-11,351.62957763671875
2021-01-12,351.7037353515625
2021-01-13,352.6508483886719
2021-01-14,351.4158935546875
2021-01-15,348.8531799316406
2021-01-19,351.5924072265625
2021-01-20,356.4578857421875
2021-01-21,356.78289794921875
2021-01-22,355.52008056640625
2021-01-25,356.9222106933594
2021-01-26,356.3651123046875
2021-01-27,347.65545654296875
2021-01-28,350.6452331542969
2021-01-29,343.62554931640625
2021-02-01,349.34527587890625
2021-02-02,354.2851257324219
2021-02-03,354.5636901855469
2021-02-04,358.5935363769531
2021-02-05,360.00494384765625
2021-02-08,362.60491943359375
2021-02-09,362.3634033203125
2021-02-10,362.20556640625
2021-02-11,362.79058837890625
2021-02-12,364.5826110839844
2021-02-16,364.26690673828125
2021-02-17,364.35052490234375
2021-02-18,362.7999267578125
2021-02-19,362.1591491699219
2021-02-22,359.3735046386719
2021-02-23,359.80999755859375
2021-02-24,363.77471923828125
2021-02-25,355.00933837890625
2021-02-26,353.18011474609375
2021-03-01,361.7413635253906
2021-03-02,358.9184875488281
2021-03-03,354.1644592285156
2021-03-04,349.78173828125
2021-03-05,356.21649169921875
2021-03-08,354.44293212890625
2021-03-09,359.50360107421875
2021-03-10,361.7413635253906
2021-03-11,365.4090881347656
2021-03-12,365.9011535644531
2021-03-15,368.08331298828125
2021-03-16,367.6190185546875
2021-03-17,368.87261962890625
2021-03-18,363.5055236816406
2021-03-19,362.83294677734375
2021-03-22,365.7301940917969
2021-03-23,362.8515625
2021-03-24,361.0070495605469
2021-03-25,363.0378723144531
2021-03-26,368.8882141113281
2021-03-29,368.7019348144531
2021-03-30,367.7237854003906
2021-03-31,369.2143249511719
2021-04-01,373.20147705078125
2021-04-05,378.55810546875
2021-04-06,378.33447265625
2021-04-07,378.7723083496094
2021-04-08,380.5702209472656
2021-04-09,383.3370361328125
2021-04-12,383.47686767578125
2021-04-13,384.6133728027344
2021-04-14,383.2998962402344
2021-04-15,387.41741943359375
2021-04-16,388.71234130859375
2021-04-19,386.8026428222656
2021-04-20,383.9705810546875
2021-04-21,387.6037292480469
2021-04-22,384.06378173828125
2021-04-23,388.2278747558594
2021-04-26,389.03839111328125
2021-04-27,388.95452880859375
2021-04-28,388.8427429199219
2021-04-29,391.3207092285156
2021-04-30,388.7496032714844
2021-05-03,389.5880432128906
2021-05-04,387.18450927734375
2021-05-05,387.30560302734375
2021-05-06,390.39849853515625
2021-05-07,393.2397766113281
2021-05-10,389.3458251953125
2021-05-11,385.8709411621094
2021-05-12,377.673095703125
2021-05-13,382.2098083496094
2021-05-14,388.0787353515625
2021-05-17,387.0912780761719
2021-05-18,383.75628662109375
2021-05-19,382.75018310546875
2021-05-20,386.8678283691406
2021-05-21,386.55108642578125
2021-05-24,390.4916076660156
2021-05-25,389.62530517578125
2021-05-26,390.39849853515625
2021-05-27,390.60345458984375
2021-05-28,391.3020935058594
2021-06-01,390.95751953125
2021-06-02,391.5722961425781
2021-06-03,390.1189880371094
2021-06-04,393.68695068359375
2021-06-07,393.3050231933594
2021-06-08,393.38885498046875
2021-06-09,392.80194091796875
2021-06-10,394.62786865234375
2021-06-11,395.2799987792969
2021-06-14,396.1650695800781
2021-06-15,395.4383544921875
2021-06-16,393.2304382324219
2021-06-17,393.10009765625
2021-06-18,387.7969970703125
2021-06-21,393.3486633300781
2021-06-22,395.45159912109375
2021-06-23,394.97491455078125
2021-06-24,397.3115234375
2021-06-25,398.7227783203125
2021-06-28,399.52655029296875
2021-06-29,399.74151611328125
2021-06-30,400.0779724121094
2021-07-01,402.2930908203125
2021-07-02,405.3680114746094
2021-07-06,404.6296691894531
2021-07-07,406.05963134765625
2021-07-08,402.7510681152344
2021-07-09,407.05035400390625
2021-07-12,408.50836181640625
2021-07-13,407.11578369140625
2021-07-14,407.7232971191406
2021-07-15,406.33074951171875
2021-07-16,403.1435852050781
2021-07-19,397.1900329589844
2021-07-20,402.88189697265625
2021-07-21,406.1437683105469
2021-07-22,406.9942932128906
2021-07-23,411.1814270019531
2021-07-26,412.1907958984375
2021-07-27,410.312255859375
2021-07-28,410.14398193359375
2021-07-29,411.8450927734375
2021-07-30,409.84490966796875
2021-08-02,408.9850769042969
2021-08-03,412.31231689453125
2021-08-04,410.2842102050781
2021-08-05,412.8824768066406
2021-08-06,413.5647277832031
2021-08-09,413.228271484375
2021-08-10,413.7423400878906
2021-08-11,414.7704162597656
2021-08-12,416.01348876953125
2021-08-13,416.7705383300781
2021-08-16,417.75189208984375
2021-08-17,415.01348876953125
2021-08-18,410.4710693359375
2021-08-19,411.1067199707031
2021-08-20,414.3778991699219
2021-08-23,418.02294921875
2021-08-24,418.6865539550781
2021-08-25,419.565185546875
2021-08-26,417.0882873535156
2021-08-27,420.81744384765625
2021-08-30,422.6680908203125
2021-08-31,422.0418395996094
2021-09-01,422.2662048339844
2021-09-02,423.56536865234375
2021-09-03,423.4625244140625
2021-09-07,421.9483642578125
2021-09-08,421.4344177246094
2021-09-09,419.6304931640625
2021-09-10,416.3218688964844
2021-09-13,417.3873596191406
2021-09-14,415.1349792480469
2021-09-15,418.6024475097656
2021-09-16,417.93890380859375
2021-09-17,413.86767578125
2021-09-20,406.966796875
2021-09-21,406.58233642578125
2021-09-22,410.5484619140625
2021-09-23,415.53662109375
2021-09-24,416.2210998535156
2021-09-27,415.0303649902344
2021-09-28,406.666748046875
2021-09-29,407.3512268066406
2021-09-30,402.37237548828125
2021-10-01,407.1542053222656
2021-10-04,401.9035949707031
2021-10-05,406.0853576660156
2021-10-06,407.7731018066406
2021-10-07,411.2984924316406
2021-10-08,410.5484619140625
2021-10-11,407.57623291015625
2021-10-12,406.5729675292969
2021-10-13,408.03564453125
2021-10-14,414.8990783691406
2021-10-15,418.058837890625
2021-10-18,419.2964782714844
2021-10-19,422.5313720703125
2021-10-20,424.19091796875
2021-10-21,425.29730224609375
2021-10-22,424.8565979003906
2021-10-25,427.1350402832031
2021-10-26,427.51947021484375
2021-10-27,425.62548828125
2021-10-28,429.7323303222656
2021-10-29,430.6043395996094
2021-11-01,431.344970703125
2021-11-02,433.0889587402344
2021-11-03,435.7330322265625
2021-11-04,437.78656005859375
2021-11-05,439.3055114746094
2021-11-08,439.6804504394531
2021-11-09,438.2271423339844
2021-11-10,434.7016296386719
2021-11-11,434.84234619140625
2021-11-12,438.12408447265625
2021-11-15,438.2740478515625
2021-11-16,440.0086364746094
2021-11-17,438.9398193359375
2021-11-18,440.43060302734375
2021-11-19,439.64300537109375
2021-11-22,438.4053039550781
2021-11-23,438.98663330078125
2021-11-24,440.1587219238281
2021-11-26,430.3416748046875
2021-11-29,435.62054443359375
2021-11-30,427.14447021484375
2021-12-01,422.4000244140625
2021-12-02,428.8696594238281
2021-12-03,425.1379089355469
2021-12-06,430.1729431152344
2021-12-07,439.071044921875
2021-12-08,440.2336730957031
2021-12-09,437.261474609375
2021-12-10,441.3775634765625
2021-12-13,437.46771240234375
2021-12-14,434.4578552246094
2021-12-15,441.2463073730469
2021-12-16,437.3551940917969
2021-12-17,432.700439453125
2021-12-20,428.0993957519531
2021-12-21,435.7019958496094
2021-12-22,440.05841064453125
2021-12-23,442.7965087890625
2021-12-27,449.06298828125
2021-12-28,448.6960754394531
2021-12-29,449.2700500488281
2021-12-30,448.0279846191406
2021-12-31,446.89892578125
2022-01-03,449.4864196777344
2022-01-04,449.3359069824219
2022-01-05,440.7076721191406
2022-01-06,440.2936096191406
2022-01-07,438.5530090332031
2022-01-10,438.00726318359375
2022-01-11,441.9967346191406
2022-01-12,443.1916809082031
2022-01-13,437.0852355957031
2022-01-14,437.2638854980469
2022-01-18,429.5201721191406
2022-01-19,425.0602722167969
2022-01-20,420.35565185546875
2022-01-21,412.103759765625
2022-01-24,413.8538513183594
2022-01-25,408.80108642578125
2022-01-26,407.7755432128906
2022-01-27,405.76190185546875
2022-01-28,415.83917236328125
2022-01-31,423.3288879394531
2022-02-01,426.1893005371094
2022-02-02,430.329345703125
2022-02-03,420.2145080566406
2022-02-04,422.1904296875
2022-02-07,420.83544921875
2022-02-08,424.29803466796875
2022-02-09,430.5081481933594
2022-02-10,422.7738037109375
2022-02-11,414.4371643066406
2022-02-14,413.0822448730469
2022-02-15,419.7440490722656
2022-02-16,420.2145080566406
2022-02-17,411.2381286621094
2022-02-18,408.5753479003906
2022-02-22,404.1905822753906
2022-02-23,397.0208435058594
2022-02-24,402.9957275390625
2022-02-25,411.8872985839844
2022-02-28,410.83355712890625
2022-03-01,404.57635498046875
2022-03-02,412.01904296875
2022-03-03,409.9678649902344
2022-03-04,406.6369934082031
2022-03-07,394.64971923828125
2022-03-08,391.65753173828125
2022-03-09,402.1582336425781
2022-03-10,400.3422546386719
2022-03-11,395.2519226074219
2022-03-14,392.3632507324219
2022-03-15,400.9914855957031
2022-03-16,409.8831481933594
2022-03-17,415.0111999511719
2022-03-18,419.5567626953125
2022-03-21,419.4340515136719
2022-03-22,424.34197998046875
2022-03-23,418.87713623046875
2022-03-24,425.1914367675781
2022-03-25,427.26788330078125
2022-03-28,430.3070373535156
2022-03-29,435.63031005859375
2022-03-30,432.9403991699219
2022-03-31,426.2768859863281
2022-04-01,427.4850158691406
2022-04-04,431.1470642089844
2022-04-05,425.70111083984375
2022-04-06,421.4443664550781
2022-04-07,423.5680236816406
2022-04-08,422.43548583984375
2022-04-11,415.21502685546875
2022-04-12,413.6766052246094
2022-04-13,418.4146423339844
2022-04-14,413.20458984375
2022-04-18,413.3746032714844
2022-04-19,420.0474548339844
2022-04-20,419.7361145019531
2022-04-21,413.45953369140625
2022-04-22,402.1145324707031
2022-04-25,404.44580078125
2022-04-26,392.73272705078125
2022-04-27,393.8370056152344
2022-04-28,403.7850646972656
2022-04-29,388.86297607421875
2022-05-02,391.2037048339844
2022-05-03,392.9969482421875
2022-05-04,404.9649658203125
2022-05-05,390.5713195800781
2022-05-06,388.2400207519531
2022-05-09,375.8096008300781
2022-05-10,376.677978515625
2022-05-11,370.69403076171875
2022-05-12,370.3070373535156
2022-05-13,379.1602783203125
2022-05-16,377.621826171875
2022-05-17,385.3896789550781
2022-05-18,369.8539733886719
2022-05-19,367.5887756347656
2022-05-20,367.749267578125
2022-05-23,374.6298828125
2022-05-24,371.76995849609375
2022-05-25,375.0545654296875
2022-05-26,382.5487365722656
2022-05-27,391.93988037109375
2022-05-31,389.7406921386719
2022-06-01,386.5883483886719
2022-06-02,393.9503173828125
2022-06-03,387.4849853515625
2022-06-06,388.6647644042969
2022-06-07,392.39300537109375
2022-06-08,388.12677001953125
2022-06-09,378.89599609375
2022-06-10,367.9095764160156
2022-06-13,353.9407958984375
2022-06-14,352.8742370605469
2022-06-15,357.9049987792969
2022-06-16,346.05975341796875
2022-06-17,346.8057861328125
2022-06-21,355.5361328125
2022-06-22,354.89154052734375
2022-06-23,358.3703308105469
2022-06-24,369.7643127441406
2022-06-27,368.3519287109375
2022-06-28,360.8254089355469
2022-06-29,360.5315856933594
2022-06-30,357.6025695800781
2022-07-01,361.384765625
2022-07-05,362.0672302246094
2022-07-06,363.2900695800781
2022-07-07,368.7311096191406
2022-07-08,368.4278564453125
2022-07-11,364.2190856933594
2022-07-12,360.9961242675781
2022-07-13,359.100341796875
2022-07-14,358.2282409667969
2022-07-15,365.0721740722656
2022-07-18,362.0577392578125
2022-07-19,371.8402099609375
2022-07-20,374.21014404296875
2022-07-21,378.020751953125
2022-07-22,374.513427734375
2022-07-25,374.9684143066406
2022-07-26,370.53216552734375
2022-07-27,380.1535339355469
2022-07-28,384.921630859375
2022-07-29,390.5332946777344
2022-08-01,389.3767395019531
2022-08-02,386.80792236328125
2022-08-03,392.86517333984375
2022-08-04,392.5997314453125
2022-08-05,391.9361877441406
2022-08-08,391.4811706542969
2022-08-09,389.9266662597656
2022-08-10,398.1165466308594
2022-08-11,398.1165466308594
2022-08-12,404.8563537597656
2022-08-15,406.52459716796875
2022-08-16,407.3208923339844
2022-08-17,404.4298095703125
2022-08-18,405.6051940917969
2022-08-19,400.1546936035156
2022-08-22,391.82244873046875
2022-08-23,390.87457275390625
2022-08-24,392.12579345703125
2022-08-25,397.6616516113281
2022-08-26,384.2012023925781
2022-08-29,381.6607666015625
2022-08-30,377.470947265625
2022-08-31,374.5987243652344
2022-09-01,375.7742004394531
2022-09-02,371.8118591308594
2022-09-06,370.40899658203125
2022-09-07,377.0633239746094
2022-09-08,379.52789306640625
2022-09-09,385.42401123046875
2022-09-12,389.56634521484375
2022-09-13,372.6270446777344
2022-09-14,374.0489501953125
2022-09-15,369.8023376464844
2022-09-16,366.9810485839844
2022-09-19,369.8270263671875
2022-09-20,365.5819396972656
2022-09-21,359.2048034667969
2022-09-22,356.1875
2022-09-23,350.21966552734375
2022-09-26,346.7550964355469
2022-09-27,345.869873046875
2022-09-28,352.6753234863281
2022-09-29,345.308349609375
2022-09-30,339.9686584472656
2022-10-03,348.9442138671875
2022-10-04,359.7568359375
2022-10-05,358.919189453125
2022-10-06,355.2167053222656
2022-10-07,345.308349609375
2022-10-10,342.6717834472656
2022-10-11,340.5015563964844
2022-10-12,339.3785400390625
2022-10-13,348.33502197265625
2022-10-14,340.3969421386719
2022-10-17,349.1440734863281
2022-10-18,353.2464599609375
2022-10-19,350.7431945800781
2022-10-20,347.8020935058594
2022-10-21,356.25421142578125
2022-10-24,360.6134948730469
2022-10-25,366.3719482421875
2022-10-26,363.6116638183594
2022-10-27,361.6700744628906
2022-10-28,370.27435302734375
2022-10-31,367.5997619628906
2022-11-01,365.9911804199219
2022-11-02,356.8061828613281
2022-11-03,353.1322021484375
2022-11-04,358.21490478515625
2022-11-07,361.64141845703125
2022-11-08,363.5926208496094
2022-11-09,356.1018981933594
2022-11-10,375.6711120605469
2022-11-11,379.30712890625
2022-11-14,376.0804138183594
2022-11-15,379.2879333496094
2022-11-16,376.3945617675781
2022-11-17,375.2427978515625
2022-11-18,376.9465637207031
2022-11-21,375.57586669921875
2022-11-22,380.63006591796875
2022-11-23,383.0287170410156
2022-11-25,382.9429626464844
2022-11-28,376.83233642578125
2022-11-29,376.1851806640625
2022-11-30,388.03515625
2022-12-01,387.74957275390625
2022-12-02,387.3022766113281
2022-12-05,380.33502197265625
2022-12-06,374.8525390625
2022-12-07,374.2148742675781
2022-12-08,377.14642333984375
2022-12-09,374.3291320800781
2022-12-12,379.7258605957031
2022-12-13,382.60040283203125
2022-12-14,380.1541442871094
2022-12-15,370.8550109863281
2022-12-16,366.4765930175781
2022-12-19,363.3689270019531
2022-12-20,363.8662414550781
2022-12-21,369.3070068359375
2022-12-22,364.0382995605469
2022-12-23,366.13232421875
2022-12-27,364.68853759765625
2022-12-28,360.15625
2022-12-29,366.63916015625
2022-12-30,365.67340087890625
2023-01-03,364.134033203125
2023-01-04,366.9451904296875
2023-01-05,362.7570495605469
2023-01-06,371.07586669921875
2023-01-09,370.865478515625
2023-01-10,373.4663391113281
2023-01-11,378.1898193359375
2023-01-12,379.5667419433594
2023-01-13,381.0392761230469
2023-01-17,380.34130859375
2023-01-18,374.33642578125
2023-01-19,371.611328125
2023-01-20,378.53411865234375
2023-01-23,383.07598876953125
2023-01-24,382.6648254394531
2023-01-25,382.8081970214844
2023-01-26,387.015380859375
2023-01-27,387.9046936035156
2023-01-30,383.0377502441406
2023-01-31,388.6695861816406
2023-02-01,392.80035400390625
2023-02-02,398.518310546875
2023-02-03,394.2824401855469
2023-02-06,391.8728332519531
2023-02-07,396.9979553222656
2023-02-08,392.65692138671875
2023-02-09,389.2529296875
2023-02-10,390.16131591796875
2023-02-13,394.74139404296875
2023-02-14,394.5597839355469
2023-02-15,395.841064453125
2023-02-16,390.3907775878906
2023-02-17,389.4154968261719
2023-02-21,381.60345458984375
2023-02-22,381.0775451660156
2023-02-23,383.1046447753906
2023-02-24,379.0121765136719
2023-02-27,380.30303955078125
2023-02-28,378.89752197265625
2023-03-01,377.4440612792969
2023-03-02,380.3794860839844
2023-03-03,386.4799499511719
2023-03-06,386.74774169921875
2023-03-07,380.81939697265625
2023-03-08,381.4408874511719
2023-03-09,374.40338134765625
2023-03-10,369.0009765625
2023-03-13,368.47503662109375
2023-03-14,374.56597900390625
2023-03-15,372.2233581542969
2023-03-16,378.75396728515625
2023-03-17,374.3252868652344
2023-03-20,377.9247131347656
2023-03-21,382.88702392578125
2023-03-22,376.3601989746094
2023-03-23,377.3776550292969
2023-03-24,379.8539733886719
2023-03-27,380.5642395019531
2023-03-28,379.7100830078125
2023-03-29,385.22906494140625
2023-03-30,387.4846496582031
2023-03-31,392.94610595703125
2023-04-03,394.4434509277344
2023-04-04,392.2550354003906
2023-04-05,391.22802734375
2023-04-06,392.7541809082031
2023-04-10,393.1572570800781
2023-04-11,393.2628479003906
2023-04-12,391.659912109375
2023-04-13,396.8622131347656
2023-04-14,395.8927917480469
2023-04-17,397.3133544921875
2023-04-18,397.5725402832031
2023-04-19,397.5053405761719
2023-04-20,395.33612060546875
2023-04-21,395.643310546875
2023-04-24,396.05596923828125
2023-04-25,389.7690734863281
2023-04-26,388.1181945800781
2023-04-27,395.8448181152344
2023-04-28,399.2233581542969
2023-05-01,398.8203430175781
2023-05-02,394.3378601074219
2023-05-03,391.6311340332031
2023-05-04,388.8572082519531
2023-05-05,396.05596923828125
2023-05-08,396.1615905761719
2023-05-09,394.4242248535156
2023-05-10,396.2671203613281
2023-05-11,395.57611083984375
2023-05-12,395.0577697753906
2023-05-15,396.4206848144531
2023-05-16,393.77154541015625
2023-05-17,398.5515441894531
2023-05-18,402.390869140625
2023-05-19,401.8053894042969
2023-05-22,401.968505859375
2023-05-23,397.4573059082031
2023-05-24,394.5777893066406
2023-05-25,397.99481201171875
2023-05-26,403.1490783691406
2023-05-30,403.302734375
2023-05-31,401.0662841796875
2023-06-01,404.8768615722656
2023-06-02,410.7318420410156
2023-06-05,409.94476318359375
2023-06-06,410.8374328613281
2023-06-07,409.4168701171875
2023-06-08,411.8932189941406
2023-06-09,412.63226318359375
2023-06-12,416.3756103515625
2023-06-13,419.12078857421875
2023-06-14,419.6198425292969
2023-06-15,424.8222351074219
2023-06-16,423.3751525878906
2023-06-20,421.1785888671875
2023-06-21,419.0205383300781
2023-06-22,420.5330810546875
2023-06-23,417.35394287109375
2023-06-26,415.6487121582031
2023-06-27,420.20556640625
2023-06-28,420.4175720214844
2023-06-29,422.07452392578125
2023-06-30,427.0552978515625
2023-07-03,427.5466003417969
2023-07-05,426.9108581542969
2023-07-06,423.56781005859375
2023-07-07,422.49847412109375
2023-07-10,423.56781005859375
2023-07-11,426.2652893066406
2023-07-12,429.69500732421875
2023-07-13,433.1054382324219
2023-07-14,432.8357238769531
2023-07-17,434.338623046875
2023-07-18,437.56597900390625
2023-07-19,438.53900146484375
2023-07-20,435.6295471191406
2023-07-21,435.6295471191406
2023-07-24,437.57562255859375
2023-07-25,438.7702941894531
2023-07-26,438.8377380371094
2023-07-27,435.92822265625
2023-07-28,440.1961364746094
2023-07-31,441.0342102050781
2023-08-01,439.7721862792969
2023-08-02,433.65460205078125
2023-08-03,432.41180419921875
2023-08-04,430.45611572265625
2023-08-07,434.2134094238281
2023-08-08,432.3250732421875
2023-08-09,429.4349365234375
2023-08-10,429.5890808105469
2023-08-11,429.33856201171875
2023-08-14,431.7085266113281
2023-08-15,426.67962646484375
2023-08-16,423.5486145019531
2023-08-17,420.3211364746094
2023-08-18,420.5234680175781
2023-08-21,423.259521484375
2023-08-22,422.11309814453125
2023-08-23,426.8144836425781
2023-08-24,420.899169921875
2023-08-25,423.8664855957031
2023-08-28,426.5544128417969
2023-08-29,432.7201232910156
2023-08-30,434.50238037109375
2023-08-31,433.86651611328125
2023-09-01,434.67578125
2023-09-05,432.79718017578125
2023-09-06,429.8877258300781
2023-09-07,428.5678405761719
2023-09-08,429.21337890625
2023-09-11,432.0361328125
2023-09-12,429.6661071777344
2023-09-13,430.16717529296875
2023-09-14,433.8761901855469
2023-09-15,428.6487121582031
2023-09-18,428.9001159667969
2023-09-19,428.0106506347656
2023-09-20,424.0757751464844
2023-09-21,417.0665283203125
2023-09-22,416.1286926269531
2023-09-25,417.87860107421875
2023-09-26,411.73944091796875
2023-09-27,411.90374755859375
2023-09-28,414.2917785644531
2023-09-29,413.286376953125
2023-10-02,413.12188720703125
2023-10-03,407.5918884277344
2023-10-04,410.5599670410156
2023-10-05,410.4052734375
2023-10-06,415.2779235839844
2023-10-09,417.93658447265625
2023-10-10,420.1119079589844
2023-10-11,421.83282470703125
2023-10-12,419.2611083984375
2023-10-13,417.1728515625
2023-10-16,421.5621032714844
2023-10-17,421.5427551269531
2023-10-18,415.9256591796875
2023-10-19,412.27117919921875
2023-10-20,407.20513916015625
2023-10-23,406.4993591308594
2023-10-24,409.56414794921875
2023-10-25,403.68597412109375
2023-10-26,398.85198974609375
2023-10-27,397.0440673828125
2023-10-30,401.79107666015625
2023-10-31,404.3144226074219
2023-11-01,408.6263122558594
2023-11-02,416.4573974609375
2023-11-03,420.2569580078125
2023-11-06,421.2237548828125
2023-11-07,422.4225158691406
2023-11-08,422.7319030761719
2023-11-09,419.4351501464844
2023-11-10,425.98028564453125
2023-11-13,425.5743103027344
2023-11-14,433.8307800292969
2023-11-15,434.749267578125
2023-11-16,435.2809143066406
2023-11-17,435.82232666015625
2023-11-20,439.17718505859375
2023-11-21,438.22003173828125
2023-11-22,439.9119567871094
2023-11-24,440.1825256347656
2023-11-27,439.38983154296875
2023-11-28,439.8248291015625
2023-11-29,439.5155029296875
2023-11-30,441.24603271484375
2023-12-01,443.8564453125
2023-12-04,441.5264892578125
2023-12-05,441.4394226074219
2023-12-06,439.6605224609375
2023-12-07,443.01531982421875
2023-12-08,444.919921875
2023-12-11,446.6504821777344
2023-12-12,448.6903991699219
2023-12-13,454.8778991699219
2023-12-14,456.3377685546875
2023-12-15,455.58642578125
2023-12-18,458.1491394042969
2023-12-19,460.9350891113281
2023-12-20,454.54779052734375
2023-12-21,458.8577880859375
2023-12-22,459.77996826171875
2023-12-26,461.7213134765625
2023-12-27,462.55621337890625
2023-12-28,462.7309265136719
2023-12-29,461.3913269042969
2024-01-02,458.8091735839844
2024-01-03,455.06219482421875
2024-01-04,453.596435546875
2024-01-05,454.21771240234375
2024-01-08,460.70208740234375
2024-01-09,460.0032043457031
2024-01-10,462.60467529296875
2024-01-11,462.40087890625
2024-01-12,462.7212219238281
2024-01-16,461.0224914550781
2024-01-17,458.45977783203125
2024-01-18,462.5367431640625
2024-01-19,468.30279541015625
2024-01-22,469.29296875
2024-01-23,470.66162109375
2024-01-24,471.1761474609375
2024-01-25,473.73883056640625
2024-01-26,473.13702392578125
2024-01-29,476.8839416503906
2024-01-30,476.51507568359375
2024-01-31,468.73968505859375
2024-02-01,474.87457275390625
2024-02-02,479.87371826171875
2024-02-05,478.12646484375
2024-02-06,479.5146484375
2024-02-07,483.51397705078125
2024-02-08,483.7275695800781
2024-02-09,486.5231628417969
2024-02-12,486.30963134765625
2024-02-13,479.6116638183594
2024-02-14,483.97021484375
2024-02-15,487.3094482421875
2024-02-16,484.8826599121094
2024-02-20,482.21319580078125
2024-02-21,482.6500244140625
2024-02-22,492.638671875
2024-02-23,492.9784240722656
2024-02-26,491.1728820800781
2024-02-27,492.08538818359375
2024-02-28,491.43499755859375
2024-02-29,493.2016296386719
2024-03-01,497.8320007324219
2024-03-04,497.298095703125
2024-03-05,492.3280334472656
2024-03-06,494.82275390625
2024-03-07,499.7345886230469
2024-03-08,496.7351379394531
2024-03-11,496.3079833984375
2024-03-12,501.6470031738281
2024-03-13,500.86065673828125
2024-03-14,499.8705139160156
2024-03-15,496.43817138671875
2024-03-18,499.3885192871094
2024-03-19,502.1636657714844
2024-03-20,506.80828857421875
2024-03-21,508.4831848144531
2024-03-22,507.5191955566406
2024-03-25,506.1170349121094
2024-03-26,505.1822204589844
2024-03-27,509.4277038574219
2024-03-28,509.3303527832031
2024-04-01,508.4441833496094
2024-04-02,505.2115173339844
2024-04-03,505.7664489746094
2024-04-04,499.5929870605469
2024-04-05,504.8121643066406
2024-04-08,505.0946044921875
2024-04-09,505.67889404296875
2024-04-10,500.6154479980469
2024-04-11,504.3935241699219
2024-04-12,497.4313659667969
2024-04-15,491.199462890625
2024-04-16,490.30364990234375
2024-04-17,487.4018859863281
2024-04-18,486.39892578125
2024-04-19,482.1534729003906
2024-04-22,486.5937194824219
2024-04-23,492.367919921875
2024-04-24,492.13421630859375
2024-04-25,490.2646789550781
2024-04-26,494.9093933105469
2024-04-29,496.662109375
2024-04-30,488.7943420410156
2024-05-01,487.2071533203125
2024-05-02,491.7641906738281
2024-05-03,497.85980224609375
2024-05-06,503.0010681152344
2024-05-07,503.5561218261719
2024-05-08,503.60479736328125
2024-05-09,506.5065002441406
2024-05-10,507.1590270996094
2024-05-13,507.2270812988281
2024-05-14,509.5542907714844
2024-05-15,515.8641357421875
2024-05-16,514.802734375
2024-05-17,515.542724609375
2024-05-20,516.13671875
2024-05-21,517.402587890625
2024-05-22,515.9127807617188
2024-05-23,512.1444702148438
2024-05-24,515.5330810546875
2024-05-28,515.893310546875
2024-05-29,512.2807006835938
2024-05-30,508.8824157714844
2024-05-31,513.5173950195312
2024-06-03,513.9359741210938
2024-06-04,514.5106201171875
2024-06-05,520.6256713867188
2024-06-06,520.6158447265625
2024-06-07,519.9830322265625
2024-06-10,521.5896606445312
2024-06-11,522.845703125
2024-06-12,527.1399536132812
2024-06-13,528.2012329101562
2024-06-14,528.5226440429688
2024-06-17,532.7291259765625
2024-06-18,534.082763671875
2024-06-20,532.6317138671875
2024-06-21,531.917724609375
2024-06-24,530.1885986328125
2024-06-25,532.2302856445312
2024-06-26,532.89453125
2024-06-27,533.7347412109375
2024-06-28,531.6343383789062
2024-07-01,532.7284545898438
2024-07-02,536.3136596679688
2024-07-03,538.70703125
2024-07-05,541.8134765625
2024-07-08,542.4386596679688
2024-07-09,542.9661254882812
2024-07-10,548.3388671875
2024-07-11,543.6109008789062
2024-07-12,547.0397338867188
2024-07-15,548.5440673828125
2024-07-16,551.7969970703125
2024-07-17,544.060302734375
2024-07-18,539.8792114257812
2024-07-19,536.2941284179688
2024-07-22,541.8232421875
2024-07-23,540.973388671875
2024-07-24,528.7135009765625
2024-07-25,525.9586791992188
2024-07-26,531.8493041992188
2024-07-29,532.1619262695312
2024-07-30,529.4656982421875
2024-07-31,538.0719604492188
2024-08-01,530.4523315429688
2024-08-02,520.5762329101562
2024-08-05,505.4151611328125
2024-08-06,510.07489013671875
2024-08-07,506.6654052734375
2024-08-08,518.3782348632812
2024-08-09,520.6640625
2024-08-12,520.9376831054688
2024-08-13,529.5046997070312
2024-08-14,531.17529296875
2024-08-15,540.2796630859375
2024-08-16,541.4910278320312
2024-08-19,546.66845703125
2024-08-20,545.7794799804688
2024-08-21,547.655029296875
2024-08-22,543.3568115234375
2024-08-23,549.1301879882812
2024-08-26,547.8212280273438
2024-08-27,548.5733642578125
2024-08-28,545.3887329101562
2024-08-29,545.4376831054688
2024-08-30,550.6444091796875
2024-09-03,539.3126220703125
2024-09-04,538.2088012695312
2024-09-05,536.8998413085938
2024-09-06,527.8635864257812
2024-09-09,533.773681640625
2024-09-10,536.0987548828125
2024-09-11,541.5985107421875
2024-09-12,546.1605224609375
2024-09-13,549.012939453125
2024-09-16,549.8237915039062
2024-09-17,550.0485229492188
2024-09-18,548.4171142578125
2024-09-19,557.7755126953125
2024-09-20,556.8114013671875
2024-09-23,558.2027587890625
2024-09-24,559.7999267578125
2024-09-25,558.5652465820312
2024-09-26,560.7798461914062
2024-09-27,559.9664916992188
2024-09-30,562.21044921875
2024-10-01,557.1739501953125
2024-10-02,557.4090576171875
2024-10-03,556.3900146484375
2024-10-04,561.4461059570312
2024-10-07,556.370361328125
2024-10-08,561.6322631835938
2024-10-09,565.5225219726562
2024-10-10,564.5327758789062
2024-10-11,567.9132080078125
2024-10-14,572.557861328125
2024-10-15,568.1093139648438
2024-10-16,570.5785522460938
2024-10-17,570.62744140625
2024-10-18,572.8224487304688
2024-10-21,571.8817138671875
2024-10-22,571.5780029296875
2024-10-23,566.3552856445312
2024-10-24,567.5801391601562
2024-10-25,567.3840942382812
2024-10-28,569.1380615234375
2024-10-29,570.0591430664062
2024-10-30,568.3345947265625
2024-10-31,557.1935424804688
2024-11-01,559.5451049804688
2024-11-04,558.3399047851562
2024-11-05,565.09130859375
2024-11-06,579.1427001953125
2024-11-07,583.62060546875
2024-11-08,586.1487426757812
2024-11-11,586.7072143554688
2024-11-12,584.8847045898438
2024-11-13,585.1688842773438
2024-11-14,581.406005859375
2024-11-15,573.9590454101562
2024-11-18,576.310791015625
2024-11-19,578.41748046875
2024-11-20,578.6134643554688
2024-11-21,581.7196044921875
2024-11-22,583.522705078125
2024-11-25,585.501953125
2024-11-26,588.5591430664062
2024-11-27,586.7757568359375
2024-11-29,590.4209594726562
2024-12-02,591.4791870117188
2024-12-03,591.7534790039062
2024-12-04,595.4280395507812
2024-12-05,594.4481811523438
2024-12-06,595.5750122070312
2024-12-09,592.5079956054688
2024-12-10,590.6658935546875
2024-12-11,595.2320556640625
2024-12-12,592.1650390625
2024-12-13,592.0475463867188
2024-12-16,594.5756225585938
2024-12-17,592.1258544921875
2024-12-18,574.4784545898438
2024-12-19,574.302001953125
2024-12-20,581.199951171875
2024-12-23,584.6803588867188
2024-12-24,591.1790771484375
2024-12-26,591.2184448242188
2024-12-27,584.9949340820312
2024-12-30,578.3192138671875
2024-12-31,576.21533203125
2025-01-02,574.7994995117188
2025-01-03,581.9865112304688
2025-01-06,585.3390502929688
2025-01-07,578.7223510742188
2025-01-08,579.56787109375
2025-01-10,570.7192993164062
2025-01-13,571.604248046875
2025-01-14,572.3906860351562
2025-01-15,582.8024291992188
2025-01-16,581.6817626953125
2025-01-17,587.521728515625
2025-01-21,592.8995361328125
2025-01-22,596.2326049804688
2025-01-23,599.4868774414062
2025-01-24,597.7366943359375
2025-01-27,589.2816772460938
2025-01-28,594.3449096679688
2025-01-29,591.6805419921875
2025-01-30,594.856201171875
2025-01-31,591.6903686523438
2025-02-03,587.70849609375
2025-02-04,591.6509399414062
2025-02-05,594.0499267578125
2025-02-06,596.1146240234375
2025-02-07,590.6580810546875
2025-02-10,594.6693725585938
2025-02-11,595.1216430664062
2025-02-12,593.204345703125
2025-02-13,599.4671630859375
2025-02-14,599.4376831054688
2025-02-18,601.197509765625
2025-02-19,602.6133422851562
2025-02-20,600.1062622070312
2025-02-21,589.842041015625
2025-02-24,587.1580200195312
2025-02-25,584.2379150390625
2025-02-26,584.5328369140625
2025-02-27,575.2025146484375
2025-02-28,584.178955078125
2025-03-03,573.9441528320312
2025-03-04,567.1504516601562
2025-03-05,573.2461547851562
2025-03-06,563.0703125
2025-03-07,566.2261962890625
2025-03-10,551.14453125
2025-03-11,546.5628662109375
2025-03-12,549.4633178710938
2025-03-13,542.138671875
2025-03-14,553.3369140625
2025-03-17,557.6039428710938
2025-03-18,551.5770263671875
2025-03-19,557.5842895507812
2025-03-20,555.9718627929688
2025-03-21,556.1552734375
2025-03-24,566.1151733398438
2025-03-25,567.4759521484375
2025-03-26,560.7013549804688
2025-03-27,559.2122802734375
2025-03-28,547.9507446289062
2025-03-31,551.6289672851562
2025-04-01,553.1870727539062
2025-04-02,556.6878662109375
2025-04-03,529.2538452148438
2025-04-04,498.2696838378906
2025-04-07,497.3821716308594
2025-04-08,489.5918273925781
2025-04-09,541.0084228515625
2025-04-10,517.3018798828125
2025-04-11,526.5320434570312
2025-04-14,531.6401977539062
2025-04-15,530.151123046875
2025-04-16,518.3668823242188
2025-04-17,519.1065063476562
2025-04-21,506.7503662109375
2025-04-22,519.9348754882812
2025-04-23,527.991455078125
2025-04-24,539.105224609375
2025-04-25,543.0003662109375
2025-04-28,543.20751953125
2025-04-29,546.6292724609375
2025-04-30,546.84619140625
2025-05-01,550.7217407226562
2025-05-02,558.896728515625
2025-05-05,555.6917724609375
2025-05-06,551.0471801757812
2025-05-07,553.3645629882812
2025-05-08,557.2203369140625
2025-05-09,556.51025390625
2025-05-12,574.9015502929688
2025-05-13,578.6981201171875
2025-05-14,579.4376831054688
2025-05-15,582.2678833007812
2025-05-16,585.9559326171875
2025-05-19,586.596923828125
2025-05-20,584.624755859375
2025-05-21,574.7733154296875
2025-05-22,575.0001831054688
2025-05-23,571.0752563476562
2025-05-27,582.9483642578125
2025-05-28,579.5758056640625
2025-05-29,581.863525390625
2025-05-30,581.2128295898438
2025-06-02,584.4866943359375
2025-06-03,587.8197631835938
2025-06-04,587.6619873046875
2025-06-05,584.8219604492188
2025-06-06,590.8274536132812
2025-06-09,591.3599243164062
2025-06-10,594.7128295898438
2025-06-11,593.0166625976562
2025-06-12,595.3734741210938
2025-06-13,588.7171020507812
2025-06-16,594.318359375
2025-06-17,589.2398681640625
2025-06-18,589.1510620117188
2025-06-20,587.7674560546875
2025-06-23,593.5730590820312
2025-06-24,600.13037109375
2025-06-25,600.4666748046875
2025-06-26,605.1646118164062
2025-06-27,608.1712646484375
2025-06-30,611.0790405273438
2025-07-01,610.8812866210938
2025-07-02,613.650634765625
2025-07-03,618.487060546875
2025-07-07,613.8779907226562
2025-07-08,613.5418090820312
2025-07-09,617.2210083007812
2025-07-10,618.961669921875
2025-07-11,616.785888671875
2025-07-14,617.9627685546875
2025-07-15,615.3220825195312
2025-07-16,617.3792114257812
2025-07-17,621.1574096679688
2025-07-18,620.7024536132812
2025-07-21,621.87939453125
2025-07-22,621.9683837890625
2025-07-23,627.259765625
2025-07-24,627.4674682617188
2025-07-25,630.1181030273438
2025-07-28,629.9598999023438
2025-07-29,628.2982788085938
2025-07-30,627.507080078125
2025-07-31,625.1531372070312
2025-08-01,614.9065551757812
2025-08-04,624.2531127929688
2025-08-05,621.088134765625
2025-08-06,625.845458984375
2025-08-07,625.3212890625
2025-08-08,630.1972045898438
2025-08-11,628.9510498046875
2025-08-12,635.6468505859375
2025-08-13,637.82275390625
2025-08-14,637.882080078125
2025-08-15,636.3886108398438
2025-08-18,636.2501831054688
2025-08-19,632.7984008789062
2025-08-20,631.1170043945312
2025-08-21,628.5851440429688
2025-08-22,638.2382202148438
2025-08-25,635.4292602539062
2025-08-26,638.0897827148438
2025-08-27,639.5436401367188
2025-08-28,641.8085327148438
2025-08-29,637.98095703125
2025-09-02,633.25341796875
2025-09-03,636.685302734375
2025-09-04,642.0064086914062
2025-09-05,640.14697265625
2025-09-08,641.7196044921875
2025-09-09,643.203125
2025-09-10,645.0625
2025-09-11,650.4231567382812
2025-09-12,650.2054443359375
2025-09-15,653.6671142578125
2025-09-16,652.7671508789062
2025-09-17,651.9561767578125
2025-09-18,655.0023193359375
2025-09-19,658.2465209960938
2025-09-22,661.3607177734375
2025-09-23,657.7606201171875
2025-09-24,655.6678466796875
2025-09-25,652.6429443359375
2025-09-26,656.3820190429688
2025-09-29,658.2266845703125
2025-09-30,660.7061157226562
2025-10-01,662.95751953125
2025-10-02,663.7210693359375
2025-10-03,663.7112426757812
2025-10-06,666.0914916992188
2025-10-07,663.6219482421875
2025-10-08,667.5791625976562
2025-10-09,665.6452026367188
2025-10-10,647.6542358398438
2025-10-13,657.5919189453125
2025-10-14,656.78857421875
2025-10-15,659.7044677734375
2025-10-16,655.211669921875
2025-10-17,658.9308471679688
2025-10-20,665.7840576171875
2025-10-21,665.7740478515625
2025-10-22,662.3128051757812
2025-10-23,666.2402954101562
2025-10-24,671.6851806640625
2025-10-27,679.6094970703125
2025-10-28,681.41455078125
2025-10-29,681.7418212890625
2025-10-30,674.2439575195312
2025-10-31,676.4556274414062
2025-11-03,677.7251586914062
2025-11-04,669.6917114257812
2025-11-05,672.012451171875
2025-11-06,664.8021850585938
2025-11-07,665.4567260742188
2025-11-10,675.8407592773438
2025-11-11,677.3878784179688
2025-11-12,677.7647705078125
2025-11-13,666.5179443359375
2025-11-14,666.408935546875
2025-11-17,660.2003173828125
2025-11-18,654.6563110351562
2025-11-19,657.1853637695312
2025-11-20,647.1683349609375
2025-11-21,653.6149291992188
2025-11-24,663.235107421875
2025-11-25,669.4734497070312
2025-11-26,674.09521484375
2025-11-28,677.7747192382812
2025-12-01,674.6803588867188
2025-12-02,675.9300537109375
2025-12-03,678.2706298828125
2025-12-04,678.7664794921875
2025-12-05,680.0557861328125
2025-12-08,678.0127563476562
2025-12-09,677.427490234375
2025-12-10,681.92041015625
2025-12-11,683.5072021484375
2025-12-12,676.1580810546875
2025-12-15,675.1365356445312
2025-12-16,673.2918701171875
2025-12-17,665.8832397460938
2025-12-18,670.9114990234375
2025-12-19,676.9923095703125
2025-12-22,681.2098999023438
2025-12-23,684.3233032226562
2025-12-24,686.7305297851562
2025-12-26,686.660888671875
2025-12-29,684.2138671875
2025-12-30,683.3783569335938
2025-12-31,678.3152465820312
2026-01-02,679.55859375
2026-01-05,684.0845336914062
2026-01-06,688.1529541015625
2026-01-07,685.9347534179688
2026-01-08,685.8651123046875
2026-01-09,690.4010009765625
2026-01-12,691.4852294921875
2026-01-13,690.1026000976562
2026-01-14,686.7106323242188
2026-01-15,688.5806884765625
2026-01-16,688.0037231445312
2026-01-20,673.9981689453125
2026-01-21,681.77685546875
2026-01-22,685.3379516601562
2026-01-23,685.5865478515625
2026-01-26,689.0680541992188
2026-01-27,691.8134765625
2026-01-28,691.7438354492188
2026-01-29,690.3711547851562
2026-01-30,688.3120727539062
2026-02-02,691.7339477539062
2026-02-03,685.885009765625
2026-02-04,682.5626831054688
2026-02-05,674.0379638671875
2026-02-06,686.96923828125
2026-02-09,690.2816772460938
2026-02-10,688.4613037109375
2026-02-11,688.3021850585938
2026-02-12,677.668701171875
2026-02-13,678.1461181640625
2026-02-17,679.2402954101562
2026-02-18,682.662109375
2026-02-19,680.8616333007812
2026-02-20,685.7855834960938
2026-02-23,678.7827758789062
2026-02-24,683.7164916992188
2026-02-25,689.4859008789062
2026-02-26,685.6561889648438
2026-02-27,682.3637084960938
2026-03-02,682.751708984375
2026-03-03,676.7337036132812
2026-03-04,681.5082397460938
2026-03-05,677.70849609375
2026-03-06,668.82568359375
2026-03-09,674.6845703125
2026-03-10,673.6002807617188
2026-03-11,672.7548217773438
2026-03-12,662.5390625
2026-03-13,658.7890014648438
2026-03-16,665.493408203125
2026-03-17,667.2440185546875
2026-03-18,657.9335327148438
2026-03-19,656.3121948242188
2026-03-20,646.9034423828125
2026-03-23,653.6959228515625
2026-03-24,651.5015869140625
2026-03-25,655.1322021484375
2026-03-26,643.432373046875
2026-03-27,632.4606323242188
2026-03-30,630.3460693359375
2026-03-31,648.6688842773438
2026-04-01,653.5562744140625
2026-04-02,654.144775390625
2026-04-06,657.23681640625
2026-04-07,657.5260009765625
2026-04-08,674.27294921875
2026-04-09,678.162841796875
2026-04-10,677.7140502929688
2026-04-13,684.3369750976562
2026-04-14,692.675537109375
2026-04-15,698.1414184570312
2026-04-16,699.8569946289062
2026-04-17,708.3152465820312
2026-04-20,706.8988037109375
2026-04-21,702.2708129882812
2026-04-22,709.3825073242188
2026-04-23,706.6295776367188
2026-04-24,712.10546875
2026-04-27,713.332275390625
2026-04-28,709.8612060546875
2026-04-29,709.7515258789062
2026-04-30,716.8132934570312
2026-05-01,718.7982177734375
2026-05-04,716.1649780273438
2026-05-05,721.9102172851562
2026-05-06,731.9443359375
2026-05-07,729.7001342773438
2026-05-08,735.724609375
2026-05-11,737.4002685546875
2026-05-12,736.2831420898438
2026-05-13,740.4025268554688
2026-05-14,746.2474975585938
2026-05-15,737.2706298828125
2026-05-18,736.751953125
2026-05-19,731.8446044921875
2026-05-20,739.3452758789062
2026-05-21,740.8114624023438
2026-05-22,743.7239990234375
2026-05-26,748.6613159179688
2026-05-27,748.5316162109375
2026-05-28,752.6609497070312
2026-05-29,754.5361328125
2026-06-01,756.5908203125
2026-06-02,757.6182250976562
2026-06-03,752.3018798828125
2026-06-04,755.1445922851562
2026-06-05,735.65478515625
2026-06-08,737.3204345703125
2026-06-09,735.1560668945312
2026-06-10,723.56591796875
2026-06-11,735.8642578125
2026-06-12,739.843994140625
2026-06-15,752.890380859375
2026-06-16,748.4019775390625
2026-06-17,739.0560302734375
2026-06-18,746.739990234375
2026-06-22,744.3900146484375
2026-06-23,733.5800170898438
2026-06-24,733.239990234375
2026-06-25,734.2999877929688
2026-06-26,728.989990234375
2026-06-29,741.0
2026-06-30,746.77001953125
2026-07-01,745.760009765625
2026-07-02,744.780029296875
2026-07-06,751.280029296875
2026-07-07,747.7100219726562
2026-07-08,745.4000244140625
2026-07-09,751.7100219726562
2026-07-10,754.9500122070312
2026-07-13,749.1699829101562
2026-07-14,751.8300170898438
2026-07-15,754.8099975585938
2026-07-16,750.719970703125
2026-07-17,743.2899780273438
2026-07-20,742.0900268554688
2026-07-21,748.280029296875
2026-07-22,747.4099731445312
2026-07-23,738.1799926757812
2026-07-24,738.9299926757812
2026-07-27,739.0900268554688
2026-07-28,740.8599853515625
2026-07-29,729.4600219726562
2026-07-30,741.6900024414062
2026-07-31,747.030029296875
2026-08-03,757.6699829101562
2026-08-04,771.3300170898438
2026-08-05,769.7899780273438
2026-08-06,768.5599975585938
2026-08-07,773.260009765625
2026-08-10,773.030029296875
2026-08-11,770.5599975585938
2026-08-12,772.489990234375
2026-08-13,777.8800048828125
2026-08-14,776.3400268554688
2026-08-17,772.6699829101562
2026-08-18,767.4500122070312
2026-08-19,769.0599975585938
2026-08-20,762.5999755859375
2026-08-21,765.719970703125
