Date,Close
2010-01-04,12.878360748291016
2010-01-05,12.750123977661133
2010-01-06,12.7216215133667
2010-01-07,12.728750228881836
2010-01-08,12.664627075195312
2010-01-11,12.873607635498047
2010-01-12,12.997099876403809
2010-01-13,13.063586235046387
2010-01-14,12.873607635498047
2010-01-15,12.747747421264648
2010-01-19,12.830862045288086
2010-01-20,12.790495872497559
2010-01-21,12.567256927490234
2010-01-22,12.572012901306152
2010-01-25,12.557765007019043
2010-01-26,12.731122970581055
2010-01-27,12.681254386901855
2010-01-28,12.493648529052734
2010-01-29,12.688375473022461
2010-02-01,12.700250625610352
2010-02-02,12.702628135681152
2010-02-03,12.887859344482422
2010-02-04,12.579136848449707
2010-02-05,12.69312858581543
2010-02-08,12.569637298583984
2010-02-09,12.645631790161133
2010-02-10,12.643256187438965
2010-02-11,12.60525894165039
2010-02-12,12.562512397766113
2010-02-16,12.719249725341797
2010-02-17,12.837995529174805
2010-02-18,12.697876930236816
2010-02-19,12.702628135681152
2010-02-22,12.783364295959473
2010-02-23,12.733498573303223
2010-02-24,12.804738998413086
2010-02-25,12.859356880187988
2010-02-26,12.840361595153809
2010-03-01,12.799993515014648
2010-03-02,12.726373672485352
2010-03-03,12.742995262145996
2010-03-04,12.814240455627441
2010-03-05,12.856986045837402
2010-03-08,12.859356880187988
2010-03-09,12.837995529174805
2010-03-10,12.80765151977539
2010-03-11,12.888859748840332
2010-03-12,12.872140884399414
2010-03-15,13.235137939453125
2010-03-16,13.371260643005371
2010-03-17,13.354545593261719
2010-03-18,13.359321594238281
2010-03-19,13.216028213500977
2010-03-22,13.2829008102417
2010-03-23,13.347378730773926
2010-03-24,13.273348808288574
2010-03-25,13.280511856079102
2010-03-26,13.256630897521973
2010-03-29,13.311556816101074
2010-03-30,13.352152824401855
2010-03-31,13.278127670288086
2010-04-01,13.251853942871094
2010-04-05,13.251853942871094
2010-04-06,13.261404037475586
2010-04-07,13.201704025268555
2010-04-08,13.225582122802734
2010-04-09,13.151552200317383
2010-04-12,13.139605522155762
2010-04-13,13.067963600158691
2010-04-14,13.048855781555176
2010-04-15,12.927063941955566
2010-04-16,12.922290802001953
2010-04-19,12.989155769348145
2010-04-20,13.0201997756958
2010-04-21,13.008262634277344
2010-04-22,13.013038635253906
2010-04-23,13.022591590881348
2010-04-26,12.905570983886719
2010-04-27,12.905570983886719
2010-04-28,12.802881240844727
2010-04-29,12.824374198913574
2010-04-30,12.810047149658203
2010-05-03,12.833927154541016
2010-05-04,12.900794982910156
2010-05-05,13.079899787902832
2010-05-06,12.71213436126709
2010-05-07,12.513915061950684
2010-05-10,12.556902885437012
2010-05-11,12.528241157531738
2010-05-12,12.605829238891602
2010-05-13,12.5866117477417
2010-05-14,12.519352912902832
2010-05-17,12.665875434875488
2010-05-18,12.90128231048584
2010-05-19,12.740342140197754
2010-05-20,12.322388648986816
2010-05-21,12.339200973510742
2010-05-24,12.250327110290527
2010-05-25,12.077381134033203
2010-05-26,12.014927864074707
2010-05-27,12.178268432617188
2010-05-28,12.144638061523438
2010-06-01,12.231111526489258
2010-06-02,12.423274993896484
2010-06-03,12.423274993896484
2010-06-04,12.106207847595215
2010-06-07,12.18787670135498
2010-06-08,12.197481155395508
2010-06-09,12.247929573059082
2010-06-10,12.303169250488281
2010-06-11,12.216700553894043
2010-06-14,12.307978630065918
2010-06-15,12.404058456420898
2010-06-16,12.245525360107422
2010-06-17,12.348811149597168
2010-06-18,12.382441520690918
2010-06-21,12.255131721496582
2010-06-22,12.1734619140625
2010-06-23,12.204690933227539
2010-06-24,12.017334938049316
2010-06-25,11.721883773803711
2010-06-28,11.906844139099121
2010-06-29,11.745901107788086
2010-06-30,11.546533584594727
2010-07-01,11.611390113830566
2010-07-02,11.529722213745117
2010-07-06,11.66663646697998
2010-07-07,11.750706672668457
2010-07-08,11.81316089630127
2010-07-09,11.873209953308105
2010-07-12,12.03895378112793
2010-07-13,12.139836311340332
2010-07-14,12.094195365905762
2010-07-15,12.108609199523926
2010-07-16,11.930859565734863
2010-07-19,11.894828796386719
2010-07-20,12.221504211425781
2010-07-21,12.094195365905762
2010-07-22,12.216700553894043
2010-07-23,12.411263465881348
2010-07-26,12.2815523147583
2010-07-27,12.24072265625
2010-07-28,12.2815523147583
2010-07-29,12.264739990234375
2010-07-30,12.295964241027832
2010-08-02,12.348811149597168
2010-08-03,12.319991111755371
2010-08-04,12.394449234008789
2010-08-05,12.39925479888916
2010-08-06,12.44009017944336
2010-08-09,12.50494384765625
2010-08-10,12.543375968933105
2010-08-11,12.326655387878418
2010-08-12,12.184110641479492
2010-08-13,12.176861763000488
2010-08-16,12.179277420043945
2010-08-17,12.326655387878418
2010-08-18,12.287999153137207
2010-08-19,12.09471607208252
2010-08-20,12.133373260498047
2010-08-23,12.355649948120117
2010-08-24,12.394306182861328
2010-08-25,12.454708099365234
2010-08-26,12.314579010009766
2010-08-27,12.321823120117188
2010-08-30,12.213101387023926
2010-08-31,12.114044189453125
2010-09-01,12.370150566101074
2010-09-02,12.505438804626465
2010-09-03,12.573101043701172
2010-09-07,12.529605865478516
2010-09-08,12.522356033325195
2010-09-09,12.541685104370117
2010-09-10,12.556180953979492
2010-09-13,12.614166259765625
2010-09-14,12.722896575927734
2010-09-15,12.771209716796875
2010-09-16,12.841276168823242
2010-09-17,12.807449340820312
2010-09-20,12.935503959655762
2010-09-21,12.942745208740234
2010-09-22,13.003151893615723
2010-09-23,12.962076187133789
2010-09-24,13.065969467163086
2010-09-27,12.921004295349121
2010-09-28,13.003151893615723
2010-09-29,12.889599800109863
2010-09-30,12.930671691894531
2010-10-01,12.892014503479004
2010-10-04,12.942745208740234
2010-10-05,13.046631813049316
2010-10-06,13.181938171386719
2010-10-07,13.133613586425781
2010-10-08,13.145694732666016
2010-10-11,13.194012641906738
2010-10-12,13.027312278747559
2010-10-13,13.003151893615723
2010-10-14,12.865436553955078
2010-10-15,12.889599800109863
2010-10-18,12.988656044006348
2010-10-19,12.882347106933594
2010-10-20,12.918588638305664
2010-10-21,13.053884506225586
2010-10-22,13.061141967773438
2010-10-25,13.03455924987793
2010-10-26,13.181938171386719
2010-10-27,13.015233993530273
2010-10-28,13.065969467163086
2010-10-29,13.0877103805542
2010-11-01,13.121535301208496
2010-11-02,13.237502098083496
2010-11-03,13.266499519348145
2010-11-04,13.375223159790039
2010-11-05,13.336563110351562
2010-11-08,13.266499519348145
2010-11-09,13.30031967163086
2010-11-10,13.169858932495117
2010-11-11,13.128786087036133
2010-11-12,13.078045845031738
2010-11-15,13.03455924987793
2010-11-16,13.109455108642578
2010-11-17,12.991071701049805
2010-11-18,13.041802406311035
2010-11-19,13.140862464904785
2010-11-22,13.138448715209961
2010-11-23,12.966910362243652
2010-11-24,13.049057960510254
2010-11-26,12.983820915222168
2010-11-29,13.010400772094727
2010-11-30,13.068387031555176
2010-12-01,13.215763092041016
2010-12-02,13.2278470993042
2010-12-03,13.196432113647461
2010-12-06,13.165023803710938
2010-12-07,13.309989929199219
2010-12-08,13.237834930419922
2010-12-09,13.201395988464355
2010-12-10,13.186814308166504
2010-12-13,13.169811248779297
2010-12-14,13.22811508178711
2010-12-15,13.174674034118652
2010-12-16,13.271842956542969
2010-12-17,13.218399047851562
2010-12-20,13.062919616699219
2010-12-21,13.033764839172363
2010-12-22,12.951165199279785
2010-12-23,13.021618843078613
2010-12-27,13.014328002929688
2010-12-28,13.055628776550293
2010-12-29,13.13823127746582
2010-12-30,13.135799407958984
2010-12-31,13.101788520812988
2011-01-03,13.254839897155762
2011-01-04,13.3058500289917
2011-01-05,13.218399047851562
2011-01-06,13.109078407287598
2011-01-07,13.13823127746582
2011-01-10,13.053197860717773
2011-01-11,13.189247131347656
2011-01-12,13.32529067993164
2011-01-13,13.310711860656738
2011-01-14,13.315573692321777
2011-01-18,13.395745277404785
2011-01-19,13.369020462036133
2011-01-20,13.602246284484863
2011-01-21,13.539081573486328
2011-01-24,13.616819381713867
2011-01-25,13.910778999328613
2011-01-26,13.925357818603516
2011-01-27,13.986090660095215
2011-01-28,13.774734497070312
2011-01-31,13.621679306030273
2011-02-01,13.684845924377441
2011-02-02,13.570663452148438
2011-02-03,13.58523941040039
2011-02-04,13.611961364746094
2011-02-07,13.621679306030273
2011-02-08,13.696990013122559
2011-02-09,13.782017707824707
2011-02-10,13.5050687789917
2011-02-11,13.529362678527832
2011-02-14,13.313143730163574
2011-02-15,13.349588394165039
2011-02-16,13.252409934997559
2011-02-17,13.301003456115723
2011-02-18,13.454048156738281
2011-02-22,13.038625717163086
2011-02-23,12.883140563964844
2011-02-24,12.65477466583252
2011-02-25,12.572176933288574
2011-02-28,12.628055572509766
2011-03-01,12.64991569519043
2011-03-02,12.625621795654297
2011-03-03,12.63534164428711
2011-03-04,12.64991569519043
2011-03-07,12.637768745422363
2011-03-08,12.739803314208984
2011-03-09,12.885366439819336
2011-03-10,12.880474090576172
2011-03-11,12.865793228149414
2011-03-14,12.799744606018066
2011-03-15,12.736136436462402
2011-03-16,12.56977653503418
2011-03-17,12.567331314086914
2011-03-18,12.604029655456543
2011-03-21,12.701885223388672
2011-03-22,12.721456527709961
2011-03-23,12.633383750915527
2011-03-24,12.865793228149414
2011-03-25,12.807082176208496
2011-03-28,12.767942428588867
2011-03-29,12.785064697265625
2011-03-30,12.809528350830078
2011-03-31,12.733691215515137
2011-04-01,12.753260612487793
2011-04-04,12.880474090576172
2011-04-05,12.902496337890625
2011-04-06,12.96120834350586
2011-04-07,12.966103553771973
2011-04-08,12.853561401367188
2011-04-11,12.92206859588623
2011-04-12,13.093317985534668
2011-04-13,13.120223999023438
2011-04-14,13.088418006896973
2011-04-15,13.100654602050781
2011-04-18,13.041943550109863
2011-04-19,13.051726341247559
2011-04-20,13.134904861450195
2011-04-21,13.107991218566895
2011-04-25,13.056617736816406
2011-04-26,13.188721656799316
2011-04-27,13.313492774963379
2011-04-28,13.379544258117676
2011-04-29,13.450496673583984
2011-05-02,13.46517276763916
2011-05-03,13.567920684814453
2011-05-04,13.54590892791748
2011-05-05,13.472512245178223
2011-05-06,13.460274696350098
2011-05-09,13.479857444763184
2011-05-10,13.585044860839844
2011-05-11,13.586277961730957
2011-05-12,13.721719741821289
2011-05-13,13.721719741821289
2011-05-16,13.805447578430176
2011-05-17,13.677397727966309
2011-05-18,13.588746070861816
2011-05-19,13.662620544433594
2011-05-20,13.615832328796387
2011-05-23,13.59859561920166
2011-05-24,13.49023723602295
2011-05-25,13.43606185913086
2011-05-26,13.450836181640625
2011-05-27,13.470536231994629
2011-05-31,13.59859561920166
2011-06-01,13.372035026550293
2011-06-02,13.187332153320312
2011-06-03,13.214423179626465
2011-06-06,13.239053726196289
2011-06-07,13.25628662109375
2011-06-08,13.22181510925293
2011-06-09,13.204573631286621
2011-06-10,12.982938766479492
2011-06-13,12.95831298828125
2011-06-14,13.029728889465332
2011-06-15,12.88443374633789
2011-06-16,13.010026931762695
2011-06-17,13.007564544677734
2011-06-20,13.061741828918457
2011-06-21,13.12330436706543
2011-06-22,13.054352760314941
2011-06-23,13.12330436706543
2011-06-24,12.906594276428223
2011-06-27,12.877047538757324
2011-06-28,12.936147689819336
2011-06-29,12.963234901428223
2011-06-30,13.086369514465332
2011-07-01,13.177482604980469
2011-07-05,13.147931098937988
2011-07-06,13.229196548461914
2011-07-07,13.418825149536133
2011-07-08,13.31785774230957
2011-07-11,13.26613998413086
2011-07-12,13.28337574005127
2011-07-13,13.303078651428223
2011-07-14,13.207033157348633
2011-07-15,13.207033157348633
2011-07-18,13.130696296691895
2011-07-19,13.29076862335205
2011-07-20,13.271069526672363
2011-07-21,13.413895606994629
2011-07-22,13.426203727722168
2011-07-25,13.29076862335205
2011-07-26,13.197187423706055
2011-07-27,13.113459587097168
2011-07-28,13.049430847167969
2011-07-29,12.980474472045898
2011-08-01,12.95831298828125
2011-08-02,12.726824760437012
2011-08-03,12.62831974029541
2011-08-04,12.337729454040527
2011-08-05,12.52242660522461
2011-08-08,12.047141075134277
2011-08-09,12.515039443969727
2011-08-10,12.007791519165039
2011-08-11,12.335208892822266
2011-08-12,12.340168952941895
2011-08-15,12.39721965789795
2011-08-16,12.878422737121582
2011-08-17,12.786646842956543
2011-08-18,12.84618091583252
2011-08-19,12.972681045532227
2011-08-22,12.945394515991211
2011-08-23,13.19840145111084
2011-08-24,13.238083839416504
2011-08-25,13.07189655303955
2011-08-26,13.121505737304688
2011-08-29,13.193442344665527
2011-08-30,13.101665496826172
2011-08-31,13.193442344665527
2011-09-01,13.059494972229004
2011-09-02,12.905704498291016
2011-09-06,12.818892478942871
2011-09-07,13.002445220947266
2011-09-08,12.950356483459473
2011-09-09,12.739521980285645
2011-09-12,12.853620529174805
2011-09-13,12.796566009521484
2011-09-14,12.947875022888184
2011-09-15,13.024770736694336
2011-09-16,13.059494972229004
2011-09-19,13.00988483428955
2011-09-20,12.970197677612305
2011-09-21,12.729598045349121
2011-09-22,12.471633911132812
2011-09-23,12.600614547729492
2011-09-26,12.856099128723145
2011-09-27,12.905704498291016
2011-09-28,12.727115631103516
2011-09-29,12.880902290344238
2011-09-30,12.87346363067627
2011-10-03,12.888345718383789
2011-10-04,13.116544723510742
2011-10-05,13.059494972229004
2011-10-06,13.084301948547363
2011-10-07,13.31994342803955
2011-10-10,13.595272064208984
2011-10-11,13.572941780090332
2011-10-12,13.69200611114502
2011-10-13,13.647356033325195
2011-10-14,13.756501197814941
2011-10-17,13.587828636169434
2011-10-18,13.863155364990234
2011-10-19,13.952452659606934
2011-10-20,13.982220649719238
2011-10-21,14.118639945983887
2011-10-24,14.08391284942627
2011-10-25,14.066554069519043
2011-10-26,14.230259895324707
2011-10-27,14.339396476745605
2011-10-28,14.175691604614258
2011-10-31,14.069032669067383
2011-11-01,13.947493553161621
2011-11-02,14.103753089904785
2011-11-03,14.242658615112305
2011-11-04,14.26251220703125
2011-11-07,14.371646881103516
2011-11-08,14.713946342468262
2011-11-09,14.398929595947266
2011-11-10,14.41877555847168
2011-11-11,14.684179306030273
2011-11-14,14.607282638549805
2011-11-15,14.252581596374512
2011-11-16,14.059107780456543
2011-11-17,14.071511268615723
2011-11-18,14.19553279876709
2011-11-21,14.054152488708496
2011-11-22,14.10128116607666
2011-11-23,14.04919147491455
2011-11-25,14.11120891571045
2011-11-28,14.200492858886719
2011-11-29,14.428695678710938
2011-11-30,14.60976791381836
2011-12-01,14.537837028503418
2011-12-02,14.408854484558105
2011-12-05,14.470866203308105
2011-12-06,14.580000877380371
2011-12-07,14.603715896606445
2011-12-08,14.471431732177734
2011-12-09,14.55628776550293
2011-12-12,14.49888801574707
2011-12-13,14.3765869140625
2011-12-14,14.389060974121094
2011-12-15,14.463943481445312
2011-12-16,14.543814659118652
2011-12-19,14.421500205993652
2011-12-20,14.773438453674316
2011-12-21,14.823351860046387
2011-12-22,14.773438453674316
2011-12-23,14.973116874694824
2011-12-27,14.933184623718262
2011-12-28,14.908211708068848
2011-12-29,14.973116874694824
2011-12-30,14.915712356567383
2012-01-03,15.057968139648438
2012-01-04,14.903227806091309
2012-01-05,14.830850601196289
2012-01-06,14.726017951965332
2012-01-09,14.770949363708496
2012-01-10,14.73599624633789
2012-01-11,14.82585334777832
2012-01-12,14.850810050964355
2012-01-13,14.860795974731445
2012-01-17,14.93817138671875
2012-01-18,14.97810173034668
2012-01-19,15.127863883972168
2012-01-20,15.22769832611084
2012-01-23,15.202741622924805
2012-01-24,15.322545051574707
2012-01-25,15.342506408691406
2012-01-26,15.217710494995117
2012-01-27,15.152819633483887
2012-01-30,15.30007553100586
2012-01-31,15.31505012512207
2012-02-01,15.519720077514648
2012-02-02,15.459820747375488
2012-02-03,15.482281684875488
2012-02-06,15.444851875305176
2012-02-07,15.39742660522461
2012-02-08,15.379948616027832
2012-02-09,15.464816093444824
2012-02-10,15.449837684631348
2012-02-13,15.422384262084961
2012-02-14,15.529707908630371
2012-02-15,15.414891242980957
2012-02-16,15.48477840423584
2012-02-17,15.594602584838867
2012-02-21,14.993081092834473
2012-02-22,14.626178741455078
2012-02-23,14.611201286315918
2012-02-24,14.673602104187012
2012-02-27,14.591236114501953
2012-02-28,14.708540916442871
2012-02-29,14.745983123779297
2012-03-01,14.6810884475708
2012-03-02,14.72851276397705
2012-03-05,14.82585334777832
2012-03-06,14.718528747558594
2012-03-07,14.940670013427734
2012-03-08,15.018050193786621
2012-03-09,15.09595012664795
2012-03-12,15.246706008911133
2012-03-13,15.327108383178711
2012-03-14,15.347211837768555
2012-03-15,15.384899139404297
2012-03-16,15.286909103393555
2012-03-19,15.261780738830566
2012-03-20,15.226598739624023
2012-03-21,15.216553688049316
2012-03-22,15.23917007446289
2012-03-23,15.26429271697998
2012-03-26,15.377359390258789
2012-03-27,15.349727630615234
2012-03-28,15.37485122680664
2012-03-29,15.281877517700195
2012-03-30,15.377359390258789
2012-04-02,15.417560577392578
2012-04-03,15.23917007446289
2012-04-04,15.141165733337402
2012-04-05,15.244194030761719
2012-04-09,15.108508110046387
2012-04-10,15.058253288269043
2012-04-11,15.025590896606445
2012-04-12,15.111017227172852
2012-04-13,15.018050193786621
2012-04-16,15.221579551696777
2012-04-17,15.545709609985352
2012-04-18,15.593449592590332
2012-04-19,15.515560150146484
2012-04-20,15.691437721252441
2012-04-23,14.960262298583984
2012-04-24,14.515520095825195
2012-04-25,14.41250228881836
2012-04-26,14.812017440795898
2012-04-27,14.832114219665527
2012-04-30,14.80196762084961
2012-05-01,14.84217357635498
2012-05-02,14.827094078063965
2012-05-03,14.822067260742188
2012-05-04,14.749201774597168
2012-05-07,14.872322082519531
2012-05-08,14.837146759033203
2012-05-09,14.932757377624512
2012-05-10,14.973237991333008
2012-05-11,15.0314302444458
2012-05-14,14.942893028259277
2012-05-15,15.01372241973877
2012-05-16,14.973237991333008
2012-05-17,15.603133201599121
2012-05-18,15.792865753173828
2012-05-21,15.947173118591309
2012-05-22,16.121728897094727
2012-05-23,16.336742401123047
2012-05-24,16.460691452026367
2012-05-25,16.52141571044922
2012-05-29,16.615009307861328
2012-05-30,16.554296493530273
2012-05-31,16.650426864624023
2012-06-01,16.582120895385742
2012-06-04,16.693429946899414
2012-06-05,16.569477081298828
2012-06-06,16.678253173828125
2012-06-07,16.663070678710938
2012-06-08,17.257556915283203
2012-06-11,17.083005905151367
2012-06-12,17.131071090698242
2012-06-13,16.966638565063477
2012-06-14,17.108301162719727
2012-06-15,17.13866424560547
2012-06-18,17.232250213623047
2012-06-19,17.153833389282227
2012-06-20,17.33344268798828
2012-06-21,17.126012802124023
2012-06-22,17.02482795715332
2012-06-25,17.247440338134766
2012-06-26,17.348621368408203
2012-06-27,17.351152420043945
2012-06-28,17.277790069580078
2012-06-29,17.637004852294922
2012-07-02,17.54340934753418
2012-07-03,17.897560119628906
2012-07-05,17.981046676635742
2012-07-06,18.051876068115234
2012-07-09,18.153072357177734
2012-07-10,18.241605758666992
2012-07-11,18.279550552368164
2012-07-12,18.292200088500977
2012-07-13,18.512292861938477
2012-07-16,18.461685180664062
2012-07-17,18.492050170898438
2012-07-18,18.42880630493164
2012-07-19,18.09488296508789
2012-07-20,18.27701759338379
2012-07-23,18.175832748413086
2012-07-24,18.249191284179688
2012-07-25,18.234020233154297
2012-07-26,18.636240005493164
2012-07-27,18.851253509521484
2012-07-30,18.96762466430664
2012-07-31,18.8284969329834
2012-08-01,18.623586654663086
2012-08-02,18.732362747192383
2012-08-03,18.85885238647461
2012-08-06,18.79054832458496
2012-08-07,18.717195510864258
2012-08-08,18.89980125427246
2012-08-09,18.782798767089844
2012-08-10,18.739564895629883
2012-08-13,18.668357849121094
2012-08-14,18.82349967956543
2012-08-15,18.935413360595703
2012-08-16,18.35042953491211
2012-08-17,18.309736251831055
2012-08-20,18.388591766357422
2012-08-21,18.167306900024414
2012-08-22,18.253782272338867
2012-08-23,18.20037269592285
2012-08-24,18.340259552001953
2012-08-27,18.4394474029541
2012-08-28,18.416561126708984
2012-08-29,18.508121490478516
2012-08-30,18.3758602142334
2012-08-31,18.464885711669922
2012-09-04,18.696331024169922
2012-09-05,18.706506729125977
2012-09-06,19.026968002319336
2012-09-07,18.775182723999023
2012-09-10,18.696331024169922
2012-09-11,18.836212158203125
2012-09-12,18.83875274658203
2012-09-13,19.110897064208984
2012-09-14,18.9481201171875
2012-09-17,18.81841278076172
2012-09-18,18.808237075805664
2012-09-19,18.915061950683594
2012-09-20,19.0117130279541
2012-09-21,18.935413360595703
2012-09-24,19.00916290283203
2012-09-25,18.88707733154297
2012-09-26,18.869274139404297
2012-09-27,18.815872192382812
2012-09-28,18.77008819580078
2012-10-01,18.83367156982422
2012-10-02,18.757369995117188
2012-10-03,18.87181854248047
2012-10-04,19.004077911376953
2012-10-05,19.10835838317871
2012-10-08,19.13887596130371
2012-10-09,18.856565475463867
2012-10-10,19.182111740112305
2012-10-11,19.077838897705078
2012-10-12,19.28131103515625
2012-10-15,19.622119903564453
2012-10-16,19.56108283996582
2012-10-17,19.59160041809082
2012-10-18,19.47205924987793
2012-10-19,19.232986450195312
2012-10-22,19.240610122680664
2012-10-23,19.014253616333008
2012-10-24,19.029510498046875
2012-10-25,19.156679153442383
2012-10-26,19.103271484375
2012-10-31,19.080379486083984
2012-11-01,18.681074142456055
2012-11-02,18.508121490478516
2012-11-05,18.60222816467285
2012-11-06,18.75991439819336
2012-11-07,18.594589233398438
2012-11-08,18.434364318847656
2012-11-09,18.391124725341797
2012-11-12,18.434364318847656
2012-11-13,18.263954162597656
2012-11-14,18.13679313659668
2012-11-15,17.478055953979492
2012-11-16,17.302562713623047
2012-11-19,17.554359436035156
2012-11-20,17.549270629882812
2012-11-21,17.521291732788086
2012-11-23,17.85447120666504
2012-11-26,17.780719757080078
2012-11-27,17.676437377929688
2012-11-28,17.946033477783203
2012-11-29,18.014698028564453
2012-11-30,18.317365646362305
2012-12-03,18.144418716430664
2012-12-04,18.34280014038086
2012-12-05,18.324386596679688
2012-12-06,18.30904197692871
2012-12-07,18.488065719604492
2012-12-10,18.45226287841797
2012-12-11,18.130023956298828
2012-12-12,17.63131332397461
2012-12-13,17.65688705444336
2012-12-14,17.582719802856445
2012-12-17,17.69780731201172
2012-12-18,17.7745304107666
2012-12-19,17.523893356323242
2012-12-20,17.646657943725586
2012-12-21,17.557140350341797
2012-12-24,17.536680221557617
2012-12-26,17.388351440429688
2012-12-27,17.43950080871582
2012-12-28,17.291162490844727
2012-12-31,17.44972801208496
2013-01-02,17.70803451538086
2013-01-03,17.59550666809082
2013-01-04,17.661996841430664
2013-01-07,17.49320411682129
2013-01-08,17.541791915893555
2013-01-09,17.536680221557617
2013-01-10,17.48297882080078
2013-01-11,17.552032470703125
2013-01-14,17.467634201049805
2013-01-15,17.641544342041016
2013-01-16,17.700366973876953
2013-01-17,17.608295440673828
2013-01-18,17.69780731201172
2013-01-22,17.79499053955078
2013-01-23,17.771970748901367
2013-01-24,17.848695755004883
2013-01-25,17.646657943725586
2013-01-28,17.73616600036621
2013-01-29,17.87427520751953
2013-01-30,17.838459014892578
2013-01-31,17.88961410522461
2013-02-01,18.02772331237793
2013-02-04,17.80777359008789
2013-02-05,18.099332809448242
2013-02-06,18.23744010925293
2013-02-07,18.216970443725586
2013-02-08,18.28091812133789
2013-02-11,18.260452270507812
2013-02-12,18.260452270507812
2013-02-13,18.257892608642578
2013-02-14,18.11212158203125
2013-02-15,17.72337532043457
2013-02-19,17.585268020629883
2013-02-20,17.700366973876953
2013-02-21,17.968902587890625
2013-02-22,18.004697799682617
2013-02-25,18.01493263244629
2013-02-26,18.18628692626953
2013-02-27,18.32695198059082
2013-02-28,18.101886749267578
2013-03-01,18.34740447998047
2013-03-04,18.736141204833984
2013-03-05,18.853788375854492
2013-03-06,18.76683807373047
2013-03-07,18.75148582458496
2013-03-08,18.79781723022461
2013-03-11,18.78495216369629
2013-03-12,18.944536209106445
2013-03-13,18.95740509033203
2013-03-14,18.846725463867188
2013-03-15,18.66139793395996
2013-03-18,18.5970516204834
2013-03-19,18.64852523803711
2013-03-20,18.78753089904785
2013-03-21,18.82355499267578
2013-03-22,19.11957550048828
2013-03-25,19.266284942626953
2013-03-26,19.245689392089844
2013-03-27,19.24827003479004
2013-03-28,19.261133193969727
2013-04-01,19.415576934814453
2013-04-02,19.567440032958984
2013-04-03,19.56229019165039
2013-04-04,19.613779067993164
2013-04-05,19.662683486938477
2013-04-08,19.894332885742188
2013-04-09,20.107975006103516
2013-04-10,19.914928436279297
2013-04-11,20.023035049438477
2013-04-12,20.221237182617188
2013-04-15,20.19806671142578
2013-04-16,20.252117156982422
2013-04-17,20.20836067199707
2013-04-18,19.860870361328125
2013-04-19,20.151729583740234
2013-04-22,20.06935691833496
2013-04-23,20.35765266418457
2013-04-24,20.084815979003906
2013-04-25,20.244403839111328
2013-04-26,20.344789505004883
2013-04-29,20.177474975585938
2013-04-30,20.005020141601562
2013-05-01,20.092529296875
2013-05-02,20.195493698120117
2013-05-03,20.39883804321289
2013-05-06,20.29073715209961
2013-05-07,20.29073715209961
2013-05-08,20.262243270874023
2013-05-09,20.301088333129883
2013-05-10,20.4279727935791
2013-05-13,20.326990127563477
2013-05-14,20.399486541748047
2013-05-15,20.679149627685547
2013-05-16,20.326990127563477
2013-05-17,20.16385269165039
2013-05-20,20.042150497436523
2013-05-21,20.039554595947266
2013-05-22,19.946340560913086
2013-05-23,19.765073776245117
2013-05-24,20.018848419189453
2013-05-28,20.021438598632812
2013-05-29,19.73918914794922
2013-05-30,19.583820343017578
2013-05-31,19.379253387451172
2013-06-03,19.599353790283203
2013-06-04,19.66408920288086
2013-06-05,19.485422134399414
2013-06-06,19.583820343017578
2013-06-07,19.765073776245117
2013-06-10,19.614885330200195
2013-06-11,19.485422134399414
2013-06-12,19.379253387451172
2013-06-13,19.420682907104492
2013-06-14,19.38702392578125
2013-06-17,19.407737731933594
2013-06-18,19.609708786010742
2013-06-19,19.280853271484375
2013-06-20,18.910564422607422
2013-06-21,19.03485679626465
2013-06-24,19.213529586791992
2013-06-25,19.257553100585938
2013-06-26,19.423276901245117
2013-06-27,19.488012313842773
2013-06-28,19.28862762451172
2013-07-01,19.31451416015625
2013-07-02,19.345590591430664
2013-07-03,19.358537673950195
2013-07-05,19.47506332397461
2013-07-08,19.86347770690918
2013-07-09,19.946340560913086
2013-07-10,19.879016876220703
2013-07-11,20.101699829101562
2013-07-12,20.101699829101562
2013-07-15,19.946340560913086
2013-07-16,20.034378051757812
2013-07-17,19.9903564453125
2013-07-18,20.026613235473633
2013-07-19,20.218225479125977
2013-07-22,20.16385269165039
2013-07-23,20.33993148803711
2013-07-24,20.25706672668457
2013-07-25,20.20009994506836
2013-07-26,20.1975154876709
2013-07-29,20.19492530822754
2013-07-30,20.169025421142578
2013-07-31,20.18197250366211
2013-08-01,20.25448226928711
2013-08-02,20.391714096069336
2013-08-05,20.396894454956055
2013-08-06,20.16385269165039
2013-08-07,20.156036376953125
2013-08-08,20.124773025512695
2013-08-09,20.033588409423828
2013-08-12,20.080482482910156
2013-08-13,20.023174285888672
2013-08-14,19.90333366394043
2013-08-15,19.384916305541992
2013-08-16,19.306760787963867
2013-08-19,19.168682098388672
2013-08-20,19.07750701904297
2013-08-21,19.160869598388672
2013-08-22,19.137422561645508
2013-08-23,19.1322078704834
2013-08-26,19.025394439697266
2013-08-27,18.98110580444336
2013-08-28,18.856069564819336
2013-08-29,18.869091033935547
2013-08-30,19.012374877929688
2013-09-03,18.934221267700195
2013-09-04,18.9941349029541
2013-09-05,18.931615829467773
2013-09-06,18.910776138305664
2013-09-09,19.15044403076172
2013-09-10,19.267677307128906
2013-09-11,19.291126251220703
2013-09-12,19.254650115966797
2013-09-13,19.371896743774414
2013-09-16,19.481300354003906
2013-09-17,19.57769012451172
2013-09-18,19.908550262451172
2013-09-19,19.853837966918945
2013-09-20,19.75484275817871
2013-09-23,19.908550262451172
2013-09-24,19.73399543762207
2013-09-25,19.447437286376953
2013-09-26,19.439626693725586
2013-09-27,19.371896743774414
2013-09-30,19.267677307128906
2013-10-01,19.171287536621094
2013-10-02,19.205158233642578
2013-10-03,19.059263229370117
2013-10-04,18.96548080444336
2013-10-07,18.72319984436035
2013-10-08,18.991527557373047
2013-10-09,19.017576217651367
2013-10-10,19.48390769958496
2013-10-11,19.491718292236328
2013-10-14,19.45524787902832
2013-10-15,19.374488830566406
2013-10-16,19.694917678833008
2013-10-17,19.741811752319336
2013-10-18,19.723587036132812
2013-10-21,19.57769012451172
2013-10-22,19.88249969482422
2013-10-23,19.773073196411133
2013-10-24,19.908550262451172
2013-10-25,19.81997299194336
2013-10-28,20.096113204956055
2013-10-29,20.075281143188477
2013-10-30,20.036195755004883
2013-10-31,19.994516372680664
2013-11-01,20.077884674072266
2013-11-04,20.145618438720703
2013-11-05,20.1690616607666
2013-11-06,20.36184310913086
2013-11-07,20.1925048828125
2013-11-08,20.309734344482422
2013-11-11,20.58327865600586
2013-11-12,20.5051326751709
2013-11-13,20.554622650146484
2013-11-14,20.601511001586914
2013-11-15,20.637990951538086
2013-11-18,20.637990951538086
2013-11-19,20.64579963684082
2013-11-20,20.554622650146484
2013-11-21,20.544198989868164
2013-11-22,20.791688919067383
2013-11-25,20.953210830688477
2013-11-26,21.018341064453125
2013-11-27,21.083467483520508
2013-11-29,21.104307174682617
2013-12-02,21.13035774230957
2013-12-03,21.156408309936523
2013-12-04,21.020156860351562
2013-12-05,20.815776824951172
2013-12-06,20.94678497314453
2013-12-09,20.949403762817383
2013-12-10,20.721437454223633
2013-12-11,20.72405433654785
2013-12-12,20.56946563720703
2013-12-13,20.45941162109375
2013-12-16,20.37031364440918
2013-12-17,20.241920471191406
2013-12-18,20.42272186279297
2013-12-19,20.239301681518555
2013-12-20,20.289087295532227
2013-12-23,20.404388427734375
2013-12-24,20.441062927246094
2013-12-26,20.540637969970703
2013-12-27,20.56159782409668
2013-12-30,20.603527069091797
2013-12-31,20.61924934387207
2014-01-02,20.676895141601562
2014-01-03,20.608762741088867
2014-01-06,20.49347686767578
2014-01-07,20.55635643005371
2014-01-08,20.393901824951172
2014-01-09,20.46202278137207
2014-01-10,20.448928833007812
2014-01-13,20.304805755615234
2014-01-14,20.427963256835938
2014-01-15,20.34935760498047
2014-01-16,20.113529205322266
2014-01-17,19.964168548583984
2014-01-21,19.87245750427246
2014-01-22,19.744068145751953
2014-01-23,19.641878128051758
2014-01-24,19.5003719329834
2014-01-27,19.42962646484375
2014-01-28,19.56587791442871
2014-01-29,19.416528701782227
2014-01-30,19.58684730529785
2014-01-31,19.568500518798828
2014-02-03,19.039199829101562
2014-02-04,19.05754280090332
2014-02-05,19.09421730041504
2014-02-06,19.08112144470215
2014-02-07,19.324813842773438
2014-02-10,19.32743263244629
2014-02-11,19.599943161010742
2014-02-12,19.641878128051758
2014-02-13,19.74668312072754
2014-02-14,19.859357833862305
2014-02-18,19.738826751708984
2014-02-19,19.61304473876953
2014-02-20,19.26454734802246
2014-02-21,19.15973472595215
2014-02-24,19.219999313354492
2014-02-25,19.219999313354492
2014-02-26,19.594701766967773
2014-02-27,19.53705406188965
2014-02-28,19.57373809814453
2014-03-03,19.42176628112793
2014-03-04,19.686416625976562
2014-03-05,19.599943161010742
2014-03-06,19.62090492248535
2014-03-07,19.668380737304688
2014-03-10,19.628826141357422
2014-03-11,19.75804328918457
2014-03-12,19.91891860961914
2014-03-13,19.760671615600586
2014-03-14,19.589263916015625
2014-03-17,19.694751739501953
2014-03-18,19.718490600585938
2014-03-19,19.615631103515625
2014-03-20,19.879352569580078
2014-03-21,20.069236755371094
2014-03-24,20.2432918548584
2014-03-25,20.272300720214844
2014-03-26,20.103519439697266
2014-03-27,20.079792022705078
2014-03-28,20.045501708984375
2014-03-31,20.15626335144043
2014-04-01,20.245929718017578
2014-04-02,20.35406494140625
2014-04-03,20.427898406982422
2014-04-04,20.38834571838379
2014-04-07,20.38834571838379
2014-04-08,20.617780685424805
2014-04-09,20.562393188476562
2014-04-10,20.277572631835938
2014-04-11,20.17472267150879
2014-04-14,20.406795501708984
2014-04-15,20.274944305419922
2014-04-16,20.364604949951172
2014-04-17,20.480640411376953
2014-04-21,20.464820861816406
2014-04-22,20.454261779785156
2014-04-23,20.580854415893555
2014-04-24,20.65205955505371
2014-04-25,20.733814239501953
2014-04-28,21.034454345703125
2014-04-29,21.01071548461914
2014-04-30,21.02126693725586
2014-05-01,21.018634796142578
2014-05-02,20.865678787231445
2014-05-05,20.733814239501953
2014-05-06,20.572938919067383
2014-05-07,20.687047958374023
2014-05-08,20.88075065612793
2014-05-09,21.016094207763672
2014-05-12,21.00281524658203
2014-05-13,21.000164031982422
2014-05-14,20.894027709960938
2014-05-15,20.38719367980957
2014-05-16,20.43495750427246
2014-05-19,20.32881736755371
2014-05-20,20.08469581604004
2014-05-21,20.076730728149414
2014-05-22,20.005084991455078
2014-05-23,20.06346321105957
2014-05-27,20.058155059814453
2014-05-28,20.042236328125
2014-05-29,20.161643981933594
2014-05-30,20.371274948120117
2014-06-02,20.368619918823242
2014-06-03,20.355350494384766
2014-06-04,20.4668025970459
2014-06-05,20.51721954345703
2014-06-06,20.4880313873291
2014-06-09,20.43495750427246
2014-06-10,20.33147621154785
2014-06-11,20.20941162109375
2014-06-12,20.09530258178711
2014-06-13,19.975893020629883
2014-06-16,19.991819381713867
2014-06-17,19.898948669433594
2014-06-18,20.087339401245117
2014-06-19,20.13245391845703
2014-06-20,20.082035064697266
2014-06-23,20.111228942871094
2014-06-24,20.158992767333984
2014-06-25,20.066118240356445
2014-06-26,19.877710342407227
2014-06-27,19.991819381713867
2014-06-30,19.9201717376709
2014-07-01,19.975893020629883
2014-07-02,20.066118240356445
2014-07-03,20.10061264038086
2014-07-07,20.185523986816406
2014-07-08,20.339433670043945
2014-07-09,20.4880313873291
2014-07-10,20.448226928710938
2014-07-11,20.384538650512695
2014-07-14,20.312894821166992
2014-07-15,20.38985252380371
2014-07-16,20.395158767700195
2014-07-17,20.32881736755371
2014-07-18,20.456192016601562
2014-07-21,20.371274948120117
2014-07-22,20.336780548095703
2014-07-23,20.429655075073242
2014-07-24,20.259824752807617
2014-07-25,20.158992767333984
2014-07-28,20.09000015258789
2014-07-29,20.018356323242188
2014-07-30,19.843215942382812
2014-07-31,19.52479362487793
2014-08-01,19.514175415039062
2014-08-04,19.514175415039062
2014-08-05,19.461105346679688
2014-08-06,19.819021224975586
2014-08-07,19.75225067138672
2014-08-08,19.944561004638672
2014-08-11,19.86176300048828
2014-08-12,19.824365615844727
2014-08-13,19.77361488342285
2014-08-14,19.86977195739746
2014-08-15,19.7388973236084
2014-08-18,19.896486282348633
2014-08-19,20.000656127929688
2014-08-20,20.02202606201172
2014-08-21,20.179609298706055
2014-08-22,20.227697372436523
2014-08-25,20.217010498046875
2014-08-26,20.171598434448242
2014-08-27,20.259742736816406
2014-08-28,20.273101806640625
2014-08-29,20.166259765625
2014-09-02,20.233036041259766
2014-09-03,20.30248260498047
2014-09-04,20.449390411376953
2014-09-05,20.703134536743164
2014-09-08,20.44137191772461
2014-09-09,20.497468948364258
2014-09-10,20.43603515625
2014-09-11,20.326520919799805
2014-09-12,20.23837661743164
2014-09-15,20.24906349182129
2014-09-16,20.38528823852539
2014-09-17,20.363916397094727
2014-09-18,20.358577728271484
2014-09-19,20.524179458618164
2014-09-22,20.382612228393555
2014-09-23,20.192970275878906
2014-09-24,20.588275909423828
2014-09-25,20.331863403320312
2014-09-26,20.430692672729492
2014-09-29,20.321184158325195
2014-09-30,20.425352096557617
2014-10-01,20.331863403320312
2014-10-02,20.36124610900879
2014-10-03,20.65239143371582
2014-10-06,20.660398483276367
2014-10-07,20.647050857543945
2014-10-08,20.898128509521484
2014-10-09,20.796621322631836
2014-10-10,20.91147804260254
2014-10-13,20.716487884521484
2014-10-14,20.828676223754883
2014-10-15,20.086130142211914
2014-10-16,19.717525482177734
2014-10-17,19.792316436767578
2014-10-20,20.07010841369629
2014-10-21,20.30515480041504
2014-10-22,20.30782127380371
2014-10-23,20.366592407226562
2014-10-24,20.40131187438965
2014-10-27,20.4574031829834
2014-10-28,20.393295288085938
2014-10-29,20.40398406982422
2014-10-30,20.420005798339844
2014-10-31,20.371925354003906
2014-11-03,20.374597549438477
2014-11-04,20.636363983154297
2014-11-05,20.753887176513672
2014-11-06,20.783262252807617
2014-11-07,21.03968620300293
2014-11-10,21.21864891052246
2014-11-11,21.103792190551758
2014-11-12,21.154542922973633
2014-11-13,22.15351104736328
2014-11-14,22.158849716186523
2014-11-17,22.321779251098633
2014-11-18,22.380537033081055
2014-11-19,22.701065063476562
2014-11-20,22.591552734375
2014-11-21,22.610246658325195
2014-11-24,22.81057357788086
2014-11-25,22.690380096435547
2014-11-26,22.69839096069336
2014-11-28,23.38217544555664
2014-12-01,23.029603958129883
2014-12-02,23.077678680419922
2014-12-03,22.81446075439453
2014-12-04,22.766109466552734
2014-12-05,22.59421157836914
2014-12-08,22.623756408691406
2014-12-09,22.443801879882812
2014-12-10,22.288005828857422
2014-12-11,22.516321182250977
2014-12-12,22.51094627380371
2014-12-15,22.545867919921875
2014-12-16,22.28264045715332
2014-12-17,22.623756408691406
2014-12-18,23.083053588867188
2014-12-19,22.873550415039062
2014-12-22,23.20123291015625
2014-12-23,23.276439666748047
2014-12-24,23.214662551879883
2014-12-26,23.34358787536621
2014-12-29,23.271066665649414
2014-12-30,23.31136131286621
2014-12-31,23.066940307617188
2015-01-02,23.07231330871582
2015-01-05,23.005151748657227
2015-01-06,23.18243408203125
2015-01-07,23.797515869140625
2015-01-08,24.299787521362305
2015-01-09,23.998966217041016
2015-01-12,24.178924560546875
2015-01-13,23.98821449279785
2015-01-14,23.26300621032715
2015-01-15,23.469833374023438
2015-01-16,23.305988311767578
2015-01-20,23.284502029418945
2015-01-21,23.271066665649414
2015-01-22,23.716934204101562
2015-01-23,23.773344039916992
2015-01-26,23.80556869506836
2015-01-27,23.510116577148438
2015-01-28,23.319416046142578
2015-01-29,23.5611515045166
2015-01-30,22.8251953125
2015-02-02,23.021278381347656
2015-02-03,23.15019989013672
2015-02-04,23.273746490478516
2015-02-05,23.442968368530273
2015-02-06,23.456398010253906
2015-02-09,23.074995040893555
2015-02-10,23.445650100708008
2015-02-11,23.190494537353516
2015-02-12,23.069623947143555
2015-02-13,23.048131942749023
2015-02-17,23.088420867919922
2015-02-18,23.177064895629883
2015-02-19,22.433055877685547
2015-02-20,22.642559051513672
2015-02-23,22.723133087158203
2015-02-24,22.715078353881836
2015-02-25,22.44648551940918
2015-02-26,22.508258819580078
2015-02-27,22.543174743652344
2015-03-02,22.551233291625977
2015-03-03,22.39276123046875
2015-03-04,22.180572509765625
2015-03-05,22.44648551940918
2015-03-06,22.183259963989258
2015-03-09,22.26114845275879
2015-03-10,22.04359245300293
2015-03-11,21.80310821533203
2015-03-12,22.13005256652832
2015-03-13,22.13005256652832
2015-03-16,22.505645751953125
2015-03-17,22.324604034423828
2015-03-18,22.300291061401367
2015-03-19,22.02737808227539
2015-03-20,22.49213409423828
2015-03-23,22.511043548583984
2015-03-24,22.4407958984375
2015-03-25,21.97332763671875
2015-03-26,22.127351760864258
2015-03-27,21.981441497802734
2015-03-30,22.300291061401367
2015-03-31,22.224634170532227
2015-04-01,21.808509826660156
2015-04-02,21.81391143798828
2015-04-06,21.884164810180664
2015-04-07,21.75176429748535
2015-04-08,21.894977569580078
2015-04-09,21.84363555908203
2015-04-10,21.79230308532715
2015-04-13,21.695022583007812
2015-04-14,21.657190322875977
2015-04-15,21.546401977539062
2015-04-16,21.411298751831055
2015-04-17,21.0438175201416
2015-04-20,21.114063262939453
2015-04-21,21.084348678588867
2015-04-22,21.19243812561035
2015-04-23,21.395082473754883
2015-04-24,21.57342529296875
2015-04-27,21.44643211364746
2015-04-28,21.373472213745117
2015-04-29,21.0438175201416
2015-04-30,21.08975601196289
2015-05-01,21.238365173339844
2015-05-04,21.395082473754883
2015-05-05,21.11137580871582
2015-05-06,21.11408233642578
2015-05-07,21.217418670654297
2015-05-08,21.353370666503906
2015-05-11,21.2364501953125
2015-05-12,21.470300674438477
2015-05-13,21.252769470214844
2015-05-14,21.405031204223633
2015-05-15,21.54642677307129
2015-05-18,21.73133087158203
2015-05-19,20.782363891601562
2015-05-20,20.638242721557617
2015-05-21,20.695337295532227
2015-05-22,20.627355575561523
2015-05-26,20.36632537841797
2015-05-27,20.445180892944336
2015-05-28,20.35000991821289
2015-05-29,20.195024490356445
2015-06-01,20.32010269165039
2015-06-02,20.265722274780273
2015-06-03,20.36361312866211
2015-06-04,20.162385940551758
2015-06-05,19.866010665893555
2015-06-08,19.743654251098633
2015-06-09,19.705581665039062
2015-06-10,19.830659866333008
2015-06-11,19.8333740234375
2015-06-12,19.69470977783203
2015-06-15,19.558746337890625
2015-06-16,19.672948837280273
2015-06-17,19.776277542114258
2015-06-18,19.844247817993164
2015-06-19,19.779001235961914
2015-06-22,19.79259490966797
2015-06-23,19.732772827148438
2015-06-24,19.68110466003418
2015-06-25,19.539714813232422
2015-06-26,19.61041259765625
2015-06-29,19.42006492614746
2015-06-30,19.286836624145508
2015-07-01,19.545150756835938
2015-07-02,19.539714813232422
2015-07-06,19.721893310546875
2015-07-07,20.06450080871582
2015-07-08,19.866010665893555
2015-07-09,19.78986930847168
2015-07-10,19.882322311401367
2015-07-13,20.088973999023438
2015-07-14,20.06450080871582
2015-07-15,20.026432037353516
2015-07-16,20.07538604736328
2015-07-17,19.95574188232422
2015-07-20,19.876880645751953
2015-07-21,19.779001235961914
2015-07-22,19.893198013305664
2015-07-23,19.71645736694336
2015-07-24,19.463573455810547
2015-07-27,19.40919303894043
2015-07-28,19.604965209960938
2015-07-29,19.640317916870117
2015-07-30,19.621295928955078
2015-07-31,19.572341918945312
2015-08-03,19.626720428466797
2015-08-04,19.645748138427734
2015-08-05,20.124847412109375
2015-08-06,19.927743911743164
2015-08-07,19.506139755249023
2015-08-10,19.569107055664062
2015-08-11,19.692298889160156
2015-08-12,19.870243072509766
2015-08-13,19.741573333740234
2015-08-14,19.815492630004883
2015-08-17,19.686824798583984
2015-08-18,19.021556854248047
2015-08-19,18.772432327270508
2015-08-20,18.734092712402344
2015-08-21,18.2166805267334
2015-08-24,17.507614135742188
2015-08-25,17.2749080657959
2015-08-26,17.74852752685547
2015-08-27,18.090740203857422
2015-08-28,17.778640747070312
2015-08-31,17.721155166625977
2015-09-01,17.472021102905273
2015-09-02,17.64175796508789
2015-09-03,17.756736755371094
2015-09-04,17.491186141967773
2015-09-08,18.172870635986328
2015-09-09,17.827911376953125
2015-09-10,17.554157257080078
2015-09-11,17.69925308227539
2015-09-14,17.597951889038086
2015-09-15,17.608911514282227
2015-09-16,17.710201263427734
2015-09-17,17.64996910095215
2015-09-18,17.340608596801758
2015-09-21,17.44464111328125
2015-09-22,17.409048080444336
2015-09-23,17.44464111328125
2015-09-24,17.474760055541992
2015-09-25,17.46107292175293
2015-09-28,17.4282169342041
2015-09-29,17.46107292175293
2015-09-30,17.751258850097656
2015-10-01,17.595218658447266
2015-10-02,17.78959083557129
2015-10-05,18.033245086669922
2015-10-06,17.981233596801758
2015-10-07,18.167402267456055
2015-10-08,18.309757232666016
2015-10-09,18.25774383544922
2015-10-12,18.323448181152344
2015-10-13,18.268692016601562
2015-10-14,16.434425354003906
2015-10-15,16.242795944213867
2015-10-16,16.122333526611328
2015-10-19,16.111387252807617
2015-10-20,16.084009170532227
2015-10-21,16.05388641357422
2015-10-22,16.12506675720215
2015-10-23,15.960814476013184
2015-10-26,15.884153366088867
2015-10-27,15.736316680908203
2015-10-28,15.780121803283691
2015-10-29,15.867725372314453
2015-10-30,15.670611381530762
2015-11-02,15.771900177001953
2015-11-03,15.908792495727539
2015-11-04,15.979972839355469
2015-11-05,16.045682907104492
2015-11-06,16.09221839904785
2015-11-09,16.0128231048584
2015-11-10,16.064836502075195
2015-11-11,15.763690948486328
2015-11-12,15.591216087341309
2015-11-13,15.446117401123047
2015-11-16,15.843093872070312
2015-11-17,16.40430450439453
2015-11-18,16.68082046508789
2015-11-19,16.617862701416016
2015-11-20,16.445383071899414
2015-11-23,16.497394561767578
2015-11-24,16.40430450439453
2015-11-25,16.491924285888672
2015-11-27,16.396100997924805
2015-11-30,16.108644485473633
2015-12-01,16.14971160888672
2015-12-02,16.10830307006836
2015-12-03,16.298786163330078
2015-12-04,16.469940185546875
2015-12-07,16.701839447021484
2015-12-08,16.45613670349121
2015-12-09,16.323633193969727
2015-12-10,16.442333221435547
2015-12-11,16.387128829956055
2015-12-14,16.67146873474121
2015-12-15,16.464414596557617
2015-12-16,16.646625518798828
2015-12-17,16.2822265625
2015-12-18,16.2463321685791
2015-12-21,16.439579010009766
2015-12-22,16.7128849029541
2015-12-23,16.864715576171875
2015-12-24,16.79294204711914
2015-12-28,16.770849227905273
2015-12-29,17.008268356323242
2015-12-30,17.0275936126709
2015-12-31,16.922691345214844
2016-01-04,16.96685791015625
2016-01-05,17.369909286499023
2016-01-06,17.54383087158203
2016-01-07,17.95240020751953
2016-01-08,17.54106903076172
2016-01-11,17.728797912597656
2016-01-12,17.56315803527832
2016-01-13,17.093841552734375
2016-01-14,17.40855598449707
2016-01-15,17.096607208251953
2016-01-19,17.270524978637695
2016-01-20,16.79569435119629
2016-01-21,17.082807540893555
2016-01-22,17.306419372558594
2016-01-25,17.516223907470703
2016-01-26,17.66805648803711
2016-01-27,17.654254913330078
2016-01-28,17.728797912597656
2016-01-29,18.3195743560791
2016-02-01,18.63428497314453
2016-02-02,18.457603454589844
2016-02-03,18.294723510742188
2016-02-04,18.336132049560547
2016-02-05,18.49624252319336
2016-02-08,18.468643188476562
2016-02-09,18.1677303314209
2016-02-10,18.162212371826172
2016-02-11,18.03246307373047
2016-02-12,18.269878387451172
2016-02-16,18.19257164001465
2016-02-17,18.25055503845215
2016-02-18,17.701187133789062
2016-02-19,17.850255966186523
2016-02-22,18.118043899536133
2016-02-23,18.352693557739258
2016-02-24,18.529375076293945
2016-02-25,18.783357620239258
2016-02-26,18.36097526550293
2016-02-29,18.314041137695312
2016-03-01,18.3471736907959
2016-03-02,18.27816390991211
2016-03-03,18.25883674621582
2016-03-04,18.435516357421875
2016-03-07,18.741939544677734
2016-03-08,18.783357620239258
2016-03-09,18.780576705932617
2016-03-10,18.747201919555664
2016-03-11,18.680458068847656
2016-03-14,18.733291625976562
2016-03-15,18.93631362915039
2016-03-16,18.908504486083984
2016-03-17,18.758325576782227
2016-03-18,18.619274139404297
2016-03-21,18.90294647216797
2016-03-22,18.875131607055664
2016-03-23,18.761112213134766
2016-03-24,18.911285400390625
2016-03-28,18.944656372070312
2016-03-29,18.919631958007812
2016-03-30,19.133769989013672
2016-03-31,19.047557830810547
2016-04-01,19.206073760986328
2016-04-04,19.217205047607422
2016-04-05,19.089275360107422
2016-04-06,19.20052146911621
2016-04-07,18.972469329833984
2016-04-08,18.927967071533203
2016-04-11,18.74441909790039
2016-04-12,19.133769989013672
2016-04-13,19.231111526489258
2016-04-14,19.133769989013672
2016-04-15,19.206073760986328
2016-04-18,19.428558349609375
2016-04-19,19.403535842895508
2016-04-20,19.247800827026367
2016-04-21,19.0419921875
2016-04-22,19.11152458190918
2016-04-25,19.320100784301758
2016-04-26,19.2728214263916
2016-04-27,19.306198120117188
2016-04-28,19.164365768432617
2016-04-29,18.59702491760254
2016-05-02,18.79726219177246
2016-05-03,18.633174896240234
2016-05-04,18.686023712158203
2016-05-05,18.69157600402832
2016-05-06,18.980810165405273
2016-05-09,19.17548370361328
2016-05-10,19.1309871673584
2016-05-11,18.604320526123047
2016-05-12,18.727584838867188
2016-05-13,18.1925106048584
2016-05-16,18.495059967041016
2016-05-17,18.237329483032227
2016-05-18,17.691055297851562
2016-05-19,19.38591766357422
2016-05-20,19.5708065032959
2016-05-23,19.469966888427734
2016-05-24,19.677268981933594
2016-05-25,19.744504928588867
2016-05-26,19.848154067993164
2016-05-27,19.820140838623047
2016-05-31,19.82854461669922
2016-06-01,19.750106811523438
2016-06-02,19.876171112060547
2016-06-03,19.8537540435791
2016-06-06,19.90418815612793
2016-06-07,19.89858627319336
2016-06-08,19.96861457824707
2016-06-09,19.915390014648438
2016-06-10,19.929401397705078
2016-06-13,19.75850486755371
2016-06-14,19.876171112060547
2016-06-15,19.92379379272461
2016-06-16,19.97421646118164
2016-06-17,19.876171112060547
2016-06-20,19.91818618774414
2016-06-21,20.019041061401367
2016-06-22,20.100290298461914
2016-06-23,20.19832992553711
2016-06-24,20.15911865234375
2016-06-27,20.030250549316406
2016-06-28,20.033050537109375
2016-06-29,20.2991886138916
2016-06-30,20.45606803894043
2016-07-01,20.397232055664062
2016-07-05,20.489683151245117
2016-07-06,20.680177688598633
2016-07-07,20.598939895629883
2016-07-08,20.685781478881836
2016-07-11,20.747417449951172
2016-07-12,20.526100158691406
2016-07-13,20.624156951904297
2016-07-14,20.646562576293945
2016-07-15,20.63816261291504
2016-07-18,20.685781478881836
2016-07-19,20.635364532470703
2016-07-20,20.671777725219727
2016-07-21,20.59613800048828
2016-07-22,20.604543685913086
2016-07-25,20.660566329956055
2016-07-26,20.654970169067383
2016-07-27,20.54010772705078
2016-07-28,20.517702102661133
2016-07-29,20.442062377929688
2016-08-01,20.668975830078125
2016-08-02,20.48688507080078
2016-08-03,20.43365478515625
2016-08-04,20.53450584411621
2016-08-05,20.66337013244629
2016-08-08,20.545717239379883
2016-08-09,20.601736068725586
2016-08-10,20.858413696289062
2016-08-11,20.81610870361328
2016-08-12,20.841493606567383
2016-08-15,20.680721282958984
2016-08-16,20.559431076049805
2016-08-17,20.570720672607422
2016-08-18,20.95713996887207
2016-08-19,20.536865234375
2016-08-22,20.50584602355957
2016-08-23,20.2999324798584
2016-08-24,20.37327766418457
2016-08-25,20.088388442993164
2016-08-26,20.065820693969727
2016-08-29,20.13916015625
2016-08-30,20.11377716064453
2016-08-31,20.150442123413086
2016-09-01,20.545333862304688
2016-09-02,20.449424743652344
2016-09-06,20.590457916259766
2016-09-07,20.3253231048584
2016-09-08,20.260448455810547
2016-09-09,19.82889747619629
2016-09-12,20.291479110717773
2016-09-13,20.15608787536621
2016-09-14,20.173006057739258
2016-09-15,20.42122459411621
2016-09-16,20.553791046142578
2016-09-19,20.333784103393555
2016-09-20,20.2999324798584
2016-09-21,20.361984252929688
2016-09-22,20.384552001953125
2016-09-23,20.407123565673828
2016-09-26,20.201210021972656
2016-09-27,20.401477813720703
2016-09-28,20.249170303344727
2016-09-29,19.950185775756836
2016-09-30,20.342243194580078
2016-10-03,20.311214447021484
2016-10-04,20.23788833618164
2016-10-05,20.215314865112305
2016-10-06,19.563753128051758
2016-10-07,19.377601623535156
2016-10-10,19.17451286315918
2016-10-11,19.008098602294922
2016-10-12,19.02783966064453
2016-10-13,19.245033264160156
2016-10-14,19.307079315185547
2016-10-17,19.242212295532227
2016-10-18,19.425548553466797
2016-10-19,19.431188583374023
2016-10-20,19.38606071472168
2016-10-21,19.27605628967285
2016-10-24,19.515811920166016
2016-10-25,19.563753128051758
2016-10-26,19.62862777709961
2016-10-27,19.69632911682129
2016-10-28,19.7414608001709
2016-10-31,19.74991226196289
2016-11-01,19.546836853027344
2016-11-02,19.589139938354492
2016-11-03,19.639915466308594
2016-11-04,19.50734519958496
2016-11-07,19.682222366333008
2016-11-08,19.685039520263672
2016-11-09,20.054548263549805
2016-11-10,20.13634490966797
2016-11-11,20.09121322631836
2016-11-14,19.882490158081055
2016-11-15,20.144804000854492
2016-11-16,20.13634490966797
2016-11-17,19.515811920166016
2016-11-18,19.332468032836914
2016-11-21,19.56658172607422
2016-11-22,19.778125762939453
2016-11-23,19.97838592529297
2016-11-25,20.09121322631836
2016-11-28,20.079925537109375
2016-11-29,20.13069725036621
2016-11-30,19.86556053161621
2016-12-01,19.933258056640625
2016-12-02,19.992488861083984
2016-12-05,19.72735023498535
2016-12-06,19.8458194732666
2016-12-07,20.05603790283203
2016-12-08,19.982173919677734
2016-12-09,19.90831756591797
2016-12-12,20.360000610351562
2016-12-13,20.396936416625977
2016-12-14,20.266260147094727
2016-12-15,20.192392349243164
2016-12-16,20.16398811340332
2016-12-19,20.334434509277344
2016-12-20,20.402618408203125
2016-12-21,20.237850189208984
2016-12-22,19.769115447998047
2016-12-23,19.754911422729492
2016-12-27,19.800365447998047
2016-12-28,19.6895694732666
2016-12-29,19.675369262695312
2016-12-30,19.635595321655273
2017-01-03,19.504920959472656
2017-01-04,19.618553161621094
2017-01-05,19.661161422729492
2017-01-06,19.391286849975586
2017-01-09,19.51912498474121
2017-01-10,19.382768630981445
2017-01-11,19.467992782592773
2017-01-12,19.308910369873047
2017-01-13,19.070283889770508
2017-01-17,19.436750411987305
2017-01-18,19.348678588867188
2017-01-19,19.209482192993164
2017-01-20,19.08448600769043
2017-01-23,18.93391990661621
2017-01-24,19.146982192993164
2017-01-25,19.002099990844727
2017-01-26,18.956645965576172
2017-01-27,18.652685165405273
2017-01-30,18.868581771850586
2017-01-31,18.959497451782227
2017-02-01,18.814607620239258
2017-02-02,18.9481258392334
2017-02-03,18.891313552856445
2017-02-06,18.862903594970703
2017-02-07,19.002099990844727
2017-02-08,19.26345443725586
2017-02-09,19.624237060546875
2017-02-10,19.323108673095703
2017-02-13,19.25209617614746
2017-02-14,19.504920959472656
2017-02-15,19.513446807861328
2017-02-16,19.564579010009766
2017-02-17,19.706623077392578
2017-02-21,20.297504425048828
2017-02-22,20.371370315551758
2017-02-23,20.257736206054688
2017-02-24,20.56454086303711
2017-02-27,20.3798885345459
2017-02-28,20.1497802734375
2017-03-01,20.013429641723633
2017-03-02,20.10149574279785
2017-03-03,19.89410400390625
2017-03-06,19.851497650146484
2017-03-07,19.848663330078125
2017-03-08,19.97456932067871
2017-03-09,19.991744995117188
2017-03-10,20.060422897338867
2017-03-13,20.017498016357422
2017-03-14,20.23784828186035
2017-03-15,20.19778060913086
2017-03-16,20.157716751098633
2017-03-17,20.000328063964844
2017-03-20,20.026084899902344
2017-03-21,20.003185272216797
2017-03-22,20.103349685668945
2017-03-23,19.991744995117188
2017-03-24,19.920194625854492
2017-03-27,19.934505462646484
2017-03-28,20.123384475708008
2017-03-29,20.243568420410156
2017-03-30,20.486814498901367
2017-03-31,20.627037048339844
2017-04-03,20.555498123168945
2017-04-04,20.606998443603516
2017-04-05,20.503986358642578
2017-04-06,20.441030502319336
2017-04-07,20.8617000579834
2017-04-10,20.907487869262695
2017-04-11,21.01336669921875
2017-04-12,21.0162296295166
2017-04-13,20.933237075805664
2017-04-17,21.03053855895996
2017-04-18,21.14500617980957
2017-04-19,21.19651222229004
2017-04-20,21.405410766601562
2017-04-21,21.445478439331055
2017-04-24,21.399690628051758
2017-04-25,21.476959228515625
2017-04-26,21.585704803466797
2017-04-27,21.588563919067383
2017-04-28,21.514162063598633
2017-05-01,21.528472900390625
2017-05-02,21.61145782470703
2017-05-03,21.68013572692871
2017-05-04,21.846118927001953
2017-05-05,21.89189910888672
2017-05-08,21.783159255981445
2017-05-09,21.954864501953125
2017-05-10,22.096023559570312
2017-05-11,21.931812286376953
2017-05-12,21.810810089111328
2017-05-15,21.9779052734375
2017-05-16,21.637964248657227
2017-05-17,21.64084815979004
2017-05-18,22.338010787963867
2017-05-19,22.692350387573242
2017-05-22,22.628969192504883
2017-05-23,22.6116886138916
2017-05-24,22.513736724853516
2017-05-25,22.559831619262695
2017-05-26,22.507976531982422
2017-05-30,22.513736724853516
2017-05-31,22.64338493347168
2017-06-01,22.99195671081543
2017-06-02,22.937227249145508
2017-06-05,23.12159538269043
2017-06-06,22.738441467285156
2017-06-07,22.80182456970215
2017-06-08,22.738441467285156
2017-06-09,22.87961196899414
2017-06-12,22.82775115966797
2017-06-13,22.908411026000977
2017-06-14,23.01789093017578
2017-06-15,22.73268699645996
2017-06-16,21.67542266845703
2017-06-19,21.750320434570312
2017-06-20,21.761850357055664
2017-06-21,21.963497161865234
2017-06-22,21.756080627441406
2017-06-23,21.560182571411133
2017-06-26,21.750320434570312
2017-06-27,21.897239685058594
2017-06-28,22.04128646850586
2017-06-29,21.874197006225586
2017-06-30,21.80217742919922
2017-07-03,21.709989547729492
2017-07-05,21.69845962524414
2017-07-06,21.741680145263672
2017-07-07,21.70134735107422
2017-07-10,21.096372604370117
2017-07-11,21.16550636291504
2017-07-12,21.3009090423584
2017-07-13,21.620681762695312
2017-07-14,21.992311477661133
2017-07-17,22.000953674316406
2017-07-18,21.95197868347168
2017-07-19,21.856908798217773
2017-07-20,21.900121688842773
2017-07-21,21.937572479248047
2017-07-24,22.150753021240234
2017-07-25,22.620336532592773
2017-07-26,22.72981071472168
2017-07-27,22.983325958251953
2017-07-28,22.99195671081543
2017-07-31,23.043821334838867
2017-08-01,23.19072914123535
2017-08-02,23.199384689331055
2017-08-03,23.29732894897461
2017-08-04,23.184978485107422
2017-08-07,23.41544532775879
2017-08-08,23.504745483398438
2017-08-09,23.65839195251465
2017-08-10,23.382993698120117
2017-08-11,23.3076229095459
2017-08-14,23.39458656311035
2017-08-15,23.414880752563477
2017-08-16,23.475759506225586
2017-08-17,23.10469627380371
2017-08-18,22.99163246154785
2017-08-21,23.10758399963379
2017-08-22,23.19746208190918
2017-08-23,23.180068969726562
2017-08-24,22.710432052612305
2017-08-25,22.794504165649414
2017-08-28,22.62056541442871
2017-08-29,22.8350887298584
2017-08-30,22.768417358398438
2017-08-31,22.632160186767578
2017-09-01,22.719125747680664
2017-09-05,23.133678436279297
2017-09-06,23.21485137939453
2017-09-07,23.226455688476562
2017-09-08,22.866975784301758
2017-09-11,22.924949645996094
2017-09-12,23.078601837158203
2017-09-13,23.15107536315918
2017-09-14,23.098896026611328
2017-09-15,23.301822662353516
2017-09-18,23.191661834716797
2017-09-19,23.206151962280273
2017-09-20,23.33660316467285
2017-09-21,23.194555282592773
2017-09-22,23.055416107177734
2017-09-25,22.94525146484375
2017-09-26,23.01482582092285
2017-09-27,22.98583221435547
2017-09-28,22.887271881103516
2017-09-29,22.65245819091797
2017-10-02,22.742321014404297
2017-10-03,22.96554183959961
2017-10-04,22.927852630615234
2017-10-05,23.020614624023438
2017-10-06,22.901765823364258
2017-10-09,23.345306396484375
2017-10-10,24.388931274414062
2017-10-11,24.852766036987305
2017-10-12,24.960023880004883
2017-10-13,25.11077117919922
2017-10-16,24.855663299560547
2017-10-17,24.925235748291016
2017-10-18,24.99481964111328
2017-10-19,25.046995162963867
2017-10-20,25.348485946655273
2017-10-23,25.69926643371582
2017-10-24,25.50502586364746
2017-10-25,25.649978637695312
2017-10-26,25.690561294555664
2017-10-27,25.56011390686035
2017-10-30,25.20644187927246
2017-10-31,25.3107967376709
2017-11-01,25.49343490600586
2017-11-02,25.742746353149414
2017-11-03,25.99785614013672
2017-11-06,25.713754653930664
2017-11-07,25.78622817993164
2017-11-08,26.165987014770508
2017-11-09,26.177583694458008
2017-11-10,26.357324600219727
2017-11-13,26.37761878967285
2017-11-14,26.40660285949707
2017-11-15,26.041343688964844
2017-11-16,28.879419326782227
2017-11-17,28.256141662597656
2017-11-20,28.259037017822266
2017-11-21,27.980743408203125
2017-11-22,27.9488468170166
2017-11-24,28.009729385375977
2017-11-27,28.009729385375977
2017-11-28,28.0532169342041
2017-11-29,28.28223419189453
2017-11-30,28.186559677124023
2017-12-01,28.221355438232422
2017-12-04,28.122783660888672
2017-12-05,28.360504150390625
2017-12-06,28.20105743408203
2017-12-07,28.20397186279297
2017-12-08,28.136947631835938
2017-12-11,28.2476863861084
2017-12-12,28.18065643310547
2017-12-13,28.489572525024414
2017-12-14,28.305971145629883
2017-12-15,28.30014991760254
2017-12-18,28.530364990234375
2017-12-19,28.792646408081055
2017-12-20,28.778072357177734
2017-12-21,28.57699966430664
2017-12-22,28.620712280273438
2017-12-26,28.897563934326172
2017-12-27,28.92671012878418
2017-12-28,28.967498779296875
2017-12-29,28.778072357177734
2018-01-02,28.731454849243164
2018-01-03,28.982080459594727
2018-01-04,29.00830078125
2018-01-05,29.18024444580078
2018-01-08,29.611549377441406
2018-01-09,29.256013870239258
2018-01-10,29.046188354492188
2018-01-11,29.148183822631836
2018-01-12,29.395898818969727
2018-01-16,29.34343910217285
2018-01-17,29.9292049407959
2018-01-18,30.395479202270508
2018-01-19,30.479982376098633
2018-01-22,30.73061752319336
2018-01-23,30.86175537109375
2018-01-24,30.829700469970703
2018-01-25,31.065759658813477
2018-01-26,31.587392807006836
2018-01-29,31.92545509338379
2018-01-30,31.395061492919922
2018-01-31,31.065759658813477
2018-02-01,30.751014709472656
2018-02-02,30.44794464111328
2018-02-05,29.16858673095703
2018-02-06,29.40464210510254
2018-02-07,29.97290802001953
2018-02-08,29.148183822631836
2018-02-09,28.95876121520996
2018-02-12,29.011220932006836
2018-02-13,29.427949905395508
2018-02-14,29.637775421142578
2018-02-15,30.083650588989258
2018-02-16,30.535369873046875
2018-02-20,27.42587661743164
2018-02-21,26.671085357666016
2018-02-22,27.035369873046875
2018-02-23,27.070337295532227
2018-02-26,27.137365341186523
2018-02-27,26.671085357666016
2018-02-28,26.231035232543945
2018-03-01,25.96000862121582
2018-03-02,25.869670867919922
2018-03-05,26.2222957611084
2018-03-06,25.954185485839844
2018-03-07,25.56950569152832
2018-03-08,25.77471923828125
2018-03-09,26.009246826171875
2018-03-12,25.81869125366211
2018-03-13,25.8861141204834
2018-03-14,25.701431274414062
2018-03-15,25.654523849487305
2018-03-16,26.14116668701172
2018-03-19,25.636934280395508
2018-03-20,25.783512115478516
2018-03-21,25.850936889648438
2018-03-22,25.54605484008789
2018-03-23,25.04181671142578
2018-03-26,25.651586532592773
2018-03-27,25.22650718688965
2018-03-28,25.730741500854492
2018-03-29,26.08253288269043
2018-04-02,25.079927444458008
2018-04-03,25.446378707885742
2018-04-04,25.569503784179688
2018-04-05,25.742464065551758
2018-04-06,25.414133071899414
2018-04-09,25.293930053710938
2018-04-10,25.34377670288086
2018-04-11,25.185466766357422
2018-04-12,25.044754028320312
2018-04-13,25.217708587646484
2018-04-16,25.458110809326172
2018-04-17,25.76885414123535
2018-04-18,25.67211151123047
2018-04-19,25.765928268432617
2018-04-20,25.499149322509766
2018-04-23,25.241168975830078
2018-04-24,25.367218017578125
2018-04-25,25.55484962463379
2018-04-26,25.780588150024414
2018-04-27,25.590030670166016
2018-04-30,25.933029174804688
2018-05-01,25.625207901000977
2018-05-02,25.311521530151367
2018-05-03,25.279272079467773
2018-05-04,25.660388946533203
2018-05-07,25.05647087097168
2018-05-08,25.13562774658203
2018-05-09,24.349958419799805
2018-05-10,24.394207000732422
2018-05-11,24.597761154174805
2018-05-14,24.895723342895508
2018-05-15,24.93406867980957
2018-05-16,25.409032821655273
2018-05-17,24.925216674804688
2018-05-18,24.674463272094727
2018-05-21,24.93112564086914
2018-05-22,24.594810485839844
2018-05-23,24.488609313964844
2018-05-24,24.441404342651367
2018-05-25,24.326358795166016
2018-05-29,24.308650970458984
2018-05-30,24.816064834594727
2018-05-31,24.349958419799805
2018-06-01,24.48270606994629
2018-06-04,25.19957733154297
2018-06-05,24.963573455810547
2018-06-06,24.945873260498047
2018-06-07,25.060928344726562
2018-06-08,24.886877059936523
2018-06-11,24.86916732788086
2018-06-12,24.810165405273438
2018-06-13,24.807218551635742
2018-06-14,24.718719482421875
2018-06-15,24.69216537475586
2018-06-18,24.485660552978516
2018-06-19,24.665613174438477
2018-06-20,24.665613174438477
2018-06-21,24.84261703491211
2018-06-22,25.022571563720703
2018-06-25,25.509336471557617
2018-06-26,25.364788055419922
2018-06-27,25.633235931396484
2018-06-28,25.329383850097656
2018-06-29,25.26742172241211
2018-07-02,24.780662536621094
2018-07-03,24.91046905517578
2018-07-05,24.94882583618164
2018-07-06,24.93112564086914
2018-07-09,25.350038528442383
2018-07-10,25.727638244628906
2018-07-11,25.527036666870117
2018-07-12,25.52408790588379
2018-07-13,25.8721923828125
2018-07-16,25.8544979095459
2018-07-17,26.016752243041992
2018-07-18,25.98134994506836
2018-07-19,25.87809944152832
2018-07-20,25.9783992767334
2018-07-23,25.85154914855957
2018-07-24,25.948898315429688
2018-07-25,25.931201934814453
2018-07-26,26.028553009033203
2018-07-27,25.999048233032227
2018-07-30,26.220298767089844
2018-07-31,26.32356071472168
2018-08-01,26.0314998626709
2018-08-02,26.184904098510742
2018-08-03,26.432706832885742
2018-08-06,26.45336151123047
2018-08-07,26.482864379882812
2018-08-08,26.56546401977539
2018-08-09,26.411165237426758
2018-08-10,26.75833511352539
2018-08-13,26.59810447692871
2018-08-14,26.957136154174805
2018-08-15,26.770204544067383
2018-08-16,29.26860237121582
2018-08-17,29.03418731689453
2018-08-20,28.485252380371094
2018-08-21,28.508989334106445
2018-08-22,28.387331008911133
2018-08-23,28.241939544677734
2018-08-24,28.173696517944336
2018-08-27,28.05203628540039
2018-08-28,28.506019592285156
2018-08-29,28.37843132019043
2018-08-30,28.51492691040039
2018-08-31,28.443710327148438
2018-09-04,28.295352935791016
2018-09-05,28.669219970703125
2018-09-06,28.6187744140625
2018-09-07,28.434812545776367
2018-09-10,28.75229835510254
2018-09-11,28.675161361694336
2018-09-12,28.476346969604492
2018-09-13,28.224138259887695
2018-09-14,28.066877365112305
2018-09-17,28.1351261138916
2018-09-18,28.316120147705078
2018-09-19,28.259748458862305
2018-09-20,28.411069869995117
2018-09-21,28.45557975769043
2018-09-24,28.164791107177734
2018-09-25,28.21820068359375
2018-09-26,28.066877365112305
2018-09-27,27.930383682250977
2018-09-28,27.865102767944336
2018-10-01,28.010494232177734
2018-10-02,28.23303985595703
2018-10-03,27.912578582763672
2018-10-04,27.954120635986328
2018-10-05,27.687068939208984
2018-10-08,28.096542358398438
2018-10-09,28.805707931518555
2018-10-10,28.41403579711914
2018-10-11,27.868072509765625
2018-10-12,28.13215446472168
2018-10-15,27.838394165039062
2018-10-16,28.42887306213379
2018-10-17,28.65142250061035
2018-10-18,28.535694122314453
2018-10-19,28.826486587524414
2018-10-22,28.82352066040039
2018-10-23,29.019344329833984
2018-10-24,28.948137283325195
2018-10-25,29.4288272857666
2018-10-26,29.357606887817383
2018-10-29,29.61279296875
2018-10-30,30.39020347595215
2018-10-31,29.755212783813477
2018-11-01,29.844240188598633
2018-11-02,30.06973648071289
2018-11-05,30.535593032836914
2018-11-06,30.66020965576172
2018-11-07,30.9539737701416
2018-11-08,31.120134353637695
2018-11-09,31.32190704345703
2018-11-12,30.820457458496094
2018-11-13,30.54450035095215
2018-11-14,30.126121520996094
2018-11-15,29.53564453125
2018-11-16,28.986711502075195
2018-11-19,28.71669578552246
2018-11-20,27.93927574157715
2018-11-21,27.9422550201416
2018-11-23,28.21820068359375
2018-11-26,28.23303985595703
2018-11-27,28.200395584106445
2018-11-28,28.9184627532959
2018-11-29,28.868022918701172
2018-11-30,28.974842071533203
2018-12-03,29.301223754882812
2018-12-04,28.42887306213379
2018-12-06,28.27373504638672
2018-12-07,27.802358627319336
2018-12-10,28.026111602783203
2018-12-11,27.999269485473633
2018-12-12,27.77849769592285
2018-12-13,27.733741760253906
2018-12-14,27.40258026123047
2018-12-17,27.08037567138672
2018-12-18,27.172866821289062
2018-12-19,27.014741897583008
2018-12-20,26.039165496826172
2018-12-21,25.994415283203125
2018-12-24,25.603586196899414
2018-12-26,26.97297477722168
2018-12-27,27.32501792907715
2018-12-28,27.486116409301758
2018-12-31,27.79042625427246
2019-01-02,27.847105026245117
2019-01-03,27.70391273498535
2019-01-04,27.8769474029541
2019-01-07,28.20511817932129
2019-01-08,28.402023315429688
2019-01-09,28.309537887573242
2019-01-10,28.330419540405273
2019-01-11,28.294618606567383
2019-01-14,28.327442169189453
2019-01-15,28.715282440185547
2019-01-16,28.7451171875
2019-01-17,28.861473083496094
2019-01-18,29.15682601928711
2019-01-22,29.085216522216797
2019-01-23,29.449199676513672
2019-01-24,29.34477996826172
2019-01-25,28.921133041381836
2019-01-28,28.956937789916992
2019-01-29,28.852519989013672
2019-01-30,28.28269386291504
2019-01-31,28.589981079101562
2019-02-01,28.002246856689453
2019-02-04,28.27373504638672
2019-02-05,28.52135467529297
2019-02-06,28.533292770385742
2019-02-07,28.858482360839844
2019-02-08,28.515392303466797
2019-02-11,28.700359344482422
2019-02-12,28.930091857910156
2019-02-13,29.21947479248047
2019-02-14,29.392513275146484
2019-02-15,29.831077575683594
2019-02-19,30.490406036376953
2019-02-20,29.79825782775879
2019-02-21,29.652070999145508
2019-02-22,29.699806213378906
2019-02-25,29.571517944335938
2019-02-26,29.4432315826416
2019-02-27,29.27019691467285
2019-02-28,29.532733917236328
2019-03-01,29.216495513916016
2019-03-04,29.192628860473633
2019-03-05,29.33881378173828
2019-03-06,29.314956665039062
2019-03-07,29.073293685913086
2019-03-08,29.115055084228516
2019-03-11,29.38058090209961
2019-03-12,29.347763061523438
2019-03-13,29.544668197631836
2019-03-14,29.460691452026367
2019-03-15,29.520675659179688
2019-03-18,29.892601013183594
2019-03-19,29.94959259033203
2019-03-20,29.586666107177734
2019-03-21,29.7126407623291
2019-03-22,29.47868537902832
2019-03-25,29.4456844329834
2019-03-26,29.490676879882812
2019-03-27,29.157739639282227
2019-03-28,29.133743286132812
2019-03-29,29.253721237182617
2019-04-01,29.340700149536133
2019-04-02,29.076745986938477
2019-04-03,29.151744842529297
2019-04-04,29.427690505981445
2019-04-05,29.643646240234375
2019-04-08,29.76363182067871
2019-04-09,29.60165786743164
2019-04-10,29.874608993530273
2019-04-11,30.234548568725586
2019-04-12,30.462499618530273
2019-04-15,30.72345542907715
2019-04-16,30.873432159423828
2019-04-17,30.942420959472656
2019-04-18,30.948413848876953
2019-04-22,30.70545196533203
2019-04-23,30.915416717529297
2019-04-24,31.053396224975586
2019-04-25,31.050399780273438
2019-04-26,30.453508377075195
2019-04-29,30.462499618530273
2019-04-30,30.8464298248291
2019-05-01,30.402509689331055
2019-05-02,30.339529037475586
2019-05-03,30.618478775024414
2019-05-06,30.732452392578125
2019-05-07,30.384517669677734
2019-05-08,30.084571838378906
2019-05-09,30.015214920043945
2019-05-10,30.7298641204834
2019-05-13,30.120742797851562
2019-05-14,30.24138069152832
2019-05-15,30.117740631103516
2019-05-16,30.548934936523438
2019-05-17,30.41324806213379
2019-05-20,30.612260818481445
2019-05-21,30.49165153503418
2019-05-22,30.82635498046875
2019-05-23,30.71479606628418
2019-05-24,30.95903968811035
2019-05-28,30.88365364074707
2019-05-29,30.793182373046875
2019-05-30,30.81430435180664
2019-05-31,30.588144302368164
2019-06-03,30.744945526123047
2019-06-04,30.925872802734375
2019-06-05,31.486738204956055
2019-06-06,31.694786071777344
2019-06-07,31.981246948242188
2019-06-10,32.4215087890625
2019-06-11,32.54814147949219
2019-06-12,32.81350326538086
2019-06-13,32.76224136352539
2019-06-14,32.88889694213867
2019-06-17,32.91602325439453
2019-06-18,33.06377410888672
2019-06-19,33.054725646972656
2019-06-20,33.265811920166016
2019-06-21,33.510047912597656
2019-06-24,33.54323196411133
2019-06-25,33.386409759521484
2019-06-26,33.21756362915039
2019-06-27,33.199466705322266
2019-06-28,33.31707000732422
2019-07-01,33.356266021728516
2019-07-02,33.65177917480469
2019-07-03,33.86888885498047
2019-07-05,33.76636505126953
2019-07-08,33.989505767822266
2019-07-09,34.03776168823242
2019-07-10,34.067901611328125
2019-07-11,34.35135269165039
2019-07-12,34.556392669677734
2019-07-15,34.67099380493164
2019-07-16,34.604644775390625
2019-07-17,34.556392669677734
2019-07-18,34.59257888793945
2019-07-19,34.345306396484375
2019-07-22,34.019657135009766
2019-07-23,33.799530029296875
2019-07-24,33.77239227294922
2019-07-25,33.838741302490234
2019-07-26,34.0799674987793
2019-07-29,33.85381317138672
2019-07-30,33.79047775268555
2019-07-31,33.283897399902344
2019-08-01,32.98236083984375
2019-08-02,32.98838424682617
2019-08-05,31.908876419067383
2019-08-06,32.346107482910156
2019-08-07,32.62654495239258
2019-08-08,32.884117126464844
2019-08-09,32.50835418701172
2019-08-12,31.884136199951172
2019-08-13,32.54775619506836
2019-08-14,32.181095123291016
2019-08-15,34.14773178100586
2019-08-16,34.2386360168457
2019-08-19,34.48711013793945
2019-08-20,33.95378112792969
2019-08-21,33.94470977783203
2019-08-22,33.91136932373047
2019-08-23,33.584110260009766
2019-08-26,33.935611724853516
2019-08-27,34.06591033935547
2019-08-28,34.156822204589844
2019-08-29,34.568939208984375
2019-08-30,34.623477935791016
2019-09-03,34.738616943359375
2019-09-04,35.12346267700195
2019-09-05,34.981040954589844
2019-09-06,34.76589584350586
2019-09-09,35.250732421875
2019-09-10,35.16587829589844
2019-09-11,35.156795501708984
2019-09-12,35.42951202392578
2019-09-13,35.58406448364258
2019-09-16,35.02043914794922
2019-09-17,35.30527877807617
2019-09-18,35.50223922729492
2019-09-19,35.487091064453125
2019-09-20,35.447689056396484
2019-09-23,35.641632080078125
2019-09-24,35.87800216674805
2019-09-25,35.899192810058594
2019-09-26,35.84769058227539
2019-09-27,35.89314651489258
2019-09-30,35.962833404541016
2019-10-01,35.71133041381836
2019-10-02,35.187103271484375
2019-10-03,35.24467086791992
2019-10-04,35.805267333984375
2019-10-07,35.52345275878906
2019-10-08,35.6295166015625
2019-10-09,36.038597106933594
2019-10-10,36.24464416503906
2019-10-11,36.435546875
2019-10-14,36.111305236816406
2019-10-15,36.22040939331055
2019-10-16,36.18707275390625
2019-10-17,36.3143424987793
2019-10-18,36.102230072021484
2019-10-21,36.28403091430664
2019-10-22,36.235565185546875
2019-10-23,36.165863037109375
2019-10-24,36.090110778808594
2019-10-25,36.071922302246094
2019-10-28,36.1264762878418
2019-10-29,35.49921417236328
2019-10-30,35.787086486816406
2019-10-31,35.53254318237305
2019-11-01,35.641632080078125
2019-11-04,35.62647247314453
2019-11-05,36.01738357543945
2019-11-06,36.211307525634766
2019-11-07,36.43251419067383
2019-11-08,36.19314193725586
2019-11-11,36.071922302246094
2019-11-12,36.09617233276367
2019-11-13,36.65978240966797
2019-11-14,36.559791564941406
2019-11-15,36.020416259765625
2019-11-18,36.43859100341797
2019-11-19,36.329490661621094
2019-11-20,36.09919357299805
2019-11-21,36.32040023803711
2019-11-22,36.16889190673828
2019-11-25,36.03556442260742
2019-11-26,36.117374420166016
2019-11-27,35.98707962036133
2019-11-29,36.087074279785156
2019-12-02,36.144657135009766
2019-12-03,35.95980453491211
2019-12-04,35.96586227416992
2019-12-05,36.118064880371094
2019-12-06,36.45896911621094
2019-12-09,36.33113098144531
2019-12-10,36.26416778564453
2019-12-11,36.2215576171875
2019-12-12,36.452877044677734
2019-12-13,36.61420440673828
2019-12-16,36.6902961730957
2019-12-17,36.915531158447266
2019-12-18,36.483314514160156
2019-12-19,36.5502815246582
2019-12-20,36.61420440673828
2019-12-23,36.23066711425781
2019-12-24,36.37678146362305
2019-12-26,36.379825592041016
2019-12-27,36.401145935058594
2019-12-30,36.34329605102539
2019-12-31,36.1728401184082
2020-01-02,36.20328903198242
2020-01-03,35.8836784362793
2020-01-06,35.81064224243164
2020-01-07,35.478851318359375
2020-01-08,35.35710906982422
2020-01-09,35.72236251831055
2020-01-10,35.4240608215332
2020-01-13,35.271881103515625
2020-01-14,35.36318588256836
2020-01-15,35.0892448425293
2020-01-16,35.27796936035156
2020-01-17,34.991844177246094
2020-01-21,35.1836051940918
2020-01-22,35.33884048461914
2020-01-23,35.25056076049805
2020-01-24,34.812255859375
2020-01-27,35.26579666137695
2020-01-28,35.49102783203125
2020-01-29,35.27491760253906
2020-01-30,35.48493957519531
2020-01-31,34.848785400390625
2020-02-03,34.78181457519531
2020-02-04,35.08620071411133
2020-02-05,35.554962158203125
2020-02-06,35.40276336669922
2020-02-07,35.44538116455078
2020-02-10,35.08012390136719
2020-02-11,35.125770568847656
2020-02-12,35.262752532958984
2020-02-13,35.74671173095703
2020-02-14,35.8836784362793
2020-02-18,36.41330337524414
2020-02-19,35.819766998291016
2020-02-20,35.822811126708984
2020-02-21,36.093719482421875
2020-02-24,35.40579605102539
2020-02-25,34.8183479309082
2020-02-26,34.6326789855957
2020-02-27,33.60384750366211
2020-02-28,32.77593231201172
2020-03-02,35.271881103515625
2020-03-03,34.367862701416016
2020-03-04,35.54277420043945
2020-03-05,35.28404998779297
2020-03-06,35.68279266357422
2020-03-09,35.66148376464844
2020-03-10,36.46201705932617
2020-03-11,34.83052062988281
2020-03-12,31.671030044555664
2020-03-13,34.730072021484375
2020-03-16,32.495906829833984
2020-03-17,36.30067443847656
2020-03-18,37.311241149902344
2020-03-19,36.51940155029297
2020-03-20,34.84400939941406
2020-03-23,34.93877410888672
2020-03-24,35.1680793762207
2020-03-25,33.44681167602539
2020-03-26,33.57521438598633
2020-03-27,33.5018424987793
2020-03-30,35.21698760986328
2020-03-31,34.73698806762695
2020-04-01,34.895973205566406
2020-04-02,36.274818420410156
2020-04-03,36.52858352661133
2020-04-06,38.5433235168457
2020-04-07,37.29595184326172
2020-04-08,37.25009536743164
2020-04-09,37.23785400390625
2020-04-13,38.30792236328125
2020-04-14,39.43911361694336
2020-04-15,39.36574935913086
2020-04-16,40.45719528198242
2020-04-17,40.39299774169922
2020-04-20,39.6989860534668
2020-04-21,39.503318786621094
2020-04-22,40.23095703125
2020-04-23,39.29541015625
2020-04-24,39.57364273071289
2020-04-27,39.22511291503906
2020-04-28,39.13338851928711
2020-04-29,37.78817367553711
2020-04-30,37.16143035888672
2020-05-01,37.58026885986328
2020-05-04,37.81874084472656
2020-05-05,38.1336555480957
2020-05-06,37.69645690917969
2020-05-07,37.429298400878906
2020-05-08,37.751731872558594
2020-05-11,37.97589111328125
2020-05-12,38.009681701660156
2020-05-13,37.98817825317383
2020-05-14,37.89912414550781
2020-05-15,38.67295455932617
2020-05-18,39.20112609863281
2020-05-19,38.36894989013672
2020-05-20,38.52248001098633
2020-05-21,38.38123321533203
2020-05-22,38.178558349609375
2020-05-26,38.03424072265625
2020-05-27,37.6104850769043
2020-05-28,37.98202896118164
2020-05-29,38.09565353393555
2020-06-01,38.064937591552734
2020-06-02,38.058807373046875
2020-06-03,37.914485931396484
2020-06-04,37.496856689453125
2020-06-05,37.32796859741211
2020-06-08,37.22970199584961
2020-06-09,37.26347732543945
2020-06-10,37.20513153076172
2020-06-11,36.876564025878906
2020-06-12,36.154937744140625
2020-06-15,36.25934600830078
2020-06-16,36.741451263427734
2020-06-17,36.55105972290039
2020-06-18,36.23171615600586
2020-06-19,36.8028678894043
2020-06-22,37.36481475830078
2020-06-23,37.17750549316406
2020-06-24,36.94105529785156
2020-06-25,36.75988006591797
2020-06-26,36.33304977416992
2020-06-29,36.5602912902832
2020-06-30,36.78137969970703
2020-07-01,36.75374984741211
2020-07-02,36.606346130371094
2020-07-06,36.508094787597656
2020-07-07,38.98310470581055
2020-07-08,38.21234130859375
2020-07-09,39.228755950927734
2020-07-10,40.12849044799805
2020-07-13,39.772274017333984
2020-07-14,40.536895751953125
2020-07-15,40.5338249206543
2020-07-16,40.59524154663086
2020-07-17,40.4539794921875
2020-07-20,40.37107467651367
2020-07-21,40.63516616821289
2020-07-22,40.736488342285156
2020-07-23,40.423274993896484
2020-07-24,40.300445556640625
2020-07-27,40.29124069213867
2020-07-28,40.460121154785156
2020-07-29,40.131561279296875
2020-07-30,39.95652389526367
2020-07-31,39.735435485839844
2020-08-03,39.7047233581543
2020-08-04,40.423274993896484
2020-08-05,39.861331939697266
2020-08-06,39.72008514404297
2020-08-07,39.91046905517578
2020-08-10,40.49697494506836
2020-08-11,39.98108673095703
2020-08-12,40.50005340576172
2020-08-13,40.65421676635742
2020-08-14,40.88547134399414
2020-08-17,41.81048583984375
2020-08-18,41.53605651855469
2020-08-19,40.82688522338867
2020-08-20,40.25953674316406
2020-08-21,40.58638000488281
2020-08-24,40.493873596191406
2020-08-25,40.278045654296875
2020-08-26,40.29962921142578
2020-08-27,42.128055572509766
2020-08-28,43.25965881347656
2020-08-31,42.81257629394531
2020-09-01,45.507442474365234
2020-09-02,45.535179138183594
2020-09-03,44.5670051574707
2020-09-04,44.03975296020508
2020-09-08,42.689247131347656
2020-09-09,43.13323974609375
2020-09-10,42.183570861816406
2020-09-11,42.149654388427734
2020-09-14,42.3408203125
2020-09-15,42.353145599365234
2020-09-16,42.013973236083984
2020-09-17,42.14656448364258
2020-09-18,41.714900970458984
2020-09-21,42.26373291015625
2020-09-22,42.64606857299805
2020-09-23,41.93073654174805
2020-09-24,42.149654388427734
2020-09-25,42.32539749145508
2020-09-28,42.31923294067383
2020-09-29,42.285316467285156
2020-09-30,43.139408111572266
2020-10-01,44.11683654785156
2020-10-02,43.32133483886719
2020-10-05,43.722171783447266
2020-10-06,43.361419677734375
2020-10-07,43.44157409667969
2020-10-08,43.58650207519531
2020-10-09,44.024330139160156
2020-10-12,44.47758483886719
2020-10-13,45.08810043334961
2020-10-14,44.38201141357422
2020-10-15,44.56391525268555
2020-10-16,44.61943054199219
2020-10-19,44.076759338378906
2020-10-20,44.36967086791992
2020-10-21,44.523841857910156
2020-10-22,44.261749267578125
2020-10-23,44.354251861572266
2020-10-26,43.83316421508789
2020-10-27,44.052085876464844
2020-10-28,43.17949295043945
2020-10-29,43.14249038696289
2020-10-30,42.78173828125
2020-11-02,43.29048538208008
2020-11-03,44.024330139160156
2020-11-04,43.77150344848633
2020-11-05,44.237098693847656
2020-11-06,44.946266174316406
2020-11-09,44.2586784362793
2020-11-10,44.88151550292969
2020-11-11,45.627685546875
2020-11-12,45.704769134521484
2020-11-13,46.41703796386719
2020-11-16,47.00287628173828
2020-11-17,46.0562744140625
2020-11-18,45.96995162963867
2020-11-19,46.904197692871094
2020-11-20,46.324527740478516
2020-11-23,46.537288665771484
2020-11-24,46.66987609863281
2020-11-25,46.814781188964844
2020-11-27,46.74385452270508
2020-11-30,47.11079406738281
2020-12-01,47.06454086303711
2020-12-02,46.41086196899414
2020-12-03,46.03469467163086
2020-12-04,45.91443634033203
2020-12-07,45.66777420043945
2020-12-08,46.08094787597656
2020-12-09,45.717098236083984
2020-12-10,45.50358200073242
2020-12-11,45.4911994934082
2020-12-14,45.07342529296875
2020-12-15,45.0517578125
2020-12-16,45.005340576171875
2020-12-17,45.21268081665039
2020-12-18,45.16626739501953
2020-12-21,45.172447204589844
2020-12-22,44.624698638916016
2020-12-23,44.3214225769043
2020-12-24,44.408077239990234
2020-12-28,44.94034957885742
2020-12-29,44.6556510925293
2020-12-30,44.61851119995117
2020-12-31,44.60921859741211
2021-01-04,45.34575271606445
2021-01-05,45.104366302490234
2021-01-06,45.38597869873047
2021-01-07,45.38288497924805
2021-01-08,45.37670135498047
2021-01-11,45.580936431884766
2021-01-12,46.100833892822266
2021-01-13,45.630455017089844
2021-01-14,45.481910705566406
2021-01-15,44.7608642578125
2021-01-19,44.37404251098633
2021-01-20,45.030094146728516
2021-01-21,44.82585525512695
2021-01-22,45.283851623535156
2021-01-25,45.243629455566406
2021-01-26,45.649024963378906
2021-01-27,44.5132942199707
2021-01-28,44.485443115234375
2021-01-29,43.47659683227539
2021-02-01,43.099037170410156
2021-02-02,43.563236236572266
2021-02-03,43.69630432128906
2021-02-04,44.10789108276367
2021-02-05,44.67422103881836
2021-02-08,44.88155746459961
2021-02-09,45.12912368774414
2021-02-10,44.6030387878418
2021-02-11,44.56900405883789
2021-02-12,44.708255767822266
2021-02-16,45.07652282714844
2021-02-17,45.5530891418457
2021-02-18,42.600807189941406
2021-02-19,42.81123733520508
2021-02-22,42.610084533691406
2021-02-23,41.9230842590332
2021-02-24,41.22368621826172
2021-02-25,40.833763122558594
2021-02-26,40.20555114746094
2021-03-01,40.654273986816406
2021-03-02,40.26435470581055
2021-03-03,39.48450469970703
2021-03-04,39.4659423828125
2021-03-05,39.95798110961914
2021-03-08,39.57424545288086
2021-03-09,39.886802673339844
2021-03-10,40.904945373535156
2021-03-11,40.889469146728516
2021-03-12,41.505313873291016
2021-03-15,41.291770935058594
2021-03-16,41.279388427734375
2021-03-17,40.93588638305664
2021-03-18,40.40138626098633
2021-03-19,40.93899917602539
2021-03-22,41.13477325439453
2021-03-23,41.622657775878906
2021-03-24,41.3647346496582
2021-03-25,41.644412994384766
2021-03-26,41.99246597290039
2021-03-29,42.47102737426758
2021-03-30,42.1820182800293
2021-03-31,42.209991455078125
2021-04-01,42.14472961425781
2021-04-05,43.328704833984375
2021-04-06,43.53691482543945
2021-04-07,43.443687438964844
2021-04-08,43.41572570800781
2021-04-09,43.437469482421875
2021-04-12,43.443687438964844
2021-04-13,43.31006622314453
2021-04-14,43.294525146484375
2021-04-15,43.55556869506836
2021-04-16,43.69540786743164
2021-04-19,43.41572570800781
2021-04-20,43.7513427734375
2021-04-21,43.878746032714844
2021-04-22,43.40329360961914
2021-04-23,43.474769592285156
2021-04-26,42.856361389160156
2021-04-27,43.00242233276367
2021-04-28,42.85013961791992
2021-04-29,43.390865325927734
2021-04-30,43.47787094116211
2021-05-03,44.16464614868164
2021-05-04,43.72957992553711
2021-05-05,43.692298889160156
2021-05-06,44.004268646240234
2021-05-07,43.73908996582031
2021-05-10,43.93251037597656
2021-05-11,43.53629684448242
2021-05-12,42.410072326660156
2021-05-13,43.12762451171875
2021-05-14,43.52694320678711
2021-05-17,43.33040237426758
2021-05-18,44.27256774902344
2021-05-19,44.27568435668945
2021-05-20,44.431671142578125
2021-05-21,44.222652435302734
2021-05-24,44.225765228271484
2021-05-25,44.40671157836914
2021-05-26,44.35367965698242
2021-05-27,44.203941345214844
2021-05-28,44.31000518798828
2021-06-01,44.194576263427734
2021-06-02,44.097862243652344
2021-06-03,44.175865173339844
2021-06-04,44.25384521484375
2021-06-07,43.95747756958008
2021-06-08,43.623653411865234
2021-06-09,43.389678955078125
2021-06-10,43.63925552368164
2021-06-11,43.91067886352539
2021-06-14,43.85140609741211
2021-06-15,43.67669677734375
2021-06-16,42.78755569458008
2021-06-17,42.96539306640625
2021-06-18,42.16984558105469
2021-06-21,42.553585052490234
2021-06-22,42.75012969970703
2021-06-23,42.41631317138672
2021-06-24,42.71268844604492
2021-06-25,43.21808624267578
2021-06-28,43.08393859863281
2021-06-29,42.8343620300293
2021-06-30,43.99491500854492
2021-07-01,43.46455001831055
2021-07-02,43.711002349853516
2021-07-06,43.65797805786133
2021-07-07,43.58622741699219
2021-07-08,43.54878616333008
2021-07-09,43.77029800415039
2021-07-12,43.692298889160156
2021-07-13,43.85764694213867
2021-07-14,44.16026306152344
2021-07-15,44.194576263427734
2021-07-16,44.16337585449219
2021-07-19,44.0604248046875
2021-07-20,44.26008987426758
2021-07-21,44.04170608520508
2021-07-22,44.07290267944336
2021-07-23,44.434791564941406
2021-07-26,44.497188568115234
2021-07-27,44.500308990478516
2021-07-28,44.31936264038086
2021-07-29,44.37552261352539
2021-07-30,44.472232818603516
2021-08-02,44.369266510009766
2021-08-03,44.868446350097656
2021-08-04,44.56270980834961
2021-08-05,45.389442443847656
2021-08-06,45.308326721191406
2021-08-09,45.41752624511719
2021-08-10,46.3846435546875
2021-08-11,46.79958724975586
2021-08-12,46.67432403564453
2021-08-13,46.821495056152344
2021-08-16,47.20351028442383
2021-08-17,47.18785095214844
2021-08-18,46.68684768676758
2021-08-19,47.00310134887695
2021-08-20,47.42269515991211
2021-08-23,47.10956573486328
2021-08-24,46.62423324584961
2021-08-25,46.64301300048828
2021-08-26,46.13888168334961
2021-08-27,45.87899398803711
2021-08-30,46.248477935791016
2021-08-31,46.37371826171875
2021-09-01,46.273529052734375
2021-09-02,46.517757415771484
2021-09-03,46.73381423950195
2021-09-07,46.113826751708984
2021-09-08,46.1733283996582
2021-09-09,45.847679138183594
2021-09-10,45.68172073364258
2021-09-13,45.42182922363281
2021-09-14,45.183860778808594
2021-09-15,45.26213455200195
2021-09-16,45.41244125366211
2021-09-17,45.3184928894043
2021-09-20,44.69538116455078
2021-09-21,44.78305435180664
2021-09-22,44.67972183227539
2021-09-23,44.704769134521484
2021-09-24,44.83002853393555
2021-09-27,44.54195785522461
2021-09-28,43.99399185180664
2021-09-29,43.97519302368164
2021-09-30,43.64328384399414
2021-10-01,42.9137077331543
2021-10-04,42.50037384033203
2021-10-05,42.77906036376953
2021-10-06,43.09217834472656
2021-10-07,43.59944152832031
2021-10-08,43.73095703125
2021-10-11,43.69024658203125
2021-10-12,43.64328384399414
2021-10-13,43.32703399658203
2021-10-14,43.796714782714844
2021-10-15,44.009639739990234
2021-10-18,44.36347198486328
2021-10-19,45.30597686767578
2021-10-20,45.71616744995117
2021-10-21,45.96979904174805
2021-10-22,46.448883056640625
2021-10-25,46.98745346069336
2021-10-26,46.577266693115234
2021-10-27,46.19524383544922
2021-10-28,46.48332977294922
2021-10-29,46.787052154541016
2021-11-01,46.90291976928711
2021-11-02,46.880985260009766
2021-11-03,47.0250244140625
2021-11-04,47.36945724487305
2021-11-05,47.04068374633789
2021-11-08,46.740081787109375
2021-11-09,46.90291976928711
2021-11-10,46.48019027709961
2021-11-11,46.49897766113281
2021-11-12,46.26726531982422
2021-11-15,46.0010986328125
2021-11-16,44.83002853393555
2021-11-17,44.44487380981445
2021-11-18,44.826900482177734
2021-11-19,44.58578872680664
2021-11-22,45.33415222167969
2021-11-23,45.65667724609375
2021-11-24,45.885250091552734
2021-11-26,45.37173080444336
2021-11-29,44.66094207763672
2021-11-30,44.034690856933594
2021-12-01,42.94187545776367
2021-12-02,42.418968200683594
2021-12-03,43.057743072509766
2021-12-06,43.5242919921875
2021-12-07,43.383392333984375
2021-12-08,42.94501495361328
2021-12-09,43.54235076904297
2021-12-10,44.337730407714844
2021-12-13,45.136287689208984
2021-12-14,45.566986083984375
2021-12-15,45.82793045043945
2021-12-16,45.06397247314453
2021-12-17,43.62094497680664
2021-12-20,43.76242446899414
2021-12-21,43.894466400146484
2021-12-22,43.95104217529297
2021-12-23,43.85358810424805
2021-12-27,44.25286102294922
2021-12-28,44.887908935546875
2021-12-29,44.865901947021484
2021-12-30,45.01053237915039
2021-12-31,45.48838806152344
2022-01-03,45.47582244873047
2022-01-04,44.642696380615234
2022-01-05,45.246315002441406
2022-01-06,45.12055587768555
2022-01-07,45.551265716552734
2022-01-10,45.46324157714844
2022-01-11,45.3343391418457
2022-01-12,45.09541702270508
2022-01-13,45.733612060546875
2022-01-14,45.60470962524414
2022-01-18,44.806175231933594
2022-01-19,45.252593994140625
2022-01-20,44.39747619628906
2022-01-21,44.07365417480469
2022-01-24,44.076805114746094
2022-01-25,43.117919921875
2022-01-26,42.67778015136719
2022-01-27,42.70608139038086
2022-01-28,43.23424530029297
2022-01-31,43.954185485839844
2022-02-01,44.30000686645508
2022-02-02,44.281150817871094
2022-02-03,44.32516860961914
2022-02-04,43.80329132080078
2022-02-07,43.372589111328125
2022-02-08,43.38200759887695
2022-02-09,43.287689208984375
2022-02-10,42.78154754638672
2022-02-11,42.54574203491211
2022-02-14,42.11189270019531
2022-02-15,42.24394226074219
2022-02-16,41.9798469543457
2022-02-17,43.66181945800781
2022-02-18,43.38200759887695
2022-02-22,42.89786148071289
2022-02-23,42.45771789550781
2022-02-24,42.29423904418945
2022-02-25,42.875858306884766
2022-02-28,42.49230194091797
2022-03-01,42.75324630737305
2022-03-02,42.80669021606445
2022-03-03,43.790706634521484
2022-03-04,44.90048599243164
2022-03-07,44.5389404296875
2022-03-08,43.617801666259766
2022-03-09,43.844154357910156
2022-03-10,44.840763092041016
2022-03-11,44.66469955444336
2022-03-14,45.28718185424805
2022-03-15,45.83107376098633
2022-03-16,45.695884704589844
2022-03-17,45.765316009521484
2022-03-18,45.901023864746094
2022-03-21,45.51914978027344
2022-03-22,45.38344955444336
2022-03-23,44.799583435058594
2022-03-24,45.077308654785156
2022-03-25,45.27298355102539
2022-03-28,46.0777587890625
2022-03-29,46.465965270996094
2022-03-30,47.29914474487305
2022-03-31,46.99931716918945
2022-04-01,47.6589241027832
2022-04-04,47.668392181396484
2022-04-05,47.80409622192383
2022-04-06,48.91501998901367
2022-04-07,49.40420150756836
2022-04-08,49.678768157958984
2022-04-11,48.69409942626953
2022-04-12,48.359554290771484
2022-04-13,49.61881637573242
2022-04-14,49.574623107910156
2022-04-18,49.19590377807617
2022-04-19,49.7545166015625
2022-04-20,50.37941360473633
2022-04-21,50.455142974853516
2022-04-22,49.50519943237305
2022-04-25,49.53044509887695
2022-04-26,49.012847900390625
2022-04-27,48.67831802368164
2022-04-28,49.300048828125
2022-04-29,48.283817291259766
2022-05-02,47.96505355834961
2022-05-03,48.13232421875
2022-05-04,48.79824447631836
2022-05-05,48.3801383972168
2022-05-06,47.37287139892578
2022-05-09,47.927188873291016
2022-05-10,47.25251007080078
2022-05-11,46.758392333984375
2022-05-12,46.71404266357422
2022-05-13,46.89458465576172
2022-05-16,46.94527053833008
2022-05-17,41.60489273071289
2022-05-18,38.77949905395508
2022-05-19,37.71522903442383
2022-05-20,37.756404876708984
2022-05-23,38.83335494995117
2022-05-24,39.317970275878906
2022-05-25,39.077239990234375
2022-05-26,39.9102897644043
2022-05-27,40.695823669433594
2022-05-31,40.74333572387695
2022-06-01,39.73607635498047
2022-06-02,40.388580322265625
2022-06-03,39.69489669799805
2022-06-06,39.55236053466797
2022-06-07,39.077239990234375
2022-06-08,38.738319396972656
2022-06-09,38.33287811279297
2022-06-10,38.54827117919922
2022-06-13,37.82292175292969
2022-06-14,37.8387565612793
2022-06-15,37.813411712646484
2022-06-16,38.20618438720703
2022-06-17,37.46815490722656
2022-06-21,38.6971321105957
2022-06-22,38.22835159301758
2022-06-23,39.156429290771484
2022-06-24,39.188106536865234
2022-06-27,39.31480407714844
2022-06-28,38.760494232177734
2022-06-29,38.617950439453125
2022-06-30,38.51026153564453
2022-07-01,38.84284973144531
2022-07-05,39.35597610473633
2022-07-06,39.63471603393555
2022-07-07,39.69489669799805
2022-07-08,39.72024154663086
2022-07-11,39.73607635498047
2022-07-12,39.61570739746094
2022-07-13,39.71073913574219
2022-07-14,40.48677062988281
2022-07-15,40.882713317871094
2022-07-18,40.787681579589844
2022-07-19,41.03791427612305
2022-07-20,41.37999725341797
2022-07-21,41.9849853515625
2022-07-22,41.87730407714844
2022-07-25,41.817115783691406
2022-07-26,38.63695526123047
2022-07-27,40.097171783447266
2022-07-28,41.09809875488281
2022-07-29,41.82661056518555
2022-08-01,41.981815338134766
2022-08-02,42.02617263793945
2022-08-03,41.33566665649414
2022-08-04,39.77408981323242
2022-08-05,40.093994140625
2022-08-08,40.42026138305664
2022-08-09,40.81935501098633
2022-08-10,40.90488052368164
2022-08-11,41.29936599731445
2022-08-12,42.06287384033203
2022-08-15,42.18375015258789
2022-08-16,44.33748245239258
2022-08-17,44.38519287109375
2022-08-18,44.24203872680664
2022-08-19,43.58987808227539
2022-08-22,42.810462951660156
2022-08-23,42.62913513183594
2022-08-24,42.93770980834961
2022-08-25,43.224029541015625
2022-08-26,41.86562728881836
2022-08-29,42.2728271484375
2022-08-30,42.14556884765625
2022-08-31,42.16783905029297
2022-09-01,42.78183364868164
2022-09-02,42.31100845336914
2022-09-06,42.101043701171875
2022-09-07,43.18266677856445
2022-09-08,43.40217971801758
2022-09-09,43.53261947631836
2022-09-12,43.92390823364258
2022-09-13,43.01725387573242
2022-09-14,42.92180252075195
2022-09-15,42.46052169799805
2022-09-16,42.3714485168457
2022-09-19,42.73410415649414
2022-09-20,42.4859733581543
2022-09-21,42.87409210205078
2022-09-22,42.43506622314453
2022-09-23,41.37570571899414
2022-09-26,41.77336883544922
2022-09-27,41.658843994140625
2022-09-28,42.34599304199219
2022-09-29,42.07240676879883
2022-09-30,41.26117706298828
2022-10-03,42.161468505859375
2022-10-04,42.70866394042969
2022-10-05,42.285552978515625
2022-10-06,41.89107131958008
2022-10-07,40.89851379394531
2022-10-10,41.140289306640625
2022-10-11,42.206016540527344
2022-10-12,41.72882843017578
2022-10-13,42.08196258544922
2022-10-14,41.49341583251953
2022-10-17,41.79244613647461
2022-10-18,42.67367172241211
2022-10-19,42.55278015136719
2022-10-20,42.65776443481445
2022-10-21,43.51988220214844
2022-10-24,44.35020446777344
2022-10-25,44.560176849365234
2022-10-26,44.900569915771484
2022-10-27,44.7701301574707
2022-10-28,45.336402893066406
2022-10-31,45.27914047241211
2022-11-01,45.07553482055664
2022-11-02,44.776493072509766
2022-11-03,44.766944885253906
2022-11-04,44.84648132324219
2022-11-07,45.31731033325195
2022-11-08,45.425472259521484
2022-11-09,44.369293212890625
2022-11-10,45.28868103027344
2022-11-11,45.35867691040039
2022-11-14,44.02570343017578
2022-11-15,46.90476989746094
2022-11-16,47.24198532104492
2022-11-17,47.082916259765625
2022-11-18,47.7923469543457
2022-11-21,48.085018157958984
2022-11-22,48.25680923461914
2022-11-23,48.489044189453125
2022-11-25,48.695823669433594
2022-11-28,48.8358039855957
2022-11-29,48.66401672363281
2022-11-30,48.489044189453125
2022-12-01,48.791259765625
2022-12-02,48.74354553222656
2022-12-05,48.24408721923828
2022-12-06,47.68418502807617
2022-12-07,47.43604278564453
2022-12-08,47.50948715209961
2022-12-09,46.40142059326172
2022-12-12,47.26679992675781
2022-12-13,47.09756088256836
2022-12-14,46.83571243286133
2022-12-15,46.41738510131836
2022-12-16,45.583946228027344
2022-12-19,45.59990692138672
2022-12-20,45.99907302856445
2022-12-21,46.35991287231445
2022-12-22,45.817054748535156
2022-12-23,45.90966033935547
2022-12-27,45.92243576049805
2022-12-28,45.117733001708984
2022-12-29,45.39234924316406
2022-12-30,45.27738571166992
2023-01-03,45.85537338256836
2023-01-04,45.906471252441406
2023-01-05,45.749996185302734
2023-01-06,46.87083435058594
2023-01-09,46.28645706176758
2023-01-10,46.257720947265625
2023-01-11,46.66327667236328
2023-01-12,46.24176788330078
2023-01-13,46.39503860473633
2023-01-17,46.11402893066406
2023-01-18,44.974029541015625
2023-01-19,44.332191467285156
2023-01-20,44.878231048583984
2023-01-23,45.54882049560547
2023-01-24,45.670169830322266
2023-01-25,45.45302200317383
2023-01-26,45.411502838134766
2023-01-27,45.759578704833984
2023-01-30,45.39234924316406
2023-01-31,45.94158935546875
2023-02-01,46.19705581665039
2023-02-02,45.86175537109375
2023-02-03,45.25184631347656
2023-02-06,44.92293930053711
2023-02-07,45.01873779296875
2023-02-08,44.776058197021484
2023-02-09,45.19116973876953
2023-02-10,45.89369201660156
2023-02-13,46.593013763427734
2023-02-14,46.45890426635742
2023-02-15,46.803775787353516
2023-02-16,46.069332122802734
2023-02-17,46.762264251708984
2023-02-21,47.04646682739258
2023-02-22,46.05974578857422
2023-02-23,45.37318801879883
2023-02-24,45.494537353515625
2023-02-27,45.16563415527344
2023-02-28,45.385963439941406
2023-03-01,44.753692626953125
2023-03-02,44.86545944213867
2023-03-03,44.91974639892578
2023-03-06,44.913352966308594
2023-03-07,44.466304779052734
2023-03-08,44.09907531738281
2023-03-09,43.80209732055664
2023-03-10,43.738243103027344
2023-03-13,43.865970611572266
2023-03-14,44.09907531738281
2023-03-15,44.59083938598633
2023-03-16,44.3375358581543
2023-03-17,44.69664764404297
2023-03-20,45.177608489990234
2023-03-21,45.02368927001953
2023-03-22,44.7351188659668
2023-03-23,45.09743881225586
2023-03-24,45.46617126464844
2023-03-27,46.226078033447266
2023-03-28,46.0465202331543
2023-03-29,46.245323181152344
2023-03-30,46.70703887939453
2023-03-31,47.277774810791016
2023-04-03,47.67534637451172
2023-04-04,47.20723342895508
2023-04-05,47.98957443237305
2023-04-06,48.35190200805664
2023-04-10,48.258914947509766
2023-04-11,48.11783218383789
2023-04-12,47.88376998901367
2023-04-13,47.93186950683594
2023-04-14,47.6080322265625
2023-04-17,47.94147872924805
2023-04-18,48.04729461669922
2023-04-19,48.09859848022461
2023-04-20,48.40640640258789
2023-04-21,48.650089263916016
2023-04-24,48.9803352355957
2023-04-25,48.598785400390625
2023-04-26,48.38716506958008
2023-04-27,48.537872314453125
2023-04-28,48.40640640258789
2023-05-01,48.605194091796875
2023-05-02,48.47373962402344
2023-05-03,48.29418182373047
2023-05-04,48.429359436035156
2023-05-05,48.8477783203125
2023-05-08,49.153526306152344
2023-05-09,49.23720932006836
2023-05-10,49.09881591796875
2023-05-11,49.28227233886719
2023-05-12,49.266178131103516
2023-05-15,48.883174896240234
2023-05-16,48.20728302001953
2023-05-17,48.1268196105957
2023-05-18,48.75121307373047
2023-05-19,48.24913024902344
2023-05-22,47.824275970458984
2023-05-23,47.73414993286133
2023-05-24,47.51529312133789
2023-05-25,47.04216384887695
2023-05-26,47.1258544921875
2023-05-30,47.00999450683594
2023-05-31,47.27068328857422
2023-06-01,47.44448471069336
2023-06-02,47.8983039855957
2023-06-05,48.21371078491211
2023-06-06,48.20728302001953
2023-06-07,48.2780876159668
2023-06-08,48.97651672363281
2023-06-09,49.272613525390625
2023-06-12,49.597694396972656
2023-06-13,49.98391342163086
2023-06-14,50.48922348022461
2023-06-15,50.76602554321289
2023-06-16,50.05794143676758
2023-06-20,49.617000579833984
2023-06-21,49.713558197021484
2023-06-22,50.128753662109375
2023-06-23,50.0354118347168
2023-06-26,49.903446197509766
2023-06-27,49.72321319580078
2023-06-28,49.99357986450195
2023-06-29,49.6556282043457
2023-06-30,50.58899688720703
2023-07-03,50.91728973388672
2023-07-05,50.88833236694336
2023-07-06,50.56647491455078
2023-07-07,49.40135955810547
2023-07-10,49.84873962402344
2023-07-11,49.77470397949219
2023-07-12,49.900230407714844
2023-07-13,49.60734558105469
2023-07-14,49.77791976928711
2023-07-17,49.839088439941406
2023-07-18,49.748966217041016
2023-07-19,49.765052795410156
2023-07-20,50.685550689697266
2023-07-21,50.97201156616211
2023-07-24,51.27132797241211
2023-07-25,51.229496002197266
2023-07-26,51.41294479370117
2023-07-27,51.22627258300781
2023-07-28,51.46766662597656
2023-07-31,51.45157241821289
2023-08-01,51.21017837524414
2023-08-02,51.245582580566406
2023-08-03,51.25845718383789
2023-08-04,50.96234893798828
2023-08-07,51.65433883666992
2023-08-08,51.70583724975586
2023-08-09,51.78951644897461
2023-08-10,51.76367950439453
2023-08-11,52.067298889160156
2023-08-14,51.6796989440918
2023-08-15,51.41484069824219
2023-08-16,51.44068145751953
2023-08-17,50.28757858276367
2023-08-18,51.01108932495117
2023-08-21,50.87544250488281
2023-08-22,50.71392822265625
2023-08-23,51.06600570678711
2023-08-24,50.6751708984375
2023-08-25,50.975563049316406
2023-08-28,51.266258239746094
2023-08-29,51.69584274291992
2023-08-30,52.067298889160156
2023-08-31,52.522727966308594
2023-09-01,52.186805725097656
2023-09-05,51.766902923583984
2023-09-06,52.15450668334961
2023-09-07,52.800498962402344
2023-09-08,52.89739990234375
2023-09-11,53.08150863647461
2023-09-12,53.139652252197266
2023-09-13,53.15256881713867
2023-09-14,53.37544250488281
2023-09-15,53.17840576171875
2023-09-18,52.78435134887695
2023-09-19,52.77143096923828
2023-09-20,52.94261169433594
2023-09-21,52.29985046386719
2023-09-22,52.438743591308594
2023-09-25,52.671295166015625
2023-09-26,52.48719024658203
2023-09-27,52.23524856567383
2023-09-28,52.50011444091797
2023-09-29,51.6570930480957
2023-10-02,51.71199417114258
2023-10-03,51.385772705078125
2023-10-04,52.0026969909668
2023-10-05,51.382545471191406
2023-10-06,50.520137786865234
2023-10-09,50.336029052734375
2023-10-10,50.90450668334961
2023-10-11,51.10799026489258
2023-10-12,51.34054183959961
2023-10-13,51.62478256225586
2023-10-16,52.07052230834961
2023-10-17,52.13835906982422
2023-10-18,52.1771125793457
2023-10-19,51.928409576416016
2023-10-20,51.279178619384766
2023-10-23,52.00592041015625
2023-10-24,52.72943878173828
2023-10-25,52.5711784362793
2023-10-26,52.25140380859375
2023-10-27,52.05760192871094
2023-10-30,52.6551513671875
2023-10-31,52.781124114990234
2023-11-01,53.2526969909668
2023-11-02,53.462646484375
2023-11-03,53.184871673583984
2023-11-06,53.25592803955078
2023-11-07,53.504638671875
2023-11-08,53.0685920715332
2023-11-09,52.94584655761719
2023-11-10,53.67905807495117
2023-11-13,54.16032028198242
2023-11-14,54.150634765625
2023-11-15,54.838623046875
2023-11-16,50.4006233215332
2023-11-17,50.177757263183594
2023-11-20,50.16160202026367
2023-11-21,50.34248352050781
2023-11-22,49.9581184387207
2023-11-24,50.40708541870117
2023-11-27,50.63642120361328
2023-11-28,51.24042510986328
2023-11-29,50.413551330566406
2023-11-30,50.28757858276367
2023-12-01,49.85152816772461
2023-12-04,49.83861541748047
2023-12-05,50.30049133300781
2023-12-06,49.754634857177734
2023-12-07,49.427188873291016
2023-12-08,48.908470153808594
2023-12-11,49.03166198730469
2023-12-12,49.07057189941406
2023-12-13,49.94266128540039
2023-12-14,49.33317184448242
2023-12-15,49.51795959472656
2023-12-18,50.24092483520508
2023-12-19,50.42247772216797
2023-12-20,49.83243942260742
2023-12-21,50.1858024597168
2023-12-22,50.78558349609375
2023-12-26,50.707767486572266
2023-12-27,51.18434524536133
2023-12-28,51.08383560180664
2023-12-29,51.10977554321289
2024-01-02,51.641456604003906
2024-01-03,51.64469909667969
2024-01-04,51.14543533325195
2024-01-05,50.80503463745117
2024-01-08,51.304298400878906
2024-01-09,51.6479377746582
2024-01-10,52.28985595703125
2024-01-11,52.231502532958984
2024-01-12,52.299583435058594
2024-01-16,52.46492004394531
2024-01-17,52.218528747558594
2024-01-18,52.92203903198242
2024-01-19,52.643226623535156
2024-01-22,52.64646911621094
2024-01-23,52.77939987182617
2024-01-24,52.03373718261719
2024-01-25,52.7923583984375
2024-01-26,53.25596237182617
2024-01-29,53.50558853149414
2024-01-30,53.68389892578125
2024-01-31,53.57368087768555
2024-02-01,54.56571960449219
2024-02-02,54.97421646118164
2024-02-05,54.679195404052734
2024-02-06,55.0520133972168
2024-02-07,54.91261291503906
2024-02-08,54.90937805175781
2024-02-09,54.88019561767578
2024-02-12,55.210872650146484
2024-02-13,54.83480453491211
2024-02-14,54.659732818603516
2024-02-15,54.88344192504883
2024-02-16,55.230323791503906
2024-02-20,57.01341247558594
2024-02-21,56.31314468383789
2024-02-22,56.86752700805664
2024-02-23,56.91615295410156
2024-02-26,57.966556549072266
2024-02-27,57.95682907104492
2024-02-28,57.98600387573242
2024-02-29,57.003692626953125
2024-03-01,57.14957046508789
2024-03-04,57.674781799316406
2024-03-05,58.39449691772461
2024-03-06,58.909969329833984
2024-03-07,58.705726623535156
2024-03-08,58.47230529785156
2024-03-11,58.99750900268555
2024-03-12,59.72694778442383
2024-03-13,59.60050964355469
2024-03-14,59.54976272583008
2024-03-15,59.217960357666016
2024-03-18,59.393619537353516
2024-03-19,59.40338134765625
2024-03-20,59.77422332763672
2024-03-21,59.96940612792969
2024-03-22,59.40338134765625
2024-03-25,59.11061096191406
2024-03-26,59.05204772949219
2024-03-27,59.256996154785156
2024-03-28,58.720245361328125
2024-04-01,58.55433654785156
2024-04-02,57.73458480834961
2024-04-03,57.998077392578125
2024-04-04,58.06638717651367
2024-04-05,58.407955169677734
2024-04-08,58.33964157104492
2024-04-09,58.349403381347656
2024-04-10,59.15940856933594
2024-04-11,58.64216613769531
2024-04-12,58.69096374511719
2024-04-15,58.48603057861328
2024-04-16,58.398193359375
2024-04-17,58.21277618408203
2024-04-18,57.83216857910156
2024-04-19,58.095664978027344
2024-04-22,58.69096374511719
2024-04-23,57.666263580322266
2024-04-24,58.42747116088867
2024-04-25,58.75928497314453
2024-04-26,58.71049118041992
2024-04-29,58.78855895996094
2024-04-30,57.91999816894531
2024-05-01,57.43204879760742
2024-05-02,58.27132797241211
2024-05-03,58.3786735534668
2024-05-06,58.42747116088867
2024-05-07,59.15940856933594
2024-05-08,58.84711456298828
2024-05-09,59.187904357910156
2024-05-10,59.227081298828125
2024-05-13,59.15852737426758
2024-05-14,58.61991882324219
2024-05-15,58.590545654296875
2024-05-16,62.6839485168457
2024-05-17,63.310691833496094
2024-05-20,62.85042953491211
2024-05-21,63.80031967163086
2024-05-22,63.898258209228516
2024-05-23,63.49674987792969
2024-05-24,64.02556610107422
2024-05-28,63.6926155090332
2024-05-29,63.5750846862793
2024-05-30,63.545719146728516
2024-05-31,64.39769744873047
2024-06-03,64.45645141601562
2024-06-04,65.22029876708984
2024-06-05,65.70014190673828
2024-06-06,65.75890350341797
2024-06-07,64.51521301269531
2024-06-10,65.57283020019531
2024-06-11,65.34761047363281
2024-06-12,64.9363021850586
2024-06-13,65.31822204589844
2024-06-14,65.63158416748047
2024-06-17,66.02330780029297
2024-06-18,66.1995849609375
2024-06-20,66.60108184814453
2024-06-21,66.50315856933594
2024-06-24,67.47264099121094
2024-06-25,66.02330780029297
2024-06-26,66.87529754638672
2024-06-27,66.47377014160156
2024-06-28,66.30729675292969
2024-07-01,66.08206939697266
2024-07-02,66.65984344482422
2024-07-03,66.82630920410156
2024-07-05,68.58902740478516
2024-07-08,68.23648071289062
2024-07-09,68.45193481445312
2024-07-10,68.95137023925781
2024-07-11,68.35400390625
2024-07-12,67.80559539794922
2024-07-15,68.16793823242188
2024-07-16,68.54006958007812
2024-07-17,69.55852508544922
2024-07-18,69.35286712646484
2024-07-19,69.28431701660156
2024-07-22,68.92198181152344
2024-07-23,69.18639373779297
2024-07-24,69.13742065429688
2024-07-25,68.5694351196289
2024-07-26,68.33440399169922
2024-07-29,68.17772674560547
2024-07-30,67.75663757324219
2024-07-31,67.21802520751953
2024-08-01,68.3442153930664
2024-08-02,67.0417709350586
2024-08-05,66.18978118896484
2024-08-06,66.33667755126953
2024-08-07,65.52387237548828
2024-08-08,66.25833892822266
2024-08-09,66.54231262207031
2024-08-12,67.27678680419922
2024-08-13,66.71858978271484
2024-08-14,67.23762512207031
2024-08-15,71.66397857666016
2024-08-16,72.13341522216797
2024-08-19,72.39857482910156
2024-08-20,73.20387268066406
2024-08-21,73.89131927490234
2024-08-22,74.2252426147461
2024-08-23,74.34307861328125
2024-08-26,74.66716003417969
2024-08-27,74.76537322998047
2024-08-28,74.71627807617188
2024-08-29,75.0501708984375
2024-08-30,75.84564971923828
2024-09-03,75.78673553466797
2024-09-04,75.85547637939453
2024-09-05,75.58048248291016
2024-09-06,75.26622772216797
2024-09-09,75.95367431640625
2024-09-10,77.39732360839844
2024-09-11,77.42678833007812
2024-09-12,78.23210906982422
2024-09-13,79.15524291992188
2024-09-16,79.11595916748047
2024-09-17,77.19110870361328
2024-09-18,77.61339569091797
2024-09-19,76.64114379882812
2024-09-20,77.6428451538086
2024-09-23,78.89009094238281
2024-09-24,79.2239990234375
2024-09-25,79.94091033935547
2024-09-26,78.4874267578125
2024-09-27,78.34993743896484
2024-09-30,79.30255889892578
2024-10-01,79.813232421875
2024-10-02,78.9883041381836
2024-10-03,78.9883041381836
2024-10-04,79.48915100097656
2024-10-07,77.68214416503906
2024-10-08,78.28120422363281
2024-10-09,78.95883178710938
2024-10-10,78.18299865722656
2024-10-11,78.66421508789062
2024-10-14,78.85079956054688
2024-10-15,80.1864242553711
2024-10-16,79.76412963867188
2024-10-17,79.44004821777344
2024-10-18,79.8525161743164
2024-10-21,79.36148071289062
2024-10-22,80.54978942871094
2024-10-23,81.77738189697266
2024-10-24,81.551513671875
2024-10-25,81.03102111816406
2024-10-28,81.26670837402344
2024-10-29,80.23552703857422
2024-10-30,79.93109130859375
2024-10-31,80.4810562133789
2024-11-01,80.71675109863281
2024-11-04,80.97209167480469
2024-11-05,82.18004608154297
2024-11-06,81.9443359375
2024-11-07,82.34699249267578
2024-11-08,83.3094253540039
2024-11-11,82.70053100585938
2024-11-12,83.46656036376953
2024-11-13,83.9674072265625
2024-11-14,82.95587921142578
2024-11-15,82.73981475830078
2024-11-18,82.57286834716797
2024-11-19,85.04769897460938
2024-11-20,85.61730194091797
2024-11-21,86.80561828613281
2024-11-22,88.81886291503906
2024-11-25,87.89572143554688
2024-11-26,89.67325592041016
2024-11-27,90.23304748535156
2024-11-29,90.84193420410156
2024-12-02,90.97943115234375
2024-12-03,91.83383178710938
2024-12-04,92.7569808959961
2024-12-05,93.59175109863281
2024-12-06,93.98458862304688
2024-12-09,92.1480941772461
2024-12-10,92.8552017211914
2024-12-11,93.2578353881836
2024-12-12,92.40343475341797
2024-12-13,92.76563262939453
2024-12-16,93.37588500976562
2024-12-17,93.9172134399414
2024-12-18,92.07666778564453
2024-12-19,91.92903900146484
2024-12-20,90.78730010986328
2024-12-23,88.92707061767578
2024-12-24,91.22037506103516
2024-12-26,91.3286361694336
2024-12-27,90.21644592285156
2024-12-30,89.14359283447266
2024-12-31,88.92707061767578
2025-01-02,88.58258819580078
2025-01-03,89.35030364990234
2025-01-06,89.99005889892578
2025-01-07,89.37981414794922
2025-01-08,90.35424041748047
2025-01-10,91.53533935546875
2025-01-13,90.08848571777344
2025-01-14,89.36013793945312
2025-01-15,89.90148162841797
2025-01-16,89.86210632324219
2025-01-17,90.49203491210938
2025-01-21,91.61407470703125
2025-01-22,91.76171875
2025-01-23,92.33258056640625
2025-01-24,93.26761627197266
2025-01-27,95.86602783203125
2025-01-28,95.75776672363281
2025-01-29,95.96446990966797
2025-01-30,97.09635162353516
2025-01-31,96.61406707763672
2025-02-03,97.97233581542969
2025-02-04,99.1829605102539
2025-02-05,100.84634399414062
2025-02-06,101.2302017211914
2025-02-07,99.5569839477539
2025-02-10,101.29908752441406
2025-02-11,100.85619354248047
2025-02-12,101.97823333740234
2025-02-13,103.39556884765625
2025-02-14,102.40145874023438
2025-02-18,102.14556121826172
2025-02-19,102.36209869384766
2025-02-20,95.67903137207031
2025-02-21,93.28730773925781
2025-02-24,92.19478607177734
2025-02-25,96.15147399902344
2025-02-26,94.6849365234375
2025-02-27,95.2656478881836
2025-02-28,97.0569839477539
2025-03-03,96.05303192138672
2025-03-04,93.47431182861328
2025-03-05,94.4684066772461
2025-03-06,93.14950561523438
2025-03-07,90.2754898071289
2025-03-10,86.4369125366211
2025-03-11,86.06290435791016
2025-03-12,83.8581771850586
2025-03-13,83.16919708251953
2025-03-14,84.00581359863281
2025-03-17,86.08258819580078
2025-03-18,84.24203491210938
2025-03-19,84.97039031982422
2025-03-20,84.45856475830078
2025-03-21,84.85828399658203
2025-03-24,86.34858703613281
2025-03-25,83.65420532226562
2025-03-26,84.09832763671875
2025-03-27,84.51284790039062
2025-03-28,84.03910827636719
2025-03-31,86.6446762084961
2025-04-01,87.67111206054688
2025-04-02,88.58895874023438
2025-04-03,86.12158966064453
2025-04-04,82.10469055175781
2025-04-07,82.736328125
2025-04-08,80.72294616699219
2025-04-09,88.4310531616211
2025-04-10,89.4278793334961
2025-04-11,91.58930969238281
2025-04-14,93.49413299560547
2025-04-15,92.7440414428711
2025-04-16,90.00030517578125
2025-04-17,92.00382995605469
2025-04-21,91.20440673828125
2025-04-22,93.61255645751953
2025-04-23,93.72113037109375
2025-04-24,94.58964538574219
2025-04-25,93.84943389892578
2025-04-28,93.97773742675781
2025-04-29,94.78704071044922
2025-04-30,95.98125457763672
2025-05-01,96.13916778564453
2025-05-02,97.46168518066406
2025-05-05,98.03411865234375
2025-05-06,97.2643051147461
2025-05-07,97.5406494140625
2025-05-08,96.15890502929688
2025-05-09,95.68897247314453
2025-05-12,95.71863555908203
2025-05-13,94.85790252685547
2025-05-14,95.79779052734375
2025-05-15,95.3228988647461
2025-05-16,97.19276428222656
2025-05-19,97.07405090332031
2025-05-20,96.75745391845703
2025-05-21,95.40206146240234
2025-05-22,94.90738677978516
2025-05-23,95.31301879882812
2025-05-27,96.53980255126953
2025-05-28,96.20341491699219
2025-05-29,96.06491088867188
2025-05-30,97.66764831542969
2025-06-02,98.7064437866211
2025-06-03,98.91421508789062
2025-06-04,98.29092407226562
2025-06-05,96.91574096679688
2025-06-06,96.43097686767578
2025-06-09,96.41117858886719
2025-06-10,96.28256225585938
2025-06-11,94.77877807617188
2025-06-12,93.81910705566406
2025-06-13,93.43326568603516
2025-06-16,93.28486633300781
2025-06-17,93.24528503417969
2025-06-18,94.07633972167969
2025-06-20,95.09536743164062
2025-06-23,96.82671356201172
2025-06-24,96.95531463623047
2025-06-25,96.22321319580078
2025-06-26,94.99642181396484
2025-06-27,96.23310089111328
2025-06-30,96.73766326904297
2025-07-01,97.19276428222656
2025-07-02,96.56947326660156
2025-07-03,97.31149291992188
2025-07-07,98.29092407226562
2025-07-08,96.05502319335938
2025-07-09,95.77800750732422
2025-07-10,93.84879302978516
2025-07-11,93.39370727539062
2025-07-14,94.75898742675781
2025-07-15,94.37313842773438
2025-07-16,94.13569641113281
2025-07-17,94.07633972167969
2025-07-18,94.03677368164062
2025-07-21,94.65015411376953
2025-07-22,94.8282470703125
2025-07-23,94.66004943847656
2025-07-24,95.57023620605469
2025-07-25,96.43097686767578
2025-07-28,96.56947326660156
2025-07-29,97.28180694580078
2025-07-30,96.54967498779297
2025-07-31,96.93553161621094
2025-08-01,97.44010162353516
2025-08-04,98.52837371826172
2025-08-05,98.25135803222656
2025-08-06,102.2581787109375
2025-08-07,102.020751953125
2025-08-08,102.62423706054688
2025-08-11,102.82209777832031
2025-08-12,102.51541137695312
2025-08-13,99.9134521484375
2025-08-14,99.77494049072266
2025-08-15,99.16506958007812
2025-08-18,99.8592300415039
2025-08-19,100.44430541992188
2025-08-20,101.71361541748047
2025-08-21,97.14209747314453
2025-08-22,96.02154541015625
2025-08-25,95.26788330078125
2025-08-26,95.24805450439453
2025-08-27,95.2778091430664
2025-08-28,95.30754852294922
2025-08-29,96.17029571533203
2025-09-02,97.03302764892578
2025-09-03,98.60974884033203
2025-09-04,100.08731079101562
2025-09-05,99.67082214355469
2025-09-08,101.42604064941406
2025-09-09,101.43595886230469
2025-09-10,99.57164764404297
2025-09-11,101.79295349121094
2025-09-12,102.62593841552734
2025-09-15,102.82426452636719
2025-09-16,102.5565185546875
2025-09-17,103.3994140625
2025-09-18,102.73501586914062
2025-09-19,101.47561645507812
2025-09-22,101.96151733398438
2025-09-23,101.66403198242188
2025-09-24,101.87228393554688
2025-09-25,102.18961334228516
2025-09-26,102.29869079589844
2025-09-29,102.21936798095703
2025-09-30,102.19952392578125
2025-10-01,101.10870361328125
2025-10-02,100.85087585449219
2025-10-03,101.2177963256836
2025-10-06,101.842529296875
2025-10-07,102.37802124023438
2025-10-08,102.04085540771484
2025-10-09,100.9202880859375
2025-10-10,100.98970794677734
2025-10-13,101.26737213134766
2025-10-14,106.31487274169922
2025-10-15,108.11967468261719
2025-10-16,105.5810546875
2025-10-17,106.83053588867188
2025-10-20,106.15621948242188
2025-10-21,105.33314514160156
2025-10-22,106.24546813964844
2025-10-23,105.9677963256836
2025-10-24,105.28356170654297
2025-10-27,103.5977554321289
2025-10-28,102.30860137939453
2025-10-29,101.60453796386719
2025-10-30,101.37646484375
2025-10-31,100.3352279663086
2025-11-03,100.74179077148438
2025-11-04,101.4161148071289
2025-11-05,100.622802734375
2025-11-06,100.83104705810547
2025-11-07,101.73343658447266
2025-11-10,101.56486511230469
2025-11-11,102.57635498046875
2025-11-12,102.57635498046875
2025-11-13,101.68387603759766
2025-11-14,101.62437438964844
2025-11-17,102.09044647216797
2025-11-18,100.54346466064453
2025-11-19,99.76998901367188
2025-11-20,106.21571350097656
2025-11-21,104.4406509399414
2025-11-24,103.19117736816406
2025-11-25,106.10662078857422
2025-11-26,108.18909454345703
2025-11-28,109.58732604980469
2025-12-01,110.59880065917969
2025-12-02,111.47146606445312
2025-12-03,113.45477294921875
2025-12-04,113.88117218017578
2025-12-05,114.14891815185547
2025-12-08,112.61185455322266
2025-12-09,114.09932708740234
2025-12-10,112.23503112792969
2025-12-11,114.55549621582031
2025-12-12,115.96153259277344
2025-12-15,116.05097198486328
2025-12-16,114.68963623046875
2025-12-17,114.92813110351562
2025-12-18,114.1033706665039
2025-12-19,113.6363525390625
2025-12-22,111.88748168945312
2025-12-23,110.1982421875
2025-12-24,110.90374755859375
2025-12-26,111.03292846679688
2025-12-29,111.81793212890625
2025-12-30,111.21178436279297
2025-12-31,110.70502471923828
2026-01-02,112.04647827148438
2026-01-05,111.99679565429688
2026-01-06,113.61647033691406
2026-01-07,112.0067367553711
2026-01-08,112.3545150756836
2026-01-09,113.8052749633789
2026-01-12,117.2235107421875
2026-01-13,119.598388671875
2026-01-14,119.28041076660156
2026-01-15,118.44571685791016
2026-01-16,118.94255828857422
2026-01-20,117.95882415771484
2026-01-21,118.60470581054688
2026-01-22,117.08438873291016
2026-01-23,116.98502349853516
2026-01-26,116.89559936523438
2026-01-27,116.20002746582031
2026-01-28,115.83236694335938
2026-01-29,116.66705322265625
2026-01-30,118.38610076904297
2026-02-02,123.27497100830078
2026-02-03,126.9018783569336
2026-02-04,127.1900405883789
2026-02-05,126.13674926757812
2026-02-06,130.34991455078125
2026-02-09,128.20359802246094
2026-02-10,125.89826202392578
2026-02-11,127.95516204833984
2026-02-12,132.79434204101562
2026-02-13,133.0427703857422
2026-02-17,128.03466796875
2026-02-18,125.81877136230469
2026-02-19,124.07984924316406
2026-02-20,122.21173858642578
2026-02-23,125.0138931274414
2026-02-24,125.94795227050781
2026-02-25,124.95427703857422
2026-02-26,123.63268280029297
2026-02-27,127.14035034179688
2026-03-02,126.29573059082031
2026-03-03,127.1006088256836
2026-03-04,127.00123596191406
2026-03-05,122.52970886230469
2026-03-06,123.01661682128906
2026-03-09,123.55319213867188
2026-03-10,124.32826232910156
2026-03-11,122.70858001708984
2026-03-12,124.53693389892578
2026-03-13,125.71939086914062
2026-03-16,125.19275665283203
2026-03-17,124.28851318359375
2026-03-18,121.20813751220703
2026-03-19,120.32376098632812
2026-03-20,118.50957489013672
2026-03-23,120.2022933959961
2026-03-24,121.5265884399414
2026-03-25,122.5322494506836
2026-03-26,121.6560287475586
2026-03-27,122.36298370361328
2026-03-30,122.97036743164062
2026-03-31,123.74702453613281
2026-04-01,124.20504760742188
2026-04-02,125.25054931640625
2026-04-06,126.24626159667969
2026-04-07,121.9646987915039
2026-04-08,126.71424865722656
2026-04-09,128.57623291015625
2026-04-10,126.2263412475586
2026-04-13,124.03578186035156
2026-04-14,124.51371765136719
2026-04-15,124.22496032714844
2026-04-16,124.28469848632812
2026-04-17,126.95321655273438
2026-04-20,127.37140655517578
2026-04-21,129.04420471191406
2026-04-22,129.42257690429688
2026-04-23,131.4637908935547
2026-04-24,129.3628387451172
2026-04-27,127.04281616210938
2026-04-28,127.04281616210938
2026-04-29,127.46102142333984
2026-04-30,131.36419677734375
2026-05-01,131.03562927246094
2026-05-04,129.7710723876953
2026-05-05,130.22909545898438
2026-05-06,129.52215576171875
2026-05-07,129.64163208007812
2026-05-08,130.1184844970703
2026-05-11,127.28527069091797
2026-05-12,130.0386962890625
2026-05-13,131.156005859375
2026-05-14,132.14364624023438
2026-05-15,131.1360626220703
2026-05-18,133.02154541015625
2026-05-19,133.87948608398438
2026-05-20,130.53749084472656
2026-05-21,121.05020141601562
2026-05-22,119.98275756835938
2026-05-26,118.28681945800781
2026-05-27,118.25688934326172
2026-05-28,118.61603546142578
2026-05-29,115.47355651855469
2026-06-01,114.32630157470703
2026-06-02,112.78997802734375
2026-06-03,116.61083221435547
2026-06-04,117.45880126953125
2026-06-05,118.59607696533203
2026-06-08,119.54381561279297
2026-06-09,118.59607696533203
2026-06-10,120.30199432373047
2026-06-11,120.21221160888672
2026-06-12,120.75092315673828
2026-06-15,120.53144836425781
2026-06-16,120.7409439086914
2026-06-17,117.84786987304688
2026-06-18,116.90013885498047
2026-06-22,116.90013885498047
2026-06-23,119.1347885131836
2026-06-24,118.71578979492188
2026-06-25,115.50347900390625
2026-06-26,115.41370391845703
2026-06-29,114.32630157470703
2026-06-30,112.989501953125
2026-07-01,108.56010437011719
2026-07-02,111.57289123535156
2026-07-06,110.38573455810547
2026-07-07,111.27361297607422
2026-07-08,112.82987976074219
2026-07-09,111.94200897216797
2026-07-10,113.62797546386719
2026-07-13,114.50586700439453
2026-07-14,113.4284439086914
2026-07-15,112.26124572753906
2026-07-16,114.67546081542969
2026-07-17,113.96715545654297
2026-07-20,111.9320297241211
2026-07-21,110.12635803222656
2026-07-22,109.06888580322266
2026-07-23,108.14111328125
2026-07-24,109.20855712890625
2026-07-27,111.47312927246094
2026-07-28,112.82987976074219
2026-07-29,113.94721221923828
2026-07-30,110.83465576171875
2026-07-31,110.93441772460938
2026-08-03,110.44558715820312
2026-08-04,111.28358459472656
2026-08-05,112.07169342041016
2026-08-06,111.8023452758789
2026-08-07,111.58287048339844
2026-08-10,112.39093780517578
2026-08-11,112.989501953125
2026-08-12,115.7329330444336
2026-08-13,115.4436264038086
2026-08-14,114.99469757080078
2026-08-17,114.05694580078125
2026-08-18,114.92486572265625
2026-08-19,114.02702331542969
2026-08-20,103.59199523925781
2026-08-21,103.69999694824219
